TRACE::2026-09-14.20:33:57::SCWPlatform::Trying to open the hw design at C:/ECE520/Vivado/Lab2/axi_gpio_ab/axi_gpio_vitis_T1/axi_gpio_platform_T1/hw/axi_gpio_ab_wrapper_T1.xsa
TRACE::2026-09-14.20:33:57::SCWPlatform::DSA given C:/ECE520/Vivado/Lab2/axi_gpio_ab/axi_gpio_vitis_T1/axi_gpio_platform_T1/hw/axi_gpio_ab_wrapper_T1.xsa
TRACE::2026-09-14.20:33:57::SCWPlatform::DSA absoulate path C:/ECE520/Vivado/Lab2/axi_gpio_ab/axi_gpio_vitis_T1/axi_gpio_platform_T1/hw/axi_gpio_ab_wrapper_T1.xsa
TRACE::2026-09-14.20:33:57::SCWPlatform::DSA directory C:/ECE520/Vivado/Lab2/axi_gpio_ab/axi_gpio_vitis_T1/axi_gpio_platform_T1/hw
TRACE::2026-09-14.20:33:57::SCWPlatform:: Platform Path C:/ECE520/Vivado/Lab2/axi_gpio_ab/axi_gpio_vitis_T1/axi_gpio_platform_T1/hw/axi_gpio_ab_wrapper_T1.xsa
TRACE::2026-09-14.20:33:57::SCWPlatform:: Unique name xilinx:zybo-z7-10::0.0
TRACE::2026-09-14.20:33:57::SCWPlatform::Do not have an existing db opened. 
TRACE::2026-09-14.20:33:59::SCWPlatform::Opened new HwDB with name axi_gpio_ab_wrapper_0
TRACE::2026-09-14.20:33:59::SCWWriter::formatted JSON is {
	"platformName":	"axi_gpio_platform_T1",
	"sprVersion":	"2.0",
	"mode":	"gui",
	"dsaType":	"Fixed",
	"platformDesc":	"axi_gpio_platform_T1",
	"platHandOff":	"C:/ECE520/Vivado/Lab2/axi_gpio_ab/axi_gpio_ab_wrapper_T1.xsa",
	"platIntHandOff":	"<platformDir>/hw/axi_gpio_ab_wrapper_T1.xsa",
	"deviceType":	"zynq",
	"platIsPrebuiltAutogen":	"false",
	"platIsNoBootBsp":	"false",
	"hasFsblMakeHasChanges":	"false",
	"hasPmufwMakeHasChanges":	"false",
	"platPreBuiltFlag":	false,
	"platformSamplesDir":	""
}
TRACE::2026-09-14.20:33:59::SCWWriter::formatted JSON is {
	"platformName":	"axi_gpio_platform_T1",
	"sprVersion":	"2.0",
	"mode":	"gui",
	"dsaType":	"Fixed",
	"platformDesc":	"axi_gpio_platform_T1",
	"platHandOff":	"C:/ECE520/Vivado/Lab2/axi_gpio_ab/axi_gpio_ab_wrapper_T1.xsa",
	"platIntHandOff":	"<platformDir>/hw/axi_gpio_ab_wrapper_T1.xsa",
	"deviceType":	"zynq",
	"platIsPrebuiltAutogen":	"false",
	"platIsNoBootBsp":	"false",
	"hasFsblMakeHasChanges":	"false",
	"hasPmufwMakeHasChanges":	"false",
	"platPreBuiltFlag":	false,
	"platformSamplesDir":	"",
	"platActiveSys":	"axi_gpio_platform_T1",
	"systems":	[{
			"systemName":	"axi_gpio_platform_T1",
			"systemDesc":	"axi_gpio_platform_T1",
			"sysIsBootAutoGen":	"true",
			"systemDispName":	"axi_gpio_platform_T1"
		}]
}
TRACE::2026-09-14.20:33:59::SCWPlatform::Boot application domains not present, creating them
TRACE::2026-09-14.20:33:59::SCWDomain::checking for install qemu data   : 
TRACE::2026-09-14.20:33:59::SCWDomain:: Using the QEMU Data from install at  : C:/Xilinx/Vitis/2023.1/data/emulation/platforms/zynq/sw/a9_standalone/qemu/
TRACE::2026-09-14.20:33:59::SCWDomain:: Using the QEMU args  from install at  : C:/Xilinx/Vitis/2023.1/data/emulation/platforms/zynq/sw/a9_standalone/qemu/qemu_args.txt
TRACE::2026-09-14.20:33:59::SCWPlatform::Trying to open the hw design at C:/ECE520/Vivado/Lab2/axi_gpio_ab/axi_gpio_vitis_T1/axi_gpio_platform_T1/hw/axi_gpio_ab_wrapper_T1.xsa
TRACE::2026-09-14.20:33:59::SCWPlatform::DSA given C:/ECE520/Vivado/Lab2/axi_gpio_ab/axi_gpio_vitis_T1/axi_gpio_platform_T1/hw/axi_gpio_ab_wrapper_T1.xsa
TRACE::2026-09-14.20:33:59::SCWPlatform::DSA absoulate path C:/ECE520/Vivado/Lab2/axi_gpio_ab/axi_gpio_vitis_T1/axi_gpio_platform_T1/hw/axi_gpio_ab_wrapper_T1.xsa
TRACE::2026-09-14.20:33:59::SCWPlatform::DSA directory C:/ECE520/Vivado/Lab2/axi_gpio_ab/axi_gpio_vitis_T1/axi_gpio_platform_T1/hw
TRACE::2026-09-14.20:33:59::SCWPlatform:: Platform Path C:/ECE520/Vivado/Lab2/axi_gpio_ab/axi_gpio_vitis_T1/axi_gpio_platform_T1/hw/axi_gpio_ab_wrapper_T1.xsa
TRACE::2026-09-14.20:33:59::SCWPlatform:: Unique name xilinx:zybo-z7-10::0.0
TRACE::2026-09-14.20:33:59::SCWPlatform::Trying to set the existing hwdb with name axi_gpio_ab_wrapper_0
TRACE::2026-09-14.20:33:59::SCWPlatform::Opened existing hwdb axi_gpio_ab_wrapper_0
TRACE::2026-09-14.20:33:59::SCWPlatform::Found the Hw Db part of the input DSA
TRACE::2026-09-14.20:33:59::SCWPlatform::Trying to open the hw design at C:/ECE520/Vivado/Lab2/axi_gpio_ab/axi_gpio_vitis_T1/axi_gpio_platform_T1/hw/axi_gpio_ab_wrapper_T1.xsa
TRACE::2026-09-14.20:33:59::SCWPlatform::DSA given C:/ECE520/Vivado/Lab2/axi_gpio_ab/axi_gpio_vitis_T1/axi_gpio_platform_T1/hw/axi_gpio_ab_wrapper_T1.xsa
TRACE::2026-09-14.20:33:59::SCWPlatform::DSA absoulate path C:/ECE520/Vivado/Lab2/axi_gpio_ab/axi_gpio_vitis_T1/axi_gpio_platform_T1/hw/axi_gpio_ab_wrapper_T1.xsa
TRACE::2026-09-14.20:33:59::SCWPlatform::DSA directory C:/ECE520/Vivado/Lab2/axi_gpio_ab/axi_gpio_vitis_T1/axi_gpio_platform_T1/hw
TRACE::2026-09-14.20:33:59::SCWPlatform:: Platform Path C:/ECE520/Vivado/Lab2/axi_gpio_ab/axi_gpio_vitis_T1/axi_gpio_platform_T1/hw/axi_gpio_ab_wrapper_T1.xsa
TRACE::2026-09-14.20:33:59::SCWPlatform:: Unique name xilinx:zybo-z7-10::0.0
TRACE::2026-09-14.20:33:59::SCWPlatform::Trying to set the existing hwdb with name axi_gpio_ab_wrapper_0
TRACE::2026-09-14.20:33:59::SCWPlatform::Opened existing hwdb axi_gpio_ab_wrapper_0
TRACE::2026-09-14.20:33:59::SCWPlatform::Found the Hw Db part of the input DSA
TRACE::2026-09-14.20:33:59::SCWPlatform::Trying to open the hw design at C:/ECE520/Vivado/Lab2/axi_gpio_ab/axi_gpio_vitis_T1/axi_gpio_platform_T1/hw/axi_gpio_ab_wrapper_T1.xsa
TRACE::2026-09-14.20:33:59::SCWPlatform::DSA given C:/ECE520/Vivado/Lab2/axi_gpio_ab/axi_gpio_vitis_T1/axi_gpio_platform_T1/hw/axi_gpio_ab_wrapper_T1.xsa
TRACE::2026-09-14.20:33:59::SCWPlatform::DSA absoulate path C:/ECE520/Vivado/Lab2/axi_gpio_ab/axi_gpio_vitis_T1/axi_gpio_platform_T1/hw/axi_gpio_ab_wrapper_T1.xsa
TRACE::2026-09-14.20:33:59::SCWPlatform::DSA directory C:/ECE520/Vivado/Lab2/axi_gpio_ab/axi_gpio_vitis_T1/axi_gpio_platform_T1/hw
TRACE::2026-09-14.20:33:59::SCWPlatform:: Platform Path C:/ECE520/Vivado/Lab2/axi_gpio_ab/axi_gpio_vitis_T1/axi_gpio_platform_T1/hw/axi_gpio_ab_wrapper_T1.xsa
TRACE::2026-09-14.20:33:59::SCWPlatform:: Unique name xilinx:zybo-z7-10::0.0
TRACE::2026-09-14.20:33:59::SCWPlatform::Trying to set the existing hwdb with name axi_gpio_ab_wrapper_0
TRACE::2026-09-14.20:33:59::SCWPlatform::Opened existing hwdb axi_gpio_ab_wrapper_0
TRACE::2026-09-14.20:33:59::SCWPlatform::Found the Hw Db part of the input DSA
TRACE::2026-09-14.20:33:59::SCWPlatform::Boot application domain added for zynq_fsbl
TRACE::2026-09-14.20:33:59::SCWPlatform::Generating the sources  .
TRACE::2026-09-14.20:33:59::SCWBDomain::Generating boot domain sources.
TRACE::2026-09-14.20:33:59::SCWBDomain:: Generating the zynq_fsbl Application.
TRACE::2026-09-14.20:33:59::SCWPlatform::Trying to open the hw design at C:/ECE520/Vivado/Lab2/axi_gpio_ab/axi_gpio_vitis_T1/axi_gpio_platform_T1/hw/axi_gpio_ab_wrapper_T1.xsa
TRACE::2026-09-14.20:33:59::SCWPlatform::DSA given C:/ECE520/Vivado/Lab2/axi_gpio_ab/axi_gpio_vitis_T1/axi_gpio_platform_T1/hw/axi_gpio_ab_wrapper_T1.xsa
TRACE::2026-09-14.20:33:59::SCWPlatform::DSA absoulate path C:/ECE520/Vivado/Lab2/axi_gpio_ab/axi_gpio_vitis_T1/axi_gpio_platform_T1/hw/axi_gpio_ab_wrapper_T1.xsa
TRACE::2026-09-14.20:33:59::SCWPlatform::DSA directory C:/ECE520/Vivado/Lab2/axi_gpio_ab/axi_gpio_vitis_T1/axi_gpio_platform_T1/hw
TRACE::2026-09-14.20:33:59::SCWPlatform:: Platform Path C:/ECE520/Vivado/Lab2/axi_gpio_ab/axi_gpio_vitis_T1/axi_gpio_platform_T1/hw/axi_gpio_ab_wrapper_T1.xsa
TRACE::2026-09-14.20:33:59::SCWPlatform:: Unique name xilinx:zybo-z7-10::0.0
TRACE::2026-09-14.20:33:59::SCWPlatform::Trying to set the existing hwdb with name axi_gpio_ab_wrapper_0
TRACE::2026-09-14.20:33:59::SCWPlatform::Opened existing hwdb axi_gpio_ab_wrapper_0
TRACE::2026-09-14.20:33:59::SCWPlatform::Found the Hw Db part of the input DSA
TRACE::2026-09-14.20:33:59::SCWMssOS::Checking the sw design at  C:/ECE520/Vivado/Lab2/axi_gpio_ab/axi_gpio_vitis_T1/axi_gpio_platform_T1/zynq_fsbl/zynq_fsbl_bsp/system.mss
TRACE::2026-09-14.20:33:59::SCWMssOS::DEBUG:  swdes dump  
TRACE::2026-09-14.20:33:59::SCWMssOS::No sw design opened at  C:/ECE520/Vivado/Lab2/axi_gpio_ab/axi_gpio_vitis_T1/axi_gpio_platform_T1/zynq_fsbl/zynq_fsbl_bsp/system.mss
TRACE::2026-09-14.20:33:59::SCWMssOS::mss does not exists at C:/ECE520/Vivado/Lab2/axi_gpio_ab/axi_gpio_vitis_T1/axi_gpio_platform_T1/zynq_fsbl/zynq_fsbl_bsp/system.mss
TRACE::2026-09-14.20:33:59::SCWMssOS::Creating sw design at  C:/ECE520/Vivado/Lab2/axi_gpio_ab/axi_gpio_vitis_T1/axi_gpio_platform_T1/zynq_fsbl/zynq_fsbl_bsp/system.mss
TRACE::2026-09-14.20:33:59::SCWMssOS::Adding the swdes entry, created swdb C:/ECE520/Vivado/Lab2/axi_gpio_ab/axi_gpio_vitis_T1/axi_gpio_platform_T1/zynq_fsbl/zynq_fsbl_bsp/system.mss with des name C:/ECE520/Vivado/Lab2/axi_gpio_ab/axi_gpio_vitis_T1/axi_gpio_platform_T1/zynq_fsbl/zynq_fsbl_bsp/system.mss
TRACE::2026-09-14.20:33:59::SCWMssOS::updating the scw layer changes to swdes at   C:/ECE520/Vivado/Lab2/axi_gpio_ab/axi_gpio_vitis_T1/axi_gpio_platform_T1/zynq_fsbl/zynq_fsbl_bsp/system.mss
TRACE::2026-09-14.20:33:59::SCWMssOS::Writing mss at C:/ECE520/Vivado/Lab2/axi_gpio_ab/axi_gpio_vitis_T1/axi_gpio_platform_T1/zynq_fsbl/zynq_fsbl_bsp/system.mss
TRACE::2026-09-14.20:33:59::SCWMssOS::Completed writing the mss file at C:/ECE520/Vivado/Lab2/axi_gpio_ab/axi_gpio_vitis_T1/axi_gpio_platform_T1/zynq_fsbl/zynq_fsbl_bsp
TRACE::2026-09-14.20:33:59::SCWMssOS::Picking up changes from newly written mss file into SCW Layer. 
TRACE::2026-09-14.20:33:59::SCWMssOS::Updated the changes from newly written mss file into SCW Layer. 
TRACE::2026-09-14.20:33:59::SCWBDomain::Completed writing the mss file at C:/ECE520/Vivado/Lab2/axi_gpio_ab/axi_gpio_vitis_T1/axi_gpio_platform_T1/zynq_fsbl/zynq_fsbl_bsp
TRACE::2026-09-14.20:34:05::SCWPlatform::Generating sources Done.
TRACE::2026-09-14.20:34:05::SCWPlatform::Trying to open the hw design at C:/ECE520/Vivado/Lab2/axi_gpio_ab/axi_gpio_vitis_T1/axi_gpio_platform_T1/hw/axi_gpio_ab_wrapper_T1.xsa
TRACE::2026-09-14.20:34:05::SCWPlatform::DSA given C:/ECE520/Vivado/Lab2/axi_gpio_ab/axi_gpio_vitis_T1/axi_gpio_platform_T1/hw/axi_gpio_ab_wrapper_T1.xsa
TRACE::2026-09-14.20:34:05::SCWPlatform::DSA absoulate path C:/ECE520/Vivado/Lab2/axi_gpio_ab/axi_gpio_vitis_T1/axi_gpio_platform_T1/hw/axi_gpio_ab_wrapper_T1.xsa
TRACE::2026-09-14.20:34:05::SCWPlatform::DSA directory C:/ECE520/Vivado/Lab2/axi_gpio_ab/axi_gpio_vitis_T1/axi_gpio_platform_T1/hw
TRACE::2026-09-14.20:34:05::SCWPlatform:: Platform Path C:/ECE520/Vivado/Lab2/axi_gpio_ab/axi_gpio_vitis_T1/axi_gpio_platform_T1/hw/axi_gpio_ab_wrapper_T1.xsa
TRACE::2026-09-14.20:34:05::SCWPlatform:: Unique name xilinx:zybo-z7-10::0.0
TRACE::2026-09-14.20:34:05::SCWPlatform::Trying to set the existing hwdb with name axi_gpio_ab_wrapper_0
TRACE::2026-09-14.20:34:05::SCWPlatform::Opened existing hwdb axi_gpio_ab_wrapper_0
TRACE::2026-09-14.20:34:05::SCWPlatform::Found the Hw Db part of the input DSA
TRACE::2026-09-14.20:34:05::SCWMssOS::Checking the sw design at  C:/ECE520/Vivado/Lab2/axi_gpio_ab/axi_gpio_vitis_T1/axi_gpio_platform_T1/zynq_fsbl/zynq_fsbl_bsp/system.mss
TRACE::2026-09-14.20:34:05::SCWMssOS::DEBUG:  swdes dump  
TRACE::2026-09-14.20:34:05::SCWMssOS::No sw design opened at  C:/ECE520/Vivado/Lab2/axi_gpio_ab/axi_gpio_vitis_T1/axi_gpio_platform_T1/zynq_fsbl/zynq_fsbl_bsp/system.mss
TRACE::2026-09-14.20:34:05::SCWMssOS::mss exists loading the mss file  C:/ECE520/Vivado/Lab2/axi_gpio_ab/axi_gpio_vitis_T1/axi_gpio_platform_T1/zynq_fsbl/zynq_fsbl_bsp/system.mss
TRACE::2026-09-14.20:34:05::SCWMssOS::Opened the sw design from mss  C:/ECE520/Vivado/Lab2/axi_gpio_ab/axi_gpio_vitis_T1/axi_gpio_platform_T1/zynq_fsbl/zynq_fsbl_bsp/system.mss
TRACE::2026-09-14.20:34:05::SCWMssOS::Adding the swdes entry C:/ECE520/Vivado/Lab2/axi_gpio_ab/axi_gpio_vitis_T1/axi_gpio_platform_T1/zynq_fsbl/zynq_fsbl_bsp/system.mss with des name system
TRACE::2026-09-14.20:34:05::SCWMssOS::updating the scw layer about changes
TRACE::2026-09-14.20:34:05::SCWMssOS::Opened the sw design.  C:/ECE520/Vivado/Lab2/axi_gpio_ab/axi_gpio_vitis_T1/axi_gpio_platform_T1/zynq_fsbl/zynq_fsbl_bsp/system.mss
TRACE::2026-09-14.20:34:05::SCWMssOS::Saving the mss changes C:/ECE520/Vivado/Lab2/axi_gpio_ab/axi_gpio_vitis_T1/axi_gpio_platform_T1/zynq_fsbl/zynq_fsbl_bsp/system.mss
TRACE::2026-09-14.20:34:05::SCWMssOS::Found a swdesign opened with the mssfile.
TRACE::2026-09-14.20:34:05::SCWMssOS::Completed writemss as part of save.
TRACE::2026-09-14.20:34:05::SCWMssOS::Commit changes completed.
TRACE::2026-09-14.20:34:05::SCWPlatform::Trying to open the hw design at C:/ECE520/Vivado/Lab2/axi_gpio_ab/axi_gpio_vitis_T1/axi_gpio_platform_T1/hw/axi_gpio_ab_wrapper_T1.xsa
TRACE::2026-09-14.20:34:05::SCWPlatform::DSA given C:/ECE520/Vivado/Lab2/axi_gpio_ab/axi_gpio_vitis_T1/axi_gpio_platform_T1/hw/axi_gpio_ab_wrapper_T1.xsa
TRACE::2026-09-14.20:34:05::SCWPlatform::DSA absoulate path C:/ECE520/Vivado/Lab2/axi_gpio_ab/axi_gpio_vitis_T1/axi_gpio_platform_T1/hw/axi_gpio_ab_wrapper_T1.xsa
TRACE::2026-09-14.20:34:05::SCWPlatform::DSA directory C:/ECE520/Vivado/Lab2/axi_gpio_ab/axi_gpio_vitis_T1/axi_gpio_platform_T1/hw
TRACE::2026-09-14.20:34:05::SCWPlatform:: Platform Path C:/ECE520/Vivado/Lab2/axi_gpio_ab/axi_gpio_vitis_T1/axi_gpio_platform_T1/hw/axi_gpio_ab_wrapper_T1.xsa
TRACE::2026-09-14.20:34:05::SCWPlatform:: Unique name xilinx:zybo-z7-10::0.0
TRACE::2026-09-14.20:34:05::SCWPlatform::Trying to set the existing hwdb with name axi_gpio_ab_wrapper_0
TRACE::2026-09-14.20:34:05::SCWPlatform::Opened existing hwdb axi_gpio_ab_wrapper_0
TRACE::2026-09-14.20:34:05::SCWPlatform::Found the Hw Db part of the input DSA
TRACE::2026-09-14.20:34:05::SCWMssOS::Checking the sw design at  C:/ECE520/Vivado/Lab2/axi_gpio_ab/axi_gpio_vitis_T1/axi_gpio_platform_T1/zynq_fsbl/zynq_fsbl_bsp/system.mss
TRACE::2026-09-14.20:34:05::SCWMssOS::DEBUG:  swdes dump  C:/ECE520/Vivado/Lab2/axi_gpio_ab/axi_gpio_vitis_T1/axi_gpio_platform_T1/zynq_fsbl/zynq_fsbl_bsp/system.mss|system||

TRACE::2026-09-14.20:34:05::SCWMssOS::Sw design exists and opened at  C:/ECE520/Vivado/Lab2/axi_gpio_ab/axi_gpio_vitis_T1/axi_gpio_platform_T1/zynq_fsbl/zynq_fsbl_bsp/system.mss
TRACE::2026-09-14.20:34:05::SCWPlatform::Trying to open the hw design at C:/ECE520/Vivado/Lab2/axi_gpio_ab/axi_gpio_vitis_T1/axi_gpio_platform_T1/hw/axi_gpio_ab_wrapper_T1.xsa
TRACE::2026-09-14.20:34:05::SCWPlatform::DSA given C:/ECE520/Vivado/Lab2/axi_gpio_ab/axi_gpio_vitis_T1/axi_gpio_platform_T1/hw/axi_gpio_ab_wrapper_T1.xsa
TRACE::2026-09-14.20:34:05::SCWPlatform::DSA absoulate path C:/ECE520/Vivado/Lab2/axi_gpio_ab/axi_gpio_vitis_T1/axi_gpio_platform_T1/hw/axi_gpio_ab_wrapper_T1.xsa
TRACE::2026-09-14.20:34:05::SCWPlatform::DSA directory C:/ECE520/Vivado/Lab2/axi_gpio_ab/axi_gpio_vitis_T1/axi_gpio_platform_T1/hw
TRACE::2026-09-14.20:34:05::SCWPlatform:: Platform Path C:/ECE520/Vivado/Lab2/axi_gpio_ab/axi_gpio_vitis_T1/axi_gpio_platform_T1/hw/axi_gpio_ab_wrapper_T1.xsa
TRACE::2026-09-14.20:34:05::SCWPlatform:: Unique name xilinx:zybo-z7-10::0.0
TRACE::2026-09-14.20:34:05::SCWPlatform::Trying to set the existing hwdb with name axi_gpio_ab_wrapper_0
TRACE::2026-09-14.20:34:05::SCWPlatform::Opened existing hwdb axi_gpio_ab_wrapper_0
TRACE::2026-09-14.20:34:05::SCWPlatform::Found the Hw Db part of the input DSA
TRACE::2026-09-14.20:34:05::SCWMssOS::Checking the sw design at  C:/ECE520/Vivado/Lab2/axi_gpio_ab/axi_gpio_vitis_T1/axi_gpio_platform_T1/zynq_fsbl/zynq_fsbl_bsp/system.mss
TRACE::2026-09-14.20:34:05::SCWMssOS::DEBUG:  swdes dump  C:/ECE520/Vivado/Lab2/axi_gpio_ab/axi_gpio_vitis_T1/axi_gpio_platform_T1/zynq_fsbl/zynq_fsbl_bsp/system.mss|system||

TRACE::2026-09-14.20:34:05::SCWMssOS::Sw design exists and opened at  C:/ECE520/Vivado/Lab2/axi_gpio_ab/axi_gpio_vitis_T1/axi_gpio_platform_T1/zynq_fsbl/zynq_fsbl_bsp/system.mss
TRACE::2026-09-14.20:34:05::SCWPlatform::Trying to open the hw design at C:/ECE520/Vivado/Lab2/axi_gpio_ab/axi_gpio_vitis_T1/axi_gpio_platform_T1/hw/axi_gpio_ab_wrapper_T1.xsa
TRACE::2026-09-14.20:34:05::SCWPlatform::DSA given C:/ECE520/Vivado/Lab2/axi_gpio_ab/axi_gpio_vitis_T1/axi_gpio_platform_T1/hw/axi_gpio_ab_wrapper_T1.xsa
TRACE::2026-09-14.20:34:05::SCWPlatform::DSA absoulate path C:/ECE520/Vivado/Lab2/axi_gpio_ab/axi_gpio_vitis_T1/axi_gpio_platform_T1/hw/axi_gpio_ab_wrapper_T1.xsa
TRACE::2026-09-14.20:34:05::SCWPlatform::DSA directory C:/ECE520/Vivado/Lab2/axi_gpio_ab/axi_gpio_vitis_T1/axi_gpio_platform_T1/hw
TRACE::2026-09-14.20:34:05::SCWPlatform:: Platform Path C:/ECE520/Vivado/Lab2/axi_gpio_ab/axi_gpio_vitis_T1/axi_gpio_platform_T1/hw/axi_gpio_ab_wrapper_T1.xsa
TRACE::2026-09-14.20:34:05::SCWPlatform:: Unique name xilinx:zybo-z7-10::0.0
TRACE::2026-09-14.20:34:05::SCWPlatform::Trying to set the existing hwdb with name axi_gpio_ab_wrapper_0
TRACE::2026-09-14.20:34:05::SCWPlatform::Opened existing hwdb axi_gpio_ab_wrapper_0
TRACE::2026-09-14.20:34:05::SCWPlatform::Found the Hw Db part of the input DSA
TRACE::2026-09-14.20:34:05::SCWMssOS::Checking the sw design at  C:/ECE520/Vivado/Lab2/axi_gpio_ab/axi_gpio_vitis_T1/axi_gpio_platform_T1/zynq_fsbl/zynq_fsbl_bsp/system.mss
TRACE::2026-09-14.20:34:05::SCWMssOS::DEBUG:  swdes dump  C:/ECE520/Vivado/Lab2/axi_gpio_ab/axi_gpio_vitis_T1/axi_gpio_platform_T1/zynq_fsbl/zynq_fsbl_bsp/system.mss|system||

TRACE::2026-09-14.20:34:05::SCWMssOS::Sw design exists and opened at  C:/ECE520/Vivado/Lab2/axi_gpio_ab/axi_gpio_vitis_T1/axi_gpio_platform_T1/zynq_fsbl/zynq_fsbl_bsp/system.mss
TRACE::2026-09-14.20:34:05::SCWWriter::formatted JSON is {
	"platformName":	"axi_gpio_platform_T1",
	"sprVersion":	"2.0",
	"mode":	"gui",
	"dsaType":	"Fixed",
	"platformDesc":	"axi_gpio_platform_T1",
	"platHandOff":	"C:/ECE520/Vivado/Lab2/axi_gpio_ab/axi_gpio_ab_wrapper_T1.xsa",
	"platIntHandOff":	"<platformDir>/hw/axi_gpio_ab_wrapper_T1.xsa",
	"deviceType":	"zynq",
	"platIsPrebuiltAutogen":	"false",
	"platIsNoBootBsp":	"false",
	"platFsblTarget":	"ps7_cortexa9_0",
	"hasFsblMakeHasChanges":	"false",
	"hasPmufwMakeHasChanges":	"false",
	"fsblExtraCompilerFlags":	"-MMD -MP       -mcpu=cortex-a9 -mfpu=vfpv3 -mfloat-abi=hard ",
	"platPreBuiltFlag":	false,
	"platformSamplesDir":	"",
	"platActiveSys":	"axi_gpio_platform_T1",
	"systems":	[{
			"systemName":	"axi_gpio_platform_T1",
			"systemDesc":	"axi_gpio_platform_T1",
			"sysIsBootAutoGen":	"true",
			"systemDispName":	"axi_gpio_platform_T1",
			"sysActiveDom":	"zynq_fsbl",
			"sysDefaultDom":	"",
			"domains":	[{
					"domainName":	"zynq_fsbl",
					"domainDispName":	"zynq_fsbl",
					"domainDesc":	"FSBL Application BSP - Auto Generated.",
					"processors":	"ps7_cortexa9_0",
					"os":	"standalone",
					"sdxOs":	"standalone",
					"debugEnable":	"",
					"domRuntimes":	["cpp"],
					"swRepo":	"",
					"mssOsVer":	"8.1",
					"mssFile":	"",
					"md5Digest":	"65693ccea2e90031f2dc4733d5bd991b",
					"compatibleApp":	"zynq_fsbl",
					"domType":	"bootDomain",
					"arch":	"32-bit",
					"appSettings":	{
						"appCompilerFlags":	"",
						"appLinkerFlags":	""
					},
					"addedLibs":	["xilffs:5.0", "xilrsa:1.6"],
					"libOptions":	{
						"libsContainingOptions":	[]
					},
					"prebuiltLibs":	{
						"prebuiltIncPath":	[],
						"prebuiltLibPath":	[]
					},
					"isolation":	{
					}
				}]
		}]
}
TRACE::2026-09-14.20:34:05::SCWPlatform::Trying to open the hw design at C:/ECE520/Vivado/Lab2/axi_gpio_ab/axi_gpio_vitis_T1/axi_gpio_platform_T1/hw/axi_gpio_ab_wrapper_T1.xsa
TRACE::2026-09-14.20:34:05::SCWPlatform::DSA given C:/ECE520/Vivado/Lab2/axi_gpio_ab/axi_gpio_vitis_T1/axi_gpio_platform_T1/hw/axi_gpio_ab_wrapper_T1.xsa
TRACE::2026-09-14.20:34:05::SCWPlatform::DSA absoulate path C:/ECE520/Vivado/Lab2/axi_gpio_ab/axi_gpio_vitis_T1/axi_gpio_platform_T1/hw/axi_gpio_ab_wrapper_T1.xsa
TRACE::2026-09-14.20:34:05::SCWPlatform::DSA directory C:/ECE520/Vivado/Lab2/axi_gpio_ab/axi_gpio_vitis_T1/axi_gpio_platform_T1/hw
TRACE::2026-09-14.20:34:05::SCWPlatform:: Platform Path C:/ECE520/Vivado/Lab2/axi_gpio_ab/axi_gpio_vitis_T1/axi_gpio_platform_T1/hw/axi_gpio_ab_wrapper_T1.xsa
TRACE::2026-09-14.20:34:05::SCWPlatform:: Unique name xilinx:zybo-z7-10::0.0
TRACE::2026-09-14.20:34:05::SCWPlatform::Trying to set the existing hwdb with name axi_gpio_ab_wrapper_0
TRACE::2026-09-14.20:34:05::SCWPlatform::Opened existing hwdb axi_gpio_ab_wrapper_0
TRACE::2026-09-14.20:34:05::SCWPlatform::Found the Hw Db part of the input DSA
TRACE::2026-09-14.20:34:05::SCWPlatform::Trying to open the hw design at C:/ECE520/Vivado/Lab2/axi_gpio_ab/axi_gpio_vitis_T1/axi_gpio_platform_T1/hw/axi_gpio_ab_wrapper_T1.xsa
TRACE::2026-09-14.20:34:05::SCWPlatform::DSA given C:/ECE520/Vivado/Lab2/axi_gpio_ab/axi_gpio_vitis_T1/axi_gpio_platform_T1/hw/axi_gpio_ab_wrapper_T1.xsa
TRACE::2026-09-14.20:34:05::SCWPlatform::DSA absoulate path C:/ECE520/Vivado/Lab2/axi_gpio_ab/axi_gpio_vitis_T1/axi_gpio_platform_T1/hw/axi_gpio_ab_wrapper_T1.xsa
TRACE::2026-09-14.20:34:05::SCWPlatform::DSA directory C:/ECE520/Vivado/Lab2/axi_gpio_ab/axi_gpio_vitis_T1/axi_gpio_platform_T1/hw
TRACE::2026-09-14.20:34:05::SCWPlatform:: Platform Path C:/ECE520/Vivado/Lab2/axi_gpio_ab/axi_gpio_vitis_T1/axi_gpio_platform_T1/hw/axi_gpio_ab_wrapper_T1.xsa
TRACE::2026-09-14.20:34:05::SCWPlatform:: Unique name xilinx:zybo-z7-10::0.0
TRACE::2026-09-14.20:34:05::SCWPlatform::Trying to set the existing hwdb with name axi_gpio_ab_wrapper_0
TRACE::2026-09-14.20:34:05::SCWPlatform::Opened existing hwdb axi_gpio_ab_wrapper_0
TRACE::2026-09-14.20:34:05::SCWPlatform::Found the Hw Db part of the input DSA
TRACE::2026-09-14.20:34:05::SCWDomain::checking for install qemu data   : 
TRACE::2026-09-14.20:34:05::SCWDomain:: Using the QEMU Data from install at  : C:/Xilinx/Vitis/2023.1/data/emulation/platforms/zynq/sw/a9_standalone/qemu/
TRACE::2026-09-14.20:34:05::SCWDomain:: Using the QEMU args  from install at  : C:/Xilinx/Vitis/2023.1/data/emulation/platforms/zynq/sw/a9_standalone/qemu/qemu_args.txt
TRACE::2026-09-14.20:34:05::SCWPlatform::Trying to open the hw design at C:/ECE520/Vivado/Lab2/axi_gpio_ab/axi_gpio_vitis_T1/axi_gpio_platform_T1/hw/axi_gpio_ab_wrapper_T1.xsa
TRACE::2026-09-14.20:34:05::SCWPlatform::DSA given C:/ECE520/Vivado/Lab2/axi_gpio_ab/axi_gpio_vitis_T1/axi_gpio_platform_T1/hw/axi_gpio_ab_wrapper_T1.xsa
TRACE::2026-09-14.20:34:05::SCWPlatform::DSA absoulate path C:/ECE520/Vivado/Lab2/axi_gpio_ab/axi_gpio_vitis_T1/axi_gpio_platform_T1/hw/axi_gpio_ab_wrapper_T1.xsa
TRACE::2026-09-14.20:34:05::SCWPlatform::DSA directory C:/ECE520/Vivado/Lab2/axi_gpio_ab/axi_gpio_vitis_T1/axi_gpio_platform_T1/hw
TRACE::2026-09-14.20:34:05::SCWPlatform:: Platform Path C:/ECE520/Vivado/Lab2/axi_gpio_ab/axi_gpio_vitis_T1/axi_gpio_platform_T1/hw/axi_gpio_ab_wrapper_T1.xsa
TRACE::2026-09-14.20:34:05::SCWPlatform:: Unique name xilinx:zybo-z7-10::0.0
TRACE::2026-09-14.20:34:05::SCWPlatform::Trying to set the existing hwdb with name axi_gpio_ab_wrapper_0
TRACE::2026-09-14.20:34:05::SCWPlatform::Opened existing hwdb axi_gpio_ab_wrapper_0
TRACE::2026-09-14.20:34:05::SCWPlatform::Found the Hw Db part of the input DSA
TRACE::2026-09-14.20:34:05::SCWPlatform::Trying to open the hw design at C:/ECE520/Vivado/Lab2/axi_gpio_ab/axi_gpio_vitis_T1/axi_gpio_platform_T1/hw/axi_gpio_ab_wrapper_T1.xsa
TRACE::2026-09-14.20:34:05::SCWPlatform::DSA given C:/ECE520/Vivado/Lab2/axi_gpio_ab/axi_gpio_vitis_T1/axi_gpio_platform_T1/hw/axi_gpio_ab_wrapper_T1.xsa
TRACE::2026-09-14.20:34:05::SCWPlatform::DSA absoulate path C:/ECE520/Vivado/Lab2/axi_gpio_ab/axi_gpio_vitis_T1/axi_gpio_platform_T1/hw/axi_gpio_ab_wrapper_T1.xsa
TRACE::2026-09-14.20:34:05::SCWPlatform::DSA directory C:/ECE520/Vivado/Lab2/axi_gpio_ab/axi_gpio_vitis_T1/axi_gpio_platform_T1/hw
TRACE::2026-09-14.20:34:05::SCWPlatform:: Platform Path C:/ECE520/Vivado/Lab2/axi_gpio_ab/axi_gpio_vitis_T1/axi_gpio_platform_T1/hw/axi_gpio_ab_wrapper_T1.xsa
TRACE::2026-09-14.20:34:05::SCWPlatform:: Unique name xilinx:zybo-z7-10::0.0
TRACE::2026-09-14.20:34:05::SCWPlatform::Trying to set the existing hwdb with name axi_gpio_ab_wrapper_0
TRACE::2026-09-14.20:34:05::SCWPlatform::Opened existing hwdb axi_gpio_ab_wrapper_0
TRACE::2026-09-14.20:34:05::SCWPlatform::Found the Hw Db part of the input DSA
TRACE::2026-09-14.20:34:05::SCWDomain::Qemu Directory name is changed from "" to "qemu"
TRACE::2026-09-14.20:34:05::SCWPlatform::Trying to open the hw design at C:/ECE520/Vivado/Lab2/axi_gpio_ab/axi_gpio_vitis_T1/axi_gpio_platform_T1/hw/axi_gpio_ab_wrapper_T1.xsa
TRACE::2026-09-14.20:34:05::SCWPlatform::DSA given C:/ECE520/Vivado/Lab2/axi_gpio_ab/axi_gpio_vitis_T1/axi_gpio_platform_T1/hw/axi_gpio_ab_wrapper_T1.xsa
TRACE::2026-09-14.20:34:05::SCWPlatform::DSA absoulate path C:/ECE520/Vivado/Lab2/axi_gpio_ab/axi_gpio_vitis_T1/axi_gpio_platform_T1/hw/axi_gpio_ab_wrapper_T1.xsa
TRACE::2026-09-14.20:34:05::SCWPlatform::DSA directory C:/ECE520/Vivado/Lab2/axi_gpio_ab/axi_gpio_vitis_T1/axi_gpio_platform_T1/hw
TRACE::2026-09-14.20:34:05::SCWPlatform:: Platform Path C:/ECE520/Vivado/Lab2/axi_gpio_ab/axi_gpio_vitis_T1/axi_gpio_platform_T1/hw/axi_gpio_ab_wrapper_T1.xsa
TRACE::2026-09-14.20:34:05::SCWPlatform:: Unique name xilinx:zybo-z7-10::0.0
TRACE::2026-09-14.20:34:05::SCWPlatform::Trying to set the existing hwdb with name axi_gpio_ab_wrapper_0
TRACE::2026-09-14.20:34:05::SCWPlatform::Opened existing hwdb axi_gpio_ab_wrapper_0
TRACE::2026-09-14.20:34:05::SCWPlatform::Found the Hw Db part of the input DSA
TRACE::2026-09-14.20:34:05::SCWMssOS::Checking the sw design at  C:/ECE520/Vivado/Lab2/axi_gpio_ab/axi_gpio_vitis_T1/axi_gpio_platform_T1/ps7_cortexa9_0/standalone_domain/bsp/system.mss
TRACE::2026-09-14.20:34:05::SCWMssOS::DEBUG:  swdes dump  C:/ECE520/Vivado/Lab2/axi_gpio_ab/axi_gpio_vitis_T1/axi_gpio_platform_T1/zynq_fsbl/zynq_fsbl_bsp/system.mss|system||

TRACE::2026-09-14.20:34:05::SCWMssOS::No sw design opened at  C:/ECE520/Vivado/Lab2/axi_gpio_ab/axi_gpio_vitis_T1/axi_gpio_platform_T1/ps7_cortexa9_0/standalone_domain/bsp/system.mss
TRACE::2026-09-14.20:34:05::SCWMssOS::mss does not exists at C:/ECE520/Vivado/Lab2/axi_gpio_ab/axi_gpio_vitis_T1/axi_gpio_platform_T1/ps7_cortexa9_0/standalone_domain/bsp/system.mss
TRACE::2026-09-14.20:34:05::SCWMssOS::Creating sw design at  C:/ECE520/Vivado/Lab2/axi_gpio_ab/axi_gpio_vitis_T1/axi_gpio_platform_T1/ps7_cortexa9_0/standalone_domain/bsp/system.mss
TRACE::2026-09-14.20:34:05::SCWMssOS::Adding the swdes entry, created swdb C:/ECE520/Vivado/Lab2/axi_gpio_ab/axi_gpio_vitis_T1/axi_gpio_platform_T1/ps7_cortexa9_0/standalone_domain/bsp/system.mss with des name C:/ECE520/Vivado/Lab2/axi_gpio_ab/axi_gpio_vitis_T1/axi_gpio_platform_T1/ps7_cortexa9_0/standalone_domain/bsp/system.mss
TRACE::2026-09-14.20:34:05::SCWMssOS::updating the scw layer changes to swdes at   C:/ECE520/Vivado/Lab2/axi_gpio_ab/axi_gpio_vitis_T1/axi_gpio_platform_T1/ps7_cortexa9_0/standalone_domain/bsp/system.mss
TRACE::2026-09-14.20:34:05::SCWMssOS::Writing mss at C:/ECE520/Vivado/Lab2/axi_gpio_ab/axi_gpio_vitis_T1/axi_gpio_platform_T1/ps7_cortexa9_0/standalone_domain/bsp/system.mss
TRACE::2026-09-14.20:34:05::SCWMssOS::Completed writing the mss file at C:/ECE520/Vivado/Lab2/axi_gpio_ab/axi_gpio_vitis_T1/axi_gpio_platform_T1/ps7_cortexa9_0/standalone_domain/bsp
TRACE::2026-09-14.20:34:05::SCWMssOS::Picking up changes from newly written mss file into SCW Layer. 
TRACE::2026-09-14.20:34:05::SCWMssOS::Updated the changes from newly written mss file into SCW Layer. 
TRACE::2026-09-14.20:34:05::SCWMssOS::Completed writing the mss file at C:/ECE520/Vivado/Lab2/axi_gpio_ab/axi_gpio_vitis_T1/axi_gpio_platform_T1/ps7_cortexa9_0/standalone_domain/bsp
TRACE::2026-09-14.20:34:05::SCWMssOS::Forcing BSP Sources regeneration.
TRACE::2026-09-14.20:34:06::SCWMssOS::Saving the mss changes C:/ECE520/Vivado/Lab2/axi_gpio_ab/axi_gpio_vitis_T1/axi_gpio_platform_T1/zynq_fsbl/zynq_fsbl_bsp/system.mss
TRACE::2026-09-14.20:34:06::SCWMssOS::Found a swdesign opened with the mssfile.
TRACE::2026-09-14.20:34:06::SCWMssOS::Completed writemss as part of save.
TRACE::2026-09-14.20:34:06::SCWMssOS::Commit changes completed.
TRACE::2026-09-14.20:34:06::SCWMssOS::Saving the mss changes C:/ECE520/Vivado/Lab2/axi_gpio_ab/axi_gpio_vitis_T1/axi_gpio_platform_T1/ps7_cortexa9_0/standalone_domain/bsp/system.mss
TRACE::2026-09-14.20:34:06::SCWMssOS::Adding the swdes entry, mss present, able to open swdb C:/ECE520/Vivado/Lab2/axi_gpio_ab/axi_gpio_vitis_T1/axi_gpio_platform_T1/ps7_cortexa9_0/standalone_domain/bsp/system.mss with des name system_0
TRACE::2026-09-14.20:34:06::SCWMssOS::Writing the mss file completed C:/ECE520/Vivado/Lab2/axi_gpio_ab/axi_gpio_vitis_T1/axi_gpio_platform_T1/ps7_cortexa9_0/standalone_domain/bsp/system.mss
TRACE::2026-09-14.20:34:06::SCWMssOS::Commit changes completed.
TRACE::2026-09-14.20:34:06::SCWPlatform::Trying to open the hw design at C:/ECE520/Vivado/Lab2/axi_gpio_ab/axi_gpio_vitis_T1/axi_gpio_platform_T1/hw/axi_gpio_ab_wrapper_T1.xsa
TRACE::2026-09-14.20:34:06::SCWPlatform::DSA given C:/ECE520/Vivado/Lab2/axi_gpio_ab/axi_gpio_vitis_T1/axi_gpio_platform_T1/hw/axi_gpio_ab_wrapper_T1.xsa
TRACE::2026-09-14.20:34:06::SCWPlatform::DSA absoulate path C:/ECE520/Vivado/Lab2/axi_gpio_ab/axi_gpio_vitis_T1/axi_gpio_platform_T1/hw/axi_gpio_ab_wrapper_T1.xsa
TRACE::2026-09-14.20:34:06::SCWPlatform::DSA directory C:/ECE520/Vivado/Lab2/axi_gpio_ab/axi_gpio_vitis_T1/axi_gpio_platform_T1/hw
TRACE::2026-09-14.20:34:06::SCWPlatform:: Platform Path C:/ECE520/Vivado/Lab2/axi_gpio_ab/axi_gpio_vitis_T1/axi_gpio_platform_T1/hw/axi_gpio_ab_wrapper_T1.xsa
TRACE::2026-09-14.20:34:06::SCWPlatform:: Unique name xilinx:zybo-z7-10::0.0
TRACE::2026-09-14.20:34:06::SCWPlatform::Trying to set the existing hwdb with name axi_gpio_ab_wrapper_0
TRACE::2026-09-14.20:34:06::SCWPlatform::Opened existing hwdb axi_gpio_ab_wrapper_0
TRACE::2026-09-14.20:34:06::SCWPlatform::Found the Hw Db part of the input DSA
TRACE::2026-09-14.20:34:06::SCWMssOS::Checking the sw design at  C:/ECE520/Vivado/Lab2/axi_gpio_ab/axi_gpio_vitis_T1/axi_gpio_platform_T1/zynq_fsbl/zynq_fsbl_bsp/system.mss
TRACE::2026-09-14.20:34:06::SCWMssOS::DEBUG:  swdes dump  C:/ECE520/Vivado/Lab2/axi_gpio_ab/axi_gpio_vitis_T1/axi_gpio_platform_T1/ps7_cortexa9_0/standalone_domain/bsp/system.mss|system_0||
C:/ECE520/Vivado/Lab2/axi_gpio_ab/axi_gpio_vitis_T1/axi_gpio_platform_T1/zynq_fsbl/zynq_fsbl_bsp/system.mss|system||

TRACE::2026-09-14.20:34:06::SCWMssOS::Sw design exists and opened at  C:/ECE520/Vivado/Lab2/axi_gpio_ab/axi_gpio_vitis_T1/axi_gpio_platform_T1/zynq_fsbl/zynq_fsbl_bsp/system.mss
TRACE::2026-09-14.20:34:06::SCWPlatform::Trying to open the hw design at C:/ECE520/Vivado/Lab2/axi_gpio_ab/axi_gpio_vitis_T1/axi_gpio_platform_T1/hw/axi_gpio_ab_wrapper_T1.xsa
TRACE::2026-09-14.20:34:06::SCWPlatform::DSA given C:/ECE520/Vivado/Lab2/axi_gpio_ab/axi_gpio_vitis_T1/axi_gpio_platform_T1/hw/axi_gpio_ab_wrapper_T1.xsa
TRACE::2026-09-14.20:34:06::SCWPlatform::DSA absoulate path C:/ECE520/Vivado/Lab2/axi_gpio_ab/axi_gpio_vitis_T1/axi_gpio_platform_T1/hw/axi_gpio_ab_wrapper_T1.xsa
TRACE::2026-09-14.20:34:06::SCWPlatform::DSA directory C:/ECE520/Vivado/Lab2/axi_gpio_ab/axi_gpio_vitis_T1/axi_gpio_platform_T1/hw
TRACE::2026-09-14.20:34:06::SCWPlatform:: Platform Path C:/ECE520/Vivado/Lab2/axi_gpio_ab/axi_gpio_vitis_T1/axi_gpio_platform_T1/hw/axi_gpio_ab_wrapper_T1.xsa
TRACE::2026-09-14.20:34:06::SCWPlatform:: Unique name xilinx:zybo-z7-10::0.0
TRACE::2026-09-14.20:34:06::SCWPlatform::Trying to set the existing hwdb with name axi_gpio_ab_wrapper_0
TRACE::2026-09-14.20:34:06::SCWPlatform::Opened existing hwdb axi_gpio_ab_wrapper_0
TRACE::2026-09-14.20:34:06::SCWPlatform::Found the Hw Db part of the input DSA
TRACE::2026-09-14.20:34:06::SCWMssOS::Checking the sw design at  C:/ECE520/Vivado/Lab2/axi_gpio_ab/axi_gpio_vitis_T1/axi_gpio_platform_T1/zynq_fsbl/zynq_fsbl_bsp/system.mss
TRACE::2026-09-14.20:34:06::SCWMssOS::DEBUG:  swdes dump  C:/ECE520/Vivado/Lab2/axi_gpio_ab/axi_gpio_vitis_T1/axi_gpio_platform_T1/ps7_cortexa9_0/standalone_domain/bsp/system.mss|system_0||
C:/ECE520/Vivado/Lab2/axi_gpio_ab/axi_gpio_vitis_T1/axi_gpio_platform_T1/zynq_fsbl/zynq_fsbl_bsp/system.mss|system||

TRACE::2026-09-14.20:34:06::SCWMssOS::Sw design exists and opened at  C:/ECE520/Vivado/Lab2/axi_gpio_ab/axi_gpio_vitis_T1/axi_gpio_platform_T1/zynq_fsbl/zynq_fsbl_bsp/system.mss
TRACE::2026-09-14.20:34:06::SCWPlatform::Trying to open the hw design at C:/ECE520/Vivado/Lab2/axi_gpio_ab/axi_gpio_vitis_T1/axi_gpio_platform_T1/hw/axi_gpio_ab_wrapper_T1.xsa
TRACE::2026-09-14.20:34:06::SCWPlatform::DSA given C:/ECE520/Vivado/Lab2/axi_gpio_ab/axi_gpio_vitis_T1/axi_gpio_platform_T1/hw/axi_gpio_ab_wrapper_T1.xsa
TRACE::2026-09-14.20:34:06::SCWPlatform::DSA absoulate path C:/ECE520/Vivado/Lab2/axi_gpio_ab/axi_gpio_vitis_T1/axi_gpio_platform_T1/hw/axi_gpio_ab_wrapper_T1.xsa
TRACE::2026-09-14.20:34:06::SCWPlatform::DSA directory C:/ECE520/Vivado/Lab2/axi_gpio_ab/axi_gpio_vitis_T1/axi_gpio_platform_T1/hw
TRACE::2026-09-14.20:34:06::SCWPlatform:: Platform Path C:/ECE520/Vivado/Lab2/axi_gpio_ab/axi_gpio_vitis_T1/axi_gpio_platform_T1/hw/axi_gpio_ab_wrapper_T1.xsa
TRACE::2026-09-14.20:34:06::SCWPlatform:: Unique name xilinx:zybo-z7-10::0.0
TRACE::2026-09-14.20:34:06::SCWPlatform::Trying to set the existing hwdb with name axi_gpio_ab_wrapper_0
TRACE::2026-09-14.20:34:06::SCWPlatform::Opened existing hwdb axi_gpio_ab_wrapper_0
TRACE::2026-09-14.20:34:06::SCWPlatform::Found the Hw Db part of the input DSA
TRACE::2026-09-14.20:34:06::SCWMssOS::Checking the sw design at  C:/ECE520/Vivado/Lab2/axi_gpio_ab/axi_gpio_vitis_T1/axi_gpio_platform_T1/zynq_fsbl/zynq_fsbl_bsp/system.mss
TRACE::2026-09-14.20:34:06::SCWMssOS::DEBUG:  swdes dump  C:/ECE520/Vivado/Lab2/axi_gpio_ab/axi_gpio_vitis_T1/axi_gpio_platform_T1/ps7_cortexa9_0/standalone_domain/bsp/system.mss|system_0||
C:/ECE520/Vivado/Lab2/axi_gpio_ab/axi_gpio_vitis_T1/axi_gpio_platform_T1/zynq_fsbl/zynq_fsbl_bsp/system.mss|system||

TRACE::2026-09-14.20:34:06::SCWMssOS::Sw design exists and opened at  C:/ECE520/Vivado/Lab2/axi_gpio_ab/axi_gpio_vitis_T1/axi_gpio_platform_T1/zynq_fsbl/zynq_fsbl_bsp/system.mss
TRACE::2026-09-14.20:34:06::SCWPlatform::Trying to open the hw design at C:/ECE520/Vivado/Lab2/axi_gpio_ab/axi_gpio_vitis_T1/axi_gpio_platform_T1/hw/axi_gpio_ab_wrapper_T1.xsa
TRACE::2026-09-14.20:34:06::SCWPlatform::DSA given C:/ECE520/Vivado/Lab2/axi_gpio_ab/axi_gpio_vitis_T1/axi_gpio_platform_T1/hw/axi_gpio_ab_wrapper_T1.xsa
TRACE::2026-09-14.20:34:06::SCWPlatform::DSA absoulate path C:/ECE520/Vivado/Lab2/axi_gpio_ab/axi_gpio_vitis_T1/axi_gpio_platform_T1/hw/axi_gpio_ab_wrapper_T1.xsa
TRACE::2026-09-14.20:34:06::SCWPlatform::DSA directory C:/ECE520/Vivado/Lab2/axi_gpio_ab/axi_gpio_vitis_T1/axi_gpio_platform_T1/hw
TRACE::2026-09-14.20:34:06::SCWPlatform:: Platform Path C:/ECE520/Vivado/Lab2/axi_gpio_ab/axi_gpio_vitis_T1/axi_gpio_platform_T1/hw/axi_gpio_ab_wrapper_T1.xsa
TRACE::2026-09-14.20:34:06::SCWPlatform:: Unique name xilinx:zybo-z7-10::0.0
TRACE::2026-09-14.20:34:06::SCWPlatform::Trying to set the existing hwdb with name axi_gpio_ab_wrapper_0
TRACE::2026-09-14.20:34:06::SCWPlatform::Opened existing hwdb axi_gpio_ab_wrapper_0
TRACE::2026-09-14.20:34:06::SCWPlatform::Found the Hw Db part of the input DSA
TRACE::2026-09-14.20:34:06::SCWMssOS::Checking the sw design at  C:/ECE520/Vivado/Lab2/axi_gpio_ab/axi_gpio_vitis_T1/axi_gpio_platform_T1/ps7_cortexa9_0/standalone_domain/bsp/system.mss
TRACE::2026-09-14.20:34:06::SCWMssOS::DEBUG:  swdes dump  C:/ECE520/Vivado/Lab2/axi_gpio_ab/axi_gpio_vitis_T1/axi_gpio_platform_T1/ps7_cortexa9_0/standalone_domain/bsp/system.mss|system_0||
C:/ECE520/Vivado/Lab2/axi_gpio_ab/axi_gpio_vitis_T1/axi_gpio_platform_T1/zynq_fsbl/zynq_fsbl_bsp/system.mss|system||

TRACE::2026-09-14.20:34:06::SCWMssOS::Sw design exists and opened at  C:/ECE520/Vivado/Lab2/axi_gpio_ab/axi_gpio_vitis_T1/axi_gpio_platform_T1/ps7_cortexa9_0/standalone_domain/bsp/system.mss
TRACE::2026-09-14.20:34:06::SCWPlatform::Trying to open the hw design at C:/ECE520/Vivado/Lab2/axi_gpio_ab/axi_gpio_vitis_T1/axi_gpio_platform_T1/hw/axi_gpio_ab_wrapper_T1.xsa
TRACE::2026-09-14.20:34:06::SCWPlatform::DSA given C:/ECE520/Vivado/Lab2/axi_gpio_ab/axi_gpio_vitis_T1/axi_gpio_platform_T1/hw/axi_gpio_ab_wrapper_T1.xsa
TRACE::2026-09-14.20:34:06::SCWPlatform::DSA absoulate path C:/ECE520/Vivado/Lab2/axi_gpio_ab/axi_gpio_vitis_T1/axi_gpio_platform_T1/hw/axi_gpio_ab_wrapper_T1.xsa
TRACE::2026-09-14.20:34:06::SCWPlatform::DSA directory C:/ECE520/Vivado/Lab2/axi_gpio_ab/axi_gpio_vitis_T1/axi_gpio_platform_T1/hw
TRACE::2026-09-14.20:34:06::SCWPlatform:: Platform Path C:/ECE520/Vivado/Lab2/axi_gpio_ab/axi_gpio_vitis_T1/axi_gpio_platform_T1/hw/axi_gpio_ab_wrapper_T1.xsa
TRACE::2026-09-14.20:34:06::SCWPlatform:: Unique name xilinx:zybo-z7-10::0.0
TRACE::2026-09-14.20:34:06::SCWPlatform::Trying to set the existing hwdb with name axi_gpio_ab_wrapper_0
TRACE::2026-09-14.20:34:06::SCWPlatform::Opened existing hwdb axi_gpio_ab_wrapper_0
TRACE::2026-09-14.20:34:06::SCWPlatform::Found the Hw Db part of the input DSA
TRACE::2026-09-14.20:34:06::SCWMssOS::Checking the sw design at  C:/ECE520/Vivado/Lab2/axi_gpio_ab/axi_gpio_vitis_T1/axi_gpio_platform_T1/ps7_cortexa9_0/standalone_domain/bsp/system.mss
TRACE::2026-09-14.20:34:06::SCWMssOS::DEBUG:  swdes dump  C:/ECE520/Vivado/Lab2/axi_gpio_ab/axi_gpio_vitis_T1/axi_gpio_platform_T1/ps7_cortexa9_0/standalone_domain/bsp/system.mss|system_0||
C:/ECE520/Vivado/Lab2/axi_gpio_ab/axi_gpio_vitis_T1/axi_gpio_platform_T1/zynq_fsbl/zynq_fsbl_bsp/system.mss|system||

TRACE::2026-09-14.20:34:06::SCWMssOS::Sw design exists and opened at  C:/ECE520/Vivado/Lab2/axi_gpio_ab/axi_gpio_vitis_T1/axi_gpio_platform_T1/ps7_cortexa9_0/standalone_domain/bsp/system.mss
TRACE::2026-09-14.20:34:06::SCWPlatform::Trying to open the hw design at C:/ECE520/Vivado/Lab2/axi_gpio_ab/axi_gpio_vitis_T1/axi_gpio_platform_T1/hw/axi_gpio_ab_wrapper_T1.xsa
TRACE::2026-09-14.20:34:06::SCWPlatform::DSA given C:/ECE520/Vivado/Lab2/axi_gpio_ab/axi_gpio_vitis_T1/axi_gpio_platform_T1/hw/axi_gpio_ab_wrapper_T1.xsa
TRACE::2026-09-14.20:34:06::SCWPlatform::DSA absoulate path C:/ECE520/Vivado/Lab2/axi_gpio_ab/axi_gpio_vitis_T1/axi_gpio_platform_T1/hw/axi_gpio_ab_wrapper_T1.xsa
TRACE::2026-09-14.20:34:06::SCWPlatform::DSA directory C:/ECE520/Vivado/Lab2/axi_gpio_ab/axi_gpio_vitis_T1/axi_gpio_platform_T1/hw
TRACE::2026-09-14.20:34:06::SCWPlatform:: Platform Path C:/ECE520/Vivado/Lab2/axi_gpio_ab/axi_gpio_vitis_T1/axi_gpio_platform_T1/hw/axi_gpio_ab_wrapper_T1.xsa
TRACE::2026-09-14.20:34:06::SCWPlatform:: Unique name xilinx:zybo-z7-10::0.0
TRACE::2026-09-14.20:34:06::SCWPlatform::Trying to set the existing hwdb with name axi_gpio_ab_wrapper_0
TRACE::2026-09-14.20:34:06::SCWPlatform::Opened existing hwdb axi_gpio_ab_wrapper_0
TRACE::2026-09-14.20:34:06::SCWPlatform::Found the Hw Db part of the input DSA
TRACE::2026-09-14.20:34:06::SCWMssOS::Checking the sw design at  C:/ECE520/Vivado/Lab2/axi_gpio_ab/axi_gpio_vitis_T1/axi_gpio_platform_T1/ps7_cortexa9_0/standalone_domain/bsp/system.mss
TRACE::2026-09-14.20:34:06::SCWMssOS::DEBUG:  swdes dump  C:/ECE520/Vivado/Lab2/axi_gpio_ab/axi_gpio_vitis_T1/axi_gpio_platform_T1/ps7_cortexa9_0/standalone_domain/bsp/system.mss|system_0||
C:/ECE520/Vivado/Lab2/axi_gpio_ab/axi_gpio_vitis_T1/axi_gpio_platform_T1/zynq_fsbl/zynq_fsbl_bsp/system.mss|system||

TRACE::2026-09-14.20:34:06::SCWMssOS::Sw design exists and opened at  C:/ECE520/Vivado/Lab2/axi_gpio_ab/axi_gpio_vitis_T1/axi_gpio_platform_T1/ps7_cortexa9_0/standalone_domain/bsp/system.mss
TRACE::2026-09-14.20:34:06::SCWWriter::formatted JSON is {
	"platformName":	"axi_gpio_platform_T1",
	"sprVersion":	"2.0",
	"mode":	"gui",
	"dsaType":	"Fixed",
	"platformDesc":	"axi_gpio_platform_T1",
	"platHandOff":	"C:/ECE520/Vivado/Lab2/axi_gpio_ab/axi_gpio_ab_wrapper_T1.xsa",
	"platIntHandOff":	"<platformDir>/hw/axi_gpio_ab_wrapper_T1.xsa",
	"deviceType":	"zynq",
	"platIsPrebuiltAutogen":	"false",
	"platIsNoBootBsp":	"false",
	"platFsblTarget":	"ps7_cortexa9_0",
	"hasFsblMakeHasChanges":	"false",
	"hasPmufwMakeHasChanges":	"false",
	"fsblExtraCompilerFlags":	"-MMD -MP       -mcpu=cortex-a9 -mfpu=vfpv3 -mfloat-abi=hard ",
	"platPreBuiltFlag":	false,
	"platformSamplesDir":	"",
	"platActiveSys":	"axi_gpio_platform_T1",
	"systems":	[{
			"systemName":	"axi_gpio_platform_T1",
			"systemDesc":	"axi_gpio_platform_T1",
			"sysIsBootAutoGen":	"true",
			"systemDispName":	"axi_gpio_platform_T1",
			"sysActiveDom":	"standalone_domain",
			"sysDefaultDom":	"standalone_domain",
			"domains":	[{
					"domainName":	"zynq_fsbl",
					"domainDispName":	"zynq_fsbl",
					"domainDesc":	"FSBL Application BSP - Auto Generated.",
					"processors":	"ps7_cortexa9_0",
					"os":	"standalone",
					"sdxOs":	"standalone",
					"debugEnable":	"",
					"domRuntimes":	["cpp"],
					"swRepo":	"",
					"mssOsVer":	"8.1",
					"mssFile":	"",
					"md5Digest":	"65693ccea2e90031f2dc4733d5bd991b",
					"compatibleApp":	"zynq_fsbl",
					"domType":	"bootDomain",
					"arch":	"32-bit",
					"appSettings":	{
						"appCompilerFlags":	"",
						"appLinkerFlags":	""
					},
					"addedLibs":	["xilffs:5.0", "xilrsa:1.6"],
					"libOptions":	{
						"libsContainingOptions":	[]
					},
					"prebuiltLibs":	{
						"prebuiltIncPath":	[],
						"prebuiltLibPath":	[]
					},
					"isolation":	{
					}
				}, {
					"domainName":	"standalone_domain",
					"domainDispName":	"standalone_domain",
					"domainDesc":	"standalone_domain",
					"processors":	"ps7_cortexa9_0",
					"os":	"standalone",
					"sdxOs":	"standalone",
					"qemuArgs":	"<platformDir>/resources/axi_gpio_platform_T1/standalone_domain/qemu_args.txt",
					"qemuData":	"<platformDir>/resources/axi_gpio_platform_T1/standalone_domain/qemu",
					"debugEnable":	"False",
					"domRuntimes":	["cpp"],
					"swRepo":	"",
					"mssOsVer":	"8.1",
					"mssFile":	"",
					"md5Digest":	"a82e1019665bce3dce07707172bb4370",
					"compatibleApp":	"",
					"domType":	"mssDomain",
					"appSettings":	{
						"appCompilerFlags":	"",
						"appLinkerFlags":	""
					},
					"addedLibs":	[],
					"libOptions":	{
						"libsContainingOptions":	[]
					},
					"prebuiltLibs":	{
						"prebuiltIncPath":	[],
						"prebuiltLibPath":	[]
					},
					"isolation":	{
					}
				}]
		}]
}
LOG::2026-09-14.20:34:06::SCWPlatform::Started generating the artifacts platform axi_gpio_platform_T1
TRACE::2026-09-14.20:34:06::SCWPlatform::Sanity checking of platform is completed
LOG::2026-09-14.20:34:06::SCWPlatform::Started generating the artifacts for system configuration axi_gpio_platform_T1
LOG::2026-09-14.20:34:06::SCWSystem::Checking the domain zynq_fsbl
LOG::2026-09-14.20:34:06::SCWSystem::Doing application build for :  zynq_fsbl
TRACE::2026-09-14.20:34:06::SCWBDomain::Not a forced makefile updation, No changes are present. 
TRACE::2026-09-14.20:34:06::SCWDomain::Skipping the build for domain :  zynq_fsbl
LOG::2026-09-14.20:34:06::SCWSystem::Checking the domain standalone_domain
LOG::2026-09-14.20:34:06::SCWSystem::Not a boot domain 
LOG::2026-09-14.20:34:06::SCWSystem::Started Processing the domain standalone_domain
TRACE::2026-09-14.20:34:06::SCWDomain::Generating domain artifcats
TRACE::2026-09-14.20:34:06::SCWMssOS::Generating standalone artifcats
TRACE::2026-09-14.20:34:06::SCWMssOS::Copying the qemu file from  C:/ECE520/Vivado/Lab2/axi_gpio_ab/axi_gpio_vitis_T1/axi_gpio_platform_T1/resources/axi_gpio_platform_T1/standalone_domain/qemu_args.txt To C:/ECE520/Vivado/Lab2/axi_gpio_ab/axi_gpio_vitis_T1/axi_gpio_platform_T1/export/axi_gpio_platform_T1/sw/axi_gpio_platform_T1/qemu/
TRACE::2026-09-14.20:34:06::SCWMssOS::Copying the qemu file from  C:/ECE520/Vivado/Lab2/axi_gpio_ab/axi_gpio_vitis_T1/axi_gpio_platform_T1/resources/axi_gpio_platform_T1/standalone_domain/qemu_args.txt To C:/ECE520/Vivado/Lab2/axi_gpio_ab/axi_gpio_vitis_T1/axi_gpio_platform_T1/export/axi_gpio_platform_T1/sw/axi_gpio_platform_T1/standalone_domain/qemu/
TRACE::2026-09-14.20:34:06::SCWMssOS:: Copying the user libraries. 
TRACE::2026-09-14.20:34:06::SCWPlatform::Trying to open the hw design at C:/ECE520/Vivado/Lab2/axi_gpio_ab/axi_gpio_vitis_T1/axi_gpio_platform_T1/hw/axi_gpio_ab_wrapper_T1.xsa
TRACE::2026-09-14.20:34:06::SCWPlatform::DSA given C:/ECE520/Vivado/Lab2/axi_gpio_ab/axi_gpio_vitis_T1/axi_gpio_platform_T1/hw/axi_gpio_ab_wrapper_T1.xsa
TRACE::2026-09-14.20:34:06::SCWPlatform::DSA absoulate path C:/ECE520/Vivado/Lab2/axi_gpio_ab/axi_gpio_vitis_T1/axi_gpio_platform_T1/hw/axi_gpio_ab_wrapper_T1.xsa
TRACE::2026-09-14.20:34:06::SCWPlatform::DSA directory C:/ECE520/Vivado/Lab2/axi_gpio_ab/axi_gpio_vitis_T1/axi_gpio_platform_T1/hw
TRACE::2026-09-14.20:34:06::SCWPlatform:: Platform Path C:/ECE520/Vivado/Lab2/axi_gpio_ab/axi_gpio_vitis_T1/axi_gpio_platform_T1/hw/axi_gpio_ab_wrapper_T1.xsa
TRACE::2026-09-14.20:34:06::SCWPlatform:: Unique name xilinx:zybo-z7-10::0.0
TRACE::2026-09-14.20:34:06::SCWPlatform::Trying to set the existing hwdb with name axi_gpio_ab_wrapper_0
TRACE::2026-09-14.20:34:06::SCWPlatform::Opened existing hwdb axi_gpio_ab_wrapper_0
TRACE::2026-09-14.20:34:06::SCWPlatform::Found the Hw Db part of the input DSA
TRACE::2026-09-14.20:34:06::SCWMssOS::Checking the sw design at  C:/ECE520/Vivado/Lab2/axi_gpio_ab/axi_gpio_vitis_T1/axi_gpio_platform_T1/ps7_cortexa9_0/standalone_domain/bsp/system.mss
TRACE::2026-09-14.20:34:06::SCWMssOS::DEBUG:  swdes dump  C:/ECE520/Vivado/Lab2/axi_gpio_ab/axi_gpio_vitis_T1/axi_gpio_platform_T1/ps7_cortexa9_0/standalone_domain/bsp/system.mss|system_0||
C:/ECE520/Vivado/Lab2/axi_gpio_ab/axi_gpio_vitis_T1/axi_gpio_platform_T1/zynq_fsbl/zynq_fsbl_bsp/system.mss|system||

TRACE::2026-09-14.20:34:06::SCWMssOS::Sw design exists and opened at  C:/ECE520/Vivado/Lab2/axi_gpio_ab/axi_gpio_vitis_T1/axi_gpio_platform_T1/ps7_cortexa9_0/standalone_domain/bsp/system.mss
TRACE::2026-09-14.20:34:06::SCWMssOS::Completed writing the mss file at C:/ECE520/Vivado/Lab2/axi_gpio_ab/axi_gpio_vitis_T1/axi_gpio_platform_T1/ps7_cortexa9_0/standalone_domain/bsp
TRACE::2026-09-14.20:34:06::SCWMssOS::Mss edits present, copying mssfile into export location C:/ECE520/Vivado/Lab2/axi_gpio_ab/axi_gpio_vitis_T1/axi_gpio_platform_T1/ps7_cortexa9_0/standalone_domain/bsp/system.mss
TRACE::2026-09-14.20:34:06::SCWMssOS::bsp generated is upto date with the mss file. Skipping bsp generation.
TRACE::2026-09-14.20:34:06::SCWMssOS::BSP is already built. skipping the bsp build ... 
TRACE::2026-09-14.20:34:06::SCWDomain::Skipping the build for domain :  standalone_domain
TRACE::2026-09-14.20:34:06::SCWMssOS::skipping the bsp build ... 
TRACE::2026-09-14.20:34:06::SCWMssOS::Copying to export directory.
TRACE::2026-09-14.20:34:06::SCWMssOS:: Checking if to create the Supporting Applications
TRACE::2026-09-14.20:34:06::SCWMssOS:: No Linux domain exists, trying to generate FSBL 
TRACE::2026-09-14.20:34:06::SCWMssOS:: Completed Standalone Artifacts creation 
LOG::2026-09-14.20:34:06::SCWSystem::Completed Processing the domain standalone_domain
LOG::2026-09-14.20:34:06::SCWSystem::Completed Processing the sysconfig axi_gpio_platform_T1
LOG::2026-09-14.20:34:06::SCWPlatform::Completed generating the artifacts for system configuration axi_gpio_platform_T1
TRACE::2026-09-14.20:34:06::SCWPlatform::Started preparing the platform 
TRACE::2026-09-14.20:34:06::SCWSystem::Writing the bif file for system config axi_gpio_platform_T1
TRACE::2026-09-14.20:34:06::SCWSystem::dir created 
TRACE::2026-09-14.20:34:06::SCWSystem::Writing the bif 
TRACE::2026-09-14.20:34:06::SCWPlatform::Started writing the spfm file 
TRACE::2026-09-14.20:34:06::SCWPlatform::Started writing the xpfm file 
TRACE::2026-09-14.20:34:06::SCWPlatform::Completed generating the platform
TRACE::2026-09-14.20:34:06::SCWMssOS::Saving the mss changes C:/ECE520/Vivado/Lab2/axi_gpio_ab/axi_gpio_vitis_T1/axi_gpio_platform_T1/zynq_fsbl/zynq_fsbl_bsp/system.mss
TRACE::2026-09-14.20:34:06::SCWMssOS::Found a swdesign opened with the mssfile.
TRACE::2026-09-14.20:34:06::SCWMssOS::Completed writemss as part of save.
TRACE::2026-09-14.20:34:06::SCWMssOS::Commit changes completed.
TRACE::2026-09-14.20:34:06::SCWMssOS::Saving the mss changes C:/ECE520/Vivado/Lab2/axi_gpio_ab/axi_gpio_vitis_T1/axi_gpio_platform_T1/ps7_cortexa9_0/standalone_domain/bsp/system.mss
TRACE::2026-09-14.20:34:06::SCWMssOS::Found a swdesign opened with the mssfile.
TRACE::2026-09-14.20:34:06::SCWMssOS::Completed writemss as part of save.
TRACE::2026-09-14.20:34:06::SCWMssOS::Commit changes completed.
TRACE::2026-09-14.20:34:06::SCWPlatform::Trying to open the hw design at C:/ECE520/Vivado/Lab2/axi_gpio_ab/axi_gpio_vitis_T1/axi_gpio_platform_T1/hw/axi_gpio_ab_wrapper_T1.xsa
TRACE::2026-09-14.20:34:06::SCWPlatform::DSA given C:/ECE520/Vivado/Lab2/axi_gpio_ab/axi_gpio_vitis_T1/axi_gpio_platform_T1/hw/axi_gpio_ab_wrapper_T1.xsa
TRACE::2026-09-14.20:34:06::SCWPlatform::DSA absoulate path C:/ECE520/Vivado/Lab2/axi_gpio_ab/axi_gpio_vitis_T1/axi_gpio_platform_T1/hw/axi_gpio_ab_wrapper_T1.xsa
TRACE::2026-09-14.20:34:06::SCWPlatform::DSA directory C:/ECE520/Vivado/Lab2/axi_gpio_ab/axi_gpio_vitis_T1/axi_gpio_platform_T1/hw
TRACE::2026-09-14.20:34:06::SCWPlatform:: Platform Path C:/ECE520/Vivado/Lab2/axi_gpio_ab/axi_gpio_vitis_T1/axi_gpio_platform_T1/hw/axi_gpio_ab_wrapper_T1.xsa
TRACE::2026-09-14.20:34:06::SCWPlatform:: Unique name xilinx:zybo-z7-10::0.0
TRACE::2026-09-14.20:34:06::SCWPlatform::Trying to set the existing hwdb with name axi_gpio_ab_wrapper_0
TRACE::2026-09-14.20:34:06::SCWPlatform::Opened existing hwdb axi_gpio_ab_wrapper_0
TRACE::2026-09-14.20:34:06::SCWPlatform::Found the Hw Db part of the input DSA
TRACE::2026-09-14.20:34:06::SCWMssOS::Checking the sw design at  C:/ECE520/Vivado/Lab2/axi_gpio_ab/axi_gpio_vitis_T1/axi_gpio_platform_T1/zynq_fsbl/zynq_fsbl_bsp/system.mss
TRACE::2026-09-14.20:34:06::SCWMssOS::DEBUG:  swdes dump  C:/ECE520/Vivado/Lab2/axi_gpio_ab/axi_gpio_vitis_T1/axi_gpio_platform_T1/ps7_cortexa9_0/standalone_domain/bsp/system.mss|system_0||
C:/ECE520/Vivado/Lab2/axi_gpio_ab/axi_gpio_vitis_T1/axi_gpio_platform_T1/zynq_fsbl/zynq_fsbl_bsp/system.mss|system||

TRACE::2026-09-14.20:34:06::SCWMssOS::Sw design exists and opened at  C:/ECE520/Vivado/Lab2/axi_gpio_ab/axi_gpio_vitis_T1/axi_gpio_platform_T1/zynq_fsbl/zynq_fsbl_bsp/system.mss
TRACE::2026-09-14.20:34:06::SCWPlatform::Trying to open the hw design at C:/ECE520/Vivado/Lab2/axi_gpio_ab/axi_gpio_vitis_T1/axi_gpio_platform_T1/hw/axi_gpio_ab_wrapper_T1.xsa
TRACE::2026-09-14.20:34:06::SCWPlatform::DSA given C:/ECE520/Vivado/Lab2/axi_gpio_ab/axi_gpio_vitis_T1/axi_gpio_platform_T1/hw/axi_gpio_ab_wrapper_T1.xsa
TRACE::2026-09-14.20:34:06::SCWPlatform::DSA absoulate path C:/ECE520/Vivado/Lab2/axi_gpio_ab/axi_gpio_vitis_T1/axi_gpio_platform_T1/hw/axi_gpio_ab_wrapper_T1.xsa
TRACE::2026-09-14.20:34:06::SCWPlatform::DSA directory C:/ECE520/Vivado/Lab2/axi_gpio_ab/axi_gpio_vitis_T1/axi_gpio_platform_T1/hw
TRACE::2026-09-14.20:34:06::SCWPlatform:: Platform Path C:/ECE520/Vivado/Lab2/axi_gpio_ab/axi_gpio_vitis_T1/axi_gpio_platform_T1/hw/axi_gpio_ab_wrapper_T1.xsa
TRACE::2026-09-14.20:34:06::SCWPlatform:: Unique name xilinx:zybo-z7-10::0.0
TRACE::2026-09-14.20:34:06::SCWPlatform::Trying to set the existing hwdb with name axi_gpio_ab_wrapper_0
TRACE::2026-09-14.20:34:06::SCWPlatform::Opened existing hwdb axi_gpio_ab_wrapper_0
TRACE::2026-09-14.20:34:06::SCWPlatform::Found the Hw Db part of the input DSA
TRACE::2026-09-14.20:34:06::SCWMssOS::Checking the sw design at  C:/ECE520/Vivado/Lab2/axi_gpio_ab/axi_gpio_vitis_T1/axi_gpio_platform_T1/zynq_fsbl/zynq_fsbl_bsp/system.mss
TRACE::2026-09-14.20:34:06::SCWMssOS::DEBUG:  swdes dump  C:/ECE520/Vivado/Lab2/axi_gpio_ab/axi_gpio_vitis_T1/axi_gpio_platform_T1/ps7_cortexa9_0/standalone_domain/bsp/system.mss|system_0||
C:/ECE520/Vivado/Lab2/axi_gpio_ab/axi_gpio_vitis_T1/axi_gpio_platform_T1/zynq_fsbl/zynq_fsbl_bsp/system.mss|system||

TRACE::2026-09-14.20:34:06::SCWMssOS::Sw design exists and opened at  C:/ECE520/Vivado/Lab2/axi_gpio_ab/axi_gpio_vitis_T1/axi_gpio_platform_T1/zynq_fsbl/zynq_fsbl_bsp/system.mss
TRACE::2026-09-14.20:34:06::SCWPlatform::Trying to open the hw design at C:/ECE520/Vivado/Lab2/axi_gpio_ab/axi_gpio_vitis_T1/axi_gpio_platform_T1/hw/axi_gpio_ab_wrapper_T1.xsa
TRACE::2026-09-14.20:34:06::SCWPlatform::DSA given C:/ECE520/Vivado/Lab2/axi_gpio_ab/axi_gpio_vitis_T1/axi_gpio_platform_T1/hw/axi_gpio_ab_wrapper_T1.xsa
TRACE::2026-09-14.20:34:06::SCWPlatform::DSA absoulate path C:/ECE520/Vivado/Lab2/axi_gpio_ab/axi_gpio_vitis_T1/axi_gpio_platform_T1/hw/axi_gpio_ab_wrapper_T1.xsa
TRACE::2026-09-14.20:34:06::SCWPlatform::DSA directory C:/ECE520/Vivado/Lab2/axi_gpio_ab/axi_gpio_vitis_T1/axi_gpio_platform_T1/hw
TRACE::2026-09-14.20:34:06::SCWPlatform:: Platform Path C:/ECE520/Vivado/Lab2/axi_gpio_ab/axi_gpio_vitis_T1/axi_gpio_platform_T1/hw/axi_gpio_ab_wrapper_T1.xsa
TRACE::2026-09-14.20:34:06::SCWPlatform:: Unique name xilinx:zybo-z7-10::0.0
TRACE::2026-09-14.20:34:06::SCWPlatform::Trying to set the existing hwdb with name axi_gpio_ab_wrapper_0
TRACE::2026-09-14.20:34:06::SCWPlatform::Opened existing hwdb axi_gpio_ab_wrapper_0
TRACE::2026-09-14.20:34:06::SCWPlatform::Found the Hw Db part of the input DSA
TRACE::2026-09-14.20:34:06::SCWMssOS::Checking the sw design at  C:/ECE520/Vivado/Lab2/axi_gpio_ab/axi_gpio_vitis_T1/axi_gpio_platform_T1/zynq_fsbl/zynq_fsbl_bsp/system.mss
TRACE::2026-09-14.20:34:06::SCWMssOS::DEBUG:  swdes dump  C:/ECE520/Vivado/Lab2/axi_gpio_ab/axi_gpio_vitis_T1/axi_gpio_platform_T1/ps7_cortexa9_0/standalone_domain/bsp/system.mss|system_0||
C:/ECE520/Vivado/Lab2/axi_gpio_ab/axi_gpio_vitis_T1/axi_gpio_platform_T1/zynq_fsbl/zynq_fsbl_bsp/system.mss|system||

TRACE::2026-09-14.20:34:06::SCWMssOS::Sw design exists and opened at  C:/ECE520/Vivado/Lab2/axi_gpio_ab/axi_gpio_vitis_T1/axi_gpio_platform_T1/zynq_fsbl/zynq_fsbl_bsp/system.mss
TRACE::2026-09-14.20:34:06::SCWPlatform::Trying to open the hw design at C:/ECE520/Vivado/Lab2/axi_gpio_ab/axi_gpio_vitis_T1/axi_gpio_platform_T1/hw/axi_gpio_ab_wrapper_T1.xsa
TRACE::2026-09-14.20:34:06::SCWPlatform::DSA given C:/ECE520/Vivado/Lab2/axi_gpio_ab/axi_gpio_vitis_T1/axi_gpio_platform_T1/hw/axi_gpio_ab_wrapper_T1.xsa
TRACE::2026-09-14.20:34:06::SCWPlatform::DSA absoulate path C:/ECE520/Vivado/Lab2/axi_gpio_ab/axi_gpio_vitis_T1/axi_gpio_platform_T1/hw/axi_gpio_ab_wrapper_T1.xsa
TRACE::2026-09-14.20:34:06::SCWPlatform::DSA directory C:/ECE520/Vivado/Lab2/axi_gpio_ab/axi_gpio_vitis_T1/axi_gpio_platform_T1/hw
TRACE::2026-09-14.20:34:06::SCWPlatform:: Platform Path C:/ECE520/Vivado/Lab2/axi_gpio_ab/axi_gpio_vitis_T1/axi_gpio_platform_T1/hw/axi_gpio_ab_wrapper_T1.xsa
TRACE::2026-09-14.20:34:06::SCWPlatform:: Unique name xilinx:zybo-z7-10::0.0
TRACE::2026-09-14.20:34:06::SCWPlatform::Trying to set the existing hwdb with name axi_gpio_ab_wrapper_0
TRACE::2026-09-14.20:34:06::SCWPlatform::Opened existing hwdb axi_gpio_ab_wrapper_0
TRACE::2026-09-14.20:34:06::SCWPlatform::Found the Hw Db part of the input DSA
TRACE::2026-09-14.20:34:06::SCWMssOS::Checking the sw design at  C:/ECE520/Vivado/Lab2/axi_gpio_ab/axi_gpio_vitis_T1/axi_gpio_platform_T1/ps7_cortexa9_0/standalone_domain/bsp/system.mss
TRACE::2026-09-14.20:34:06::SCWMssOS::DEBUG:  swdes dump  C:/ECE520/Vivado/Lab2/axi_gpio_ab/axi_gpio_vitis_T1/axi_gpio_platform_T1/ps7_cortexa9_0/standalone_domain/bsp/system.mss|system_0||
C:/ECE520/Vivado/Lab2/axi_gpio_ab/axi_gpio_vitis_T1/axi_gpio_platform_T1/zynq_fsbl/zynq_fsbl_bsp/system.mss|system||

TRACE::2026-09-14.20:34:06::SCWMssOS::Sw design exists and opened at  C:/ECE520/Vivado/Lab2/axi_gpio_ab/axi_gpio_vitis_T1/axi_gpio_platform_T1/ps7_cortexa9_0/standalone_domain/bsp/system.mss
TRACE::2026-09-14.20:34:06::SCWPlatform::Trying to open the hw design at C:/ECE520/Vivado/Lab2/axi_gpio_ab/axi_gpio_vitis_T1/axi_gpio_platform_T1/hw/axi_gpio_ab_wrapper_T1.xsa
TRACE::2026-09-14.20:34:06::SCWPlatform::DSA given C:/ECE520/Vivado/Lab2/axi_gpio_ab/axi_gpio_vitis_T1/axi_gpio_platform_T1/hw/axi_gpio_ab_wrapper_T1.xsa
TRACE::2026-09-14.20:34:06::SCWPlatform::DSA absoulate path C:/ECE520/Vivado/Lab2/axi_gpio_ab/axi_gpio_vitis_T1/axi_gpio_platform_T1/hw/axi_gpio_ab_wrapper_T1.xsa
TRACE::2026-09-14.20:34:06::SCWPlatform::DSA directory C:/ECE520/Vivado/Lab2/axi_gpio_ab/axi_gpio_vitis_T1/axi_gpio_platform_T1/hw
TRACE::2026-09-14.20:34:06::SCWPlatform:: Platform Path C:/ECE520/Vivado/Lab2/axi_gpio_ab/axi_gpio_vitis_T1/axi_gpio_platform_T1/hw/axi_gpio_ab_wrapper_T1.xsa
TRACE::2026-09-14.20:34:06::SCWPlatform:: Unique name xilinx:zybo-z7-10::0.0
TRACE::2026-09-14.20:34:06::SCWPlatform::Trying to set the existing hwdb with name axi_gpio_ab_wrapper_0
TRACE::2026-09-14.20:34:06::SCWPlatform::Opened existing hwdb axi_gpio_ab_wrapper_0
TRACE::2026-09-14.20:34:06::SCWPlatform::Found the Hw Db part of the input DSA
TRACE::2026-09-14.20:34:06::SCWMssOS::Checking the sw design at  C:/ECE520/Vivado/Lab2/axi_gpio_ab/axi_gpio_vitis_T1/axi_gpio_platform_T1/ps7_cortexa9_0/standalone_domain/bsp/system.mss
TRACE::2026-09-14.20:34:06::SCWMssOS::DEBUG:  swdes dump  C:/ECE520/Vivado/Lab2/axi_gpio_ab/axi_gpio_vitis_T1/axi_gpio_platform_T1/ps7_cortexa9_0/standalone_domain/bsp/system.mss|system_0||
C:/ECE520/Vivado/Lab2/axi_gpio_ab/axi_gpio_vitis_T1/axi_gpio_platform_T1/zynq_fsbl/zynq_fsbl_bsp/system.mss|system||

TRACE::2026-09-14.20:34:06::SCWMssOS::Sw design exists and opened at  C:/ECE520/Vivado/Lab2/axi_gpio_ab/axi_gpio_vitis_T1/axi_gpio_platform_T1/ps7_cortexa9_0/standalone_domain/bsp/system.mss
TRACE::2026-09-14.20:34:06::SCWPlatform::Trying to open the hw design at C:/ECE520/Vivado/Lab2/axi_gpio_ab/axi_gpio_vitis_T1/axi_gpio_platform_T1/hw/axi_gpio_ab_wrapper_T1.xsa
TRACE::2026-09-14.20:34:06::SCWPlatform::DSA given C:/ECE520/Vivado/Lab2/axi_gpio_ab/axi_gpio_vitis_T1/axi_gpio_platform_T1/hw/axi_gpio_ab_wrapper_T1.xsa
TRACE::2026-09-14.20:34:06::SCWPlatform::DSA absoulate path C:/ECE520/Vivado/Lab2/axi_gpio_ab/axi_gpio_vitis_T1/axi_gpio_platform_T1/hw/axi_gpio_ab_wrapper_T1.xsa
TRACE::2026-09-14.20:34:06::SCWPlatform::DSA directory C:/ECE520/Vivado/Lab2/axi_gpio_ab/axi_gpio_vitis_T1/axi_gpio_platform_T1/hw
TRACE::2026-09-14.20:34:06::SCWPlatform:: Platform Path C:/ECE520/Vivado/Lab2/axi_gpio_ab/axi_gpio_vitis_T1/axi_gpio_platform_T1/hw/axi_gpio_ab_wrapper_T1.xsa
TRACE::2026-09-14.20:34:06::SCWPlatform:: Unique name xilinx:zybo-z7-10::0.0
TRACE::2026-09-14.20:34:06::SCWPlatform::Trying to set the existing hwdb with name axi_gpio_ab_wrapper_0
TRACE::2026-09-14.20:34:06::SCWPlatform::Opened existing hwdb axi_gpio_ab_wrapper_0
TRACE::2026-09-14.20:34:06::SCWPlatform::Found the Hw Db part of the input DSA
TRACE::2026-09-14.20:34:06::SCWMssOS::Checking the sw design at  C:/ECE520/Vivado/Lab2/axi_gpio_ab/axi_gpio_vitis_T1/axi_gpio_platform_T1/ps7_cortexa9_0/standalone_domain/bsp/system.mss
TRACE::2026-09-14.20:34:06::SCWMssOS::DEBUG:  swdes dump  C:/ECE520/Vivado/Lab2/axi_gpio_ab/axi_gpio_vitis_T1/axi_gpio_platform_T1/ps7_cortexa9_0/standalone_domain/bsp/system.mss|system_0||
C:/ECE520/Vivado/Lab2/axi_gpio_ab/axi_gpio_vitis_T1/axi_gpio_platform_T1/zynq_fsbl/zynq_fsbl_bsp/system.mss|system||

TRACE::2026-09-14.20:34:06::SCWMssOS::Sw design exists and opened at  C:/ECE520/Vivado/Lab2/axi_gpio_ab/axi_gpio_vitis_T1/axi_gpio_platform_T1/ps7_cortexa9_0/standalone_domain/bsp/system.mss
TRACE::2026-09-14.20:34:06::SCWWriter::formatted JSON is {
	"platformName":	"axi_gpio_platform_T1",
	"sprVersion":	"2.0",
	"mode":	"gui",
	"dsaType":	"Fixed",
	"platformDesc":	"axi_gpio_platform_T1",
	"platHandOff":	"C:/ECE520/Vivado/Lab2/axi_gpio_ab/axi_gpio_ab_wrapper_T1.xsa",
	"platIntHandOff":	"<platformDir>/hw/axi_gpio_ab_wrapper_T1.xsa",
	"deviceType":	"zynq",
	"platIsPrebuiltAutogen":	"false",
	"platIsNoBootBsp":	"false",
	"platFsblTarget":	"ps7_cortexa9_0",
	"hasFsblMakeHasChanges":	"false",
	"hasPmufwMakeHasChanges":	"false",
	"fsblExtraCompilerFlags":	"-MMD -MP       -mcpu=cortex-a9 -mfpu=vfpv3 -mfloat-abi=hard ",
	"platPreBuiltFlag":	false,
	"platformSamplesDir":	"",
	"platActiveSys":	"axi_gpio_platform_T1",
	"systems":	[{
			"systemName":	"axi_gpio_platform_T1",
			"systemDesc":	"axi_gpio_platform_T1",
			"sysIsBootAutoGen":	"true",
			"systemDispName":	"axi_gpio_platform_T1",
			"sysActiveDom":	"standalone_domain",
			"sysDefaultDom":	"standalone_domain",
			"domains":	[{
					"domainName":	"zynq_fsbl",
					"domainDispName":	"zynq_fsbl",
					"domainDesc":	"FSBL Application BSP - Auto Generated.",
					"processors":	"ps7_cortexa9_0",
					"os":	"standalone",
					"sdxOs":	"standalone",
					"debugEnable":	"",
					"domRuntimes":	["cpp"],
					"swRepo":	"",
					"mssOsVer":	"8.1",
					"mssFile":	"",
					"md5Digest":	"65693ccea2e90031f2dc4733d5bd991b",
					"compatibleApp":	"zynq_fsbl",
					"domType":	"bootDomain",
					"arch":	"32-bit",
					"appSettings":	{
						"appCompilerFlags":	"",
						"appLinkerFlags":	""
					},
					"addedLibs":	["xilffs:5.0", "xilrsa:1.6"],
					"libOptions":	{
						"libsContainingOptions":	[]
					},
					"prebuiltLibs":	{
						"prebuiltIncPath":	[],
						"prebuiltLibPath":	[]
					},
					"isolation":	{
					}
				}, {
					"domainName":	"standalone_domain",
					"domainDispName":	"standalone_domain",
					"domainDesc":	"standalone_domain",
					"processors":	"ps7_cortexa9_0",
					"os":	"standalone",
					"sdxOs":	"standalone",
					"qemuArgs":	"<platformDir>/resources/axi_gpio_platform_T1/standalone_domain/qemu_args.txt",
					"qemuData":	"<platformDir>/resources/axi_gpio_platform_T1/standalone_domain/qemu",
					"debugEnable":	"False",
					"domRuntimes":	["cpp"],
					"swRepo":	"",
					"mssOsVer":	"8.1",
					"mssFile":	"",
					"md5Digest":	"a82e1019665bce3dce07707172bb4370",
					"compatibleApp":	"",
					"domType":	"mssDomain",
					"appSettings":	{
						"appCompilerFlags":	"",
						"appLinkerFlags":	""
					},
					"addedLibs":	[],
					"libOptions":	{
						"libsContainingOptions":	[]
					},
					"prebuiltLibs":	{
						"prebuiltIncPath":	[],
						"prebuiltLibPath":	[]
					},
					"isolation":	{
					}
				}]
		}]
}
KEYINFO::2026-09-14.20:34:06::SCWPlatform::updated the xpfm file.
TRACE::2026-09-14.20:34:07::SCWPlatform::Trying to open the hw design at C:/ECE520/Vivado/Lab2/axi_gpio_ab/axi_gpio_vitis_T1/axi_gpio_platform_T1/hw/axi_gpio_ab_wrapper_T1.xsa
TRACE::2026-09-14.20:34:07::SCWPlatform::DSA given C:/ECE520/Vivado/Lab2/axi_gpio_ab/axi_gpio_vitis_T1/axi_gpio_platform_T1/hw/axi_gpio_ab_wrapper_T1.xsa
TRACE::2026-09-14.20:34:07::SCWPlatform::DSA absoulate path C:/ECE520/Vivado/Lab2/axi_gpio_ab/axi_gpio_vitis_T1/axi_gpio_platform_T1/hw/axi_gpio_ab_wrapper_T1.xsa
TRACE::2026-09-14.20:34:07::SCWPlatform::DSA directory C:/ECE520/Vivado/Lab2/axi_gpio_ab/axi_gpio_vitis_T1/axi_gpio_platform_T1/hw
TRACE::2026-09-14.20:34:07::SCWPlatform:: Platform Path C:/ECE520/Vivado/Lab2/axi_gpio_ab/axi_gpio_vitis_T1/axi_gpio_platform_T1/hw/axi_gpio_ab_wrapper_T1.xsa
TRACE::2026-09-14.20:34:07::SCWPlatform:: Unique name xilinx:zybo-z7-10::0.0
TRACE::2026-09-14.20:34:07::SCWPlatform::Trying to set the existing hwdb with name axi_gpio_ab_wrapper_0
TRACE::2026-09-14.20:34:07::SCWPlatform::Opened existing hwdb axi_gpio_ab_wrapper_0
TRACE::2026-09-14.20:34:07::SCWPlatform::Found the Hw Db part of the input DSA
TRACE::2026-09-14.20:34:07::SCWMssOS::Checking the sw design at  C:/ECE520/Vivado/Lab2/axi_gpio_ab/axi_gpio_vitis_T1/axi_gpio_platform_T1/ps7_cortexa9_0/standalone_domain/bsp/system.mss
TRACE::2026-09-14.20:34:07::SCWMssOS::DEBUG:  swdes dump  C:/ECE520/Vivado/Lab2/axi_gpio_ab/axi_gpio_vitis_T1/axi_gpio_platform_T1/ps7_cortexa9_0/standalone_domain/bsp/system.mss|system_0||
C:/ECE520/Vivado/Lab2/axi_gpio_ab/axi_gpio_vitis_T1/axi_gpio_platform_T1/zynq_fsbl/zynq_fsbl_bsp/system.mss|system||

TRACE::2026-09-14.20:34:07::SCWMssOS::Sw design exists and opened at  C:/ECE520/Vivado/Lab2/axi_gpio_ab/axi_gpio_vitis_T1/axi_gpio_platform_T1/ps7_cortexa9_0/standalone_domain/bsp/system.mss
TRACE::2026-09-14.20:34:07::SCWMssOS::Saving the mss changes C:/ECE520/Vivado/Lab2/axi_gpio_ab/axi_gpio_vitis_T1/axi_gpio_platform_T1/zynq_fsbl/zynq_fsbl_bsp/system.mss
TRACE::2026-09-14.20:34:07::SCWMssOS::Found a swdesign opened with the mssfile.
TRACE::2026-09-14.20:34:07::SCWMssOS::Completed writemss as part of save.
TRACE::2026-09-14.20:34:07::SCWMssOS::Commit changes completed.
TRACE::2026-09-14.20:34:07::SCWMssOS::Saving the mss changes C:/ECE520/Vivado/Lab2/axi_gpio_ab/axi_gpio_vitis_T1/axi_gpio_platform_T1/ps7_cortexa9_0/standalone_domain/bsp/system.mss
TRACE::2026-09-14.20:34:07::SCWMssOS::Found a swdesign opened with the mssfile.
TRACE::2026-09-14.20:34:07::SCWMssOS::Completed writemss as part of save.
TRACE::2026-09-14.20:34:07::SCWMssOS::Commit changes completed.
TRACE::2026-09-14.20:34:07::SCWPlatform::Trying to open the hw design at C:/ECE520/Vivado/Lab2/axi_gpio_ab/axi_gpio_vitis_T1/axi_gpio_platform_T1/hw/axi_gpio_ab_wrapper_T1.xsa
TRACE::2026-09-14.20:34:07::SCWPlatform::DSA given C:/ECE520/Vivado/Lab2/axi_gpio_ab/axi_gpio_vitis_T1/axi_gpio_platform_T1/hw/axi_gpio_ab_wrapper_T1.xsa
TRACE::2026-09-14.20:34:07::SCWPlatform::DSA absoulate path C:/ECE520/Vivado/Lab2/axi_gpio_ab/axi_gpio_vitis_T1/axi_gpio_platform_T1/hw/axi_gpio_ab_wrapper_T1.xsa
TRACE::2026-09-14.20:34:07::SCWPlatform::DSA directory C:/ECE520/Vivado/Lab2/axi_gpio_ab/axi_gpio_vitis_T1/axi_gpio_platform_T1/hw
TRACE::2026-09-14.20:34:07::SCWPlatform:: Platform Path C:/ECE520/Vivado/Lab2/axi_gpio_ab/axi_gpio_vitis_T1/axi_gpio_platform_T1/hw/axi_gpio_ab_wrapper_T1.xsa
TRACE::2026-09-14.20:34:07::SCWPlatform:: Unique name xilinx:zybo-z7-10::0.0
TRACE::2026-09-14.20:34:07::SCWPlatform::Trying to set the existing hwdb with name axi_gpio_ab_wrapper_0
TRACE::2026-09-14.20:34:07::SCWPlatform::Opened existing hwdb axi_gpio_ab_wrapper_0
TRACE::2026-09-14.20:34:07::SCWPlatform::Found the Hw Db part of the input DSA
TRACE::2026-09-14.20:34:07::SCWMssOS::Checking the sw design at  C:/ECE520/Vivado/Lab2/axi_gpio_ab/axi_gpio_vitis_T1/axi_gpio_platform_T1/zynq_fsbl/zynq_fsbl_bsp/system.mss
TRACE::2026-09-14.20:34:07::SCWMssOS::DEBUG:  swdes dump  C:/ECE520/Vivado/Lab2/axi_gpio_ab/axi_gpio_vitis_T1/axi_gpio_platform_T1/ps7_cortexa9_0/standalone_domain/bsp/system.mss|system_0||
C:/ECE520/Vivado/Lab2/axi_gpio_ab/axi_gpio_vitis_T1/axi_gpio_platform_T1/zynq_fsbl/zynq_fsbl_bsp/system.mss|system||

TRACE::2026-09-14.20:34:07::SCWMssOS::Sw design exists and opened at  C:/ECE520/Vivado/Lab2/axi_gpio_ab/axi_gpio_vitis_T1/axi_gpio_platform_T1/zynq_fsbl/zynq_fsbl_bsp/system.mss
TRACE::2026-09-14.20:34:07::SCWPlatform::Trying to open the hw design at C:/ECE520/Vivado/Lab2/axi_gpio_ab/axi_gpio_vitis_T1/axi_gpio_platform_T1/hw/axi_gpio_ab_wrapper_T1.xsa
TRACE::2026-09-14.20:34:07::SCWPlatform::DSA given C:/ECE520/Vivado/Lab2/axi_gpio_ab/axi_gpio_vitis_T1/axi_gpio_platform_T1/hw/axi_gpio_ab_wrapper_T1.xsa
TRACE::2026-09-14.20:34:07::SCWPlatform::DSA absoulate path C:/ECE520/Vivado/Lab2/axi_gpio_ab/axi_gpio_vitis_T1/axi_gpio_platform_T1/hw/axi_gpio_ab_wrapper_T1.xsa
TRACE::2026-09-14.20:34:07::SCWPlatform::DSA directory C:/ECE520/Vivado/Lab2/axi_gpio_ab/axi_gpio_vitis_T1/axi_gpio_platform_T1/hw
TRACE::2026-09-14.20:34:07::SCWPlatform:: Platform Path C:/ECE520/Vivado/Lab2/axi_gpio_ab/axi_gpio_vitis_T1/axi_gpio_platform_T1/hw/axi_gpio_ab_wrapper_T1.xsa
TRACE::2026-09-14.20:34:07::SCWPlatform:: Unique name xilinx:zybo-z7-10::0.0
TRACE::2026-09-14.20:34:07::SCWPlatform::Trying to set the existing hwdb with name axi_gpio_ab_wrapper_0
TRACE::2026-09-14.20:34:07::SCWPlatform::Opened existing hwdb axi_gpio_ab_wrapper_0
TRACE::2026-09-14.20:34:07::SCWPlatform::Found the Hw Db part of the input DSA
TRACE::2026-09-14.20:34:07::SCWMssOS::Checking the sw design at  C:/ECE520/Vivado/Lab2/axi_gpio_ab/axi_gpio_vitis_T1/axi_gpio_platform_T1/zynq_fsbl/zynq_fsbl_bsp/system.mss
TRACE::2026-09-14.20:34:07::SCWMssOS::DEBUG:  swdes dump  C:/ECE520/Vivado/Lab2/axi_gpio_ab/axi_gpio_vitis_T1/axi_gpio_platform_T1/ps7_cortexa9_0/standalone_domain/bsp/system.mss|system_0||
C:/ECE520/Vivado/Lab2/axi_gpio_ab/axi_gpio_vitis_T1/axi_gpio_platform_T1/zynq_fsbl/zynq_fsbl_bsp/system.mss|system||

TRACE::2026-09-14.20:34:07::SCWMssOS::Sw design exists and opened at  C:/ECE520/Vivado/Lab2/axi_gpio_ab/axi_gpio_vitis_T1/axi_gpio_platform_T1/zynq_fsbl/zynq_fsbl_bsp/system.mss
TRACE::2026-09-14.20:34:07::SCWPlatform::Trying to open the hw design at C:/ECE520/Vivado/Lab2/axi_gpio_ab/axi_gpio_vitis_T1/axi_gpio_platform_T1/hw/axi_gpio_ab_wrapper_T1.xsa
TRACE::2026-09-14.20:34:07::SCWPlatform::DSA given C:/ECE520/Vivado/Lab2/axi_gpio_ab/axi_gpio_vitis_T1/axi_gpio_platform_T1/hw/axi_gpio_ab_wrapper_T1.xsa
TRACE::2026-09-14.20:34:07::SCWPlatform::DSA absoulate path C:/ECE520/Vivado/Lab2/axi_gpio_ab/axi_gpio_vitis_T1/axi_gpio_platform_T1/hw/axi_gpio_ab_wrapper_T1.xsa
TRACE::2026-09-14.20:34:07::SCWPlatform::DSA directory C:/ECE520/Vivado/Lab2/axi_gpio_ab/axi_gpio_vitis_T1/axi_gpio_platform_T1/hw
TRACE::2026-09-14.20:34:07::SCWPlatform:: Platform Path C:/ECE520/Vivado/Lab2/axi_gpio_ab/axi_gpio_vitis_T1/axi_gpio_platform_T1/hw/axi_gpio_ab_wrapper_T1.xsa
TRACE::2026-09-14.20:34:07::SCWPlatform:: Unique name xilinx:zybo-z7-10::0.0
TRACE::2026-09-14.20:34:07::SCWPlatform::Trying to set the existing hwdb with name axi_gpio_ab_wrapper_0
TRACE::2026-09-14.20:34:07::SCWPlatform::Opened existing hwdb axi_gpio_ab_wrapper_0
TRACE::2026-09-14.20:34:07::SCWPlatform::Found the Hw Db part of the input DSA
TRACE::2026-09-14.20:34:07::SCWMssOS::Checking the sw design at  C:/ECE520/Vivado/Lab2/axi_gpio_ab/axi_gpio_vitis_T1/axi_gpio_platform_T1/zynq_fsbl/zynq_fsbl_bsp/system.mss
TRACE::2026-09-14.20:34:07::SCWMssOS::DEBUG:  swdes dump  C:/ECE520/Vivado/Lab2/axi_gpio_ab/axi_gpio_vitis_T1/axi_gpio_platform_T1/ps7_cortexa9_0/standalone_domain/bsp/system.mss|system_0||
C:/ECE520/Vivado/Lab2/axi_gpio_ab/axi_gpio_vitis_T1/axi_gpio_platform_T1/zynq_fsbl/zynq_fsbl_bsp/system.mss|system||

TRACE::2026-09-14.20:34:07::SCWMssOS::Sw design exists and opened at  C:/ECE520/Vivado/Lab2/axi_gpio_ab/axi_gpio_vitis_T1/axi_gpio_platform_T1/zynq_fsbl/zynq_fsbl_bsp/system.mss
TRACE::2026-09-14.20:34:07::SCWPlatform::Trying to open the hw design at C:/ECE520/Vivado/Lab2/axi_gpio_ab/axi_gpio_vitis_T1/axi_gpio_platform_T1/hw/axi_gpio_ab_wrapper_T1.xsa
TRACE::2026-09-14.20:34:07::SCWPlatform::DSA given C:/ECE520/Vivado/Lab2/axi_gpio_ab/axi_gpio_vitis_T1/axi_gpio_platform_T1/hw/axi_gpio_ab_wrapper_T1.xsa
TRACE::2026-09-14.20:34:07::SCWPlatform::DSA absoulate path C:/ECE520/Vivado/Lab2/axi_gpio_ab/axi_gpio_vitis_T1/axi_gpio_platform_T1/hw/axi_gpio_ab_wrapper_T1.xsa
TRACE::2026-09-14.20:34:07::SCWPlatform::DSA directory C:/ECE520/Vivado/Lab2/axi_gpio_ab/axi_gpio_vitis_T1/axi_gpio_platform_T1/hw
TRACE::2026-09-14.20:34:07::SCWPlatform:: Platform Path C:/ECE520/Vivado/Lab2/axi_gpio_ab/axi_gpio_vitis_T1/axi_gpio_platform_T1/hw/axi_gpio_ab_wrapper_T1.xsa
TRACE::2026-09-14.20:34:07::SCWPlatform:: Unique name xilinx:zybo-z7-10::0.0
TRACE::2026-09-14.20:34:07::SCWPlatform::Trying to set the existing hwdb with name axi_gpio_ab_wrapper_0
TRACE::2026-09-14.20:34:07::SCWPlatform::Opened existing hwdb axi_gpio_ab_wrapper_0
TRACE::2026-09-14.20:34:07::SCWPlatform::Found the Hw Db part of the input DSA
TRACE::2026-09-14.20:34:07::SCWMssOS::Checking the sw design at  C:/ECE520/Vivado/Lab2/axi_gpio_ab/axi_gpio_vitis_T1/axi_gpio_platform_T1/ps7_cortexa9_0/standalone_domain/bsp/system.mss
TRACE::2026-09-14.20:34:07::SCWMssOS::DEBUG:  swdes dump  C:/ECE520/Vivado/Lab2/axi_gpio_ab/axi_gpio_vitis_T1/axi_gpio_platform_T1/ps7_cortexa9_0/standalone_domain/bsp/system.mss|system_0||
C:/ECE520/Vivado/Lab2/axi_gpio_ab/axi_gpio_vitis_T1/axi_gpio_platform_T1/zynq_fsbl/zynq_fsbl_bsp/system.mss|system||

TRACE::2026-09-14.20:34:07::SCWMssOS::Sw design exists and opened at  C:/ECE520/Vivado/Lab2/axi_gpio_ab/axi_gpio_vitis_T1/axi_gpio_platform_T1/ps7_cortexa9_0/standalone_domain/bsp/system.mss
TRACE::2026-09-14.20:34:07::SCWPlatform::Trying to open the hw design at C:/ECE520/Vivado/Lab2/axi_gpio_ab/axi_gpio_vitis_T1/axi_gpio_platform_T1/hw/axi_gpio_ab_wrapper_T1.xsa
TRACE::2026-09-14.20:34:07::SCWPlatform::DSA given C:/ECE520/Vivado/Lab2/axi_gpio_ab/axi_gpio_vitis_T1/axi_gpio_platform_T1/hw/axi_gpio_ab_wrapper_T1.xsa
TRACE::2026-09-14.20:34:07::SCWPlatform::DSA absoulate path C:/ECE520/Vivado/Lab2/axi_gpio_ab/axi_gpio_vitis_T1/axi_gpio_platform_T1/hw/axi_gpio_ab_wrapper_T1.xsa
TRACE::2026-09-14.20:34:07::SCWPlatform::DSA directory C:/ECE520/Vivado/Lab2/axi_gpio_ab/axi_gpio_vitis_T1/axi_gpio_platform_T1/hw
TRACE::2026-09-14.20:34:07::SCWPlatform:: Platform Path C:/ECE520/Vivado/Lab2/axi_gpio_ab/axi_gpio_vitis_T1/axi_gpio_platform_T1/hw/axi_gpio_ab_wrapper_T1.xsa
TRACE::2026-09-14.20:34:07::SCWPlatform:: Unique name xilinx:zybo-z7-10::0.0
TRACE::2026-09-14.20:34:07::SCWPlatform::Trying to set the existing hwdb with name axi_gpio_ab_wrapper_0
TRACE::2026-09-14.20:34:07::SCWPlatform::Opened existing hwdb axi_gpio_ab_wrapper_0
TRACE::2026-09-14.20:34:07::SCWPlatform::Found the Hw Db part of the input DSA
TRACE::2026-09-14.20:34:07::SCWMssOS::Checking the sw design at  C:/ECE520/Vivado/Lab2/axi_gpio_ab/axi_gpio_vitis_T1/axi_gpio_platform_T1/ps7_cortexa9_0/standalone_domain/bsp/system.mss
TRACE::2026-09-14.20:34:07::SCWMssOS::DEBUG:  swdes dump  C:/ECE520/Vivado/Lab2/axi_gpio_ab/axi_gpio_vitis_T1/axi_gpio_platform_T1/ps7_cortexa9_0/standalone_domain/bsp/system.mss|system_0||
C:/ECE520/Vivado/Lab2/axi_gpio_ab/axi_gpio_vitis_T1/axi_gpio_platform_T1/zynq_fsbl/zynq_fsbl_bsp/system.mss|system||

TRACE::2026-09-14.20:34:07::SCWMssOS::Sw design exists and opened at  C:/ECE520/Vivado/Lab2/axi_gpio_ab/axi_gpio_vitis_T1/axi_gpio_platform_T1/ps7_cortexa9_0/standalone_domain/bsp/system.mss
TRACE::2026-09-14.20:34:07::SCWPlatform::Trying to open the hw design at C:/ECE520/Vivado/Lab2/axi_gpio_ab/axi_gpio_vitis_T1/axi_gpio_platform_T1/hw/axi_gpio_ab_wrapper_T1.xsa
TRACE::2026-09-14.20:34:07::SCWPlatform::DSA given C:/ECE520/Vivado/Lab2/axi_gpio_ab/axi_gpio_vitis_T1/axi_gpio_platform_T1/hw/axi_gpio_ab_wrapper_T1.xsa
TRACE::2026-09-14.20:34:07::SCWPlatform::DSA absoulate path C:/ECE520/Vivado/Lab2/axi_gpio_ab/axi_gpio_vitis_T1/axi_gpio_platform_T1/hw/axi_gpio_ab_wrapper_T1.xsa
TRACE::2026-09-14.20:34:07::SCWPlatform::DSA directory C:/ECE520/Vivado/Lab2/axi_gpio_ab/axi_gpio_vitis_T1/axi_gpio_platform_T1/hw
TRACE::2026-09-14.20:34:07::SCWPlatform:: Platform Path C:/ECE520/Vivado/Lab2/axi_gpio_ab/axi_gpio_vitis_T1/axi_gpio_platform_T1/hw/axi_gpio_ab_wrapper_T1.xsa
TRACE::2026-09-14.20:34:07::SCWPlatform:: Unique name xilinx:zybo-z7-10::0.0
TRACE::2026-09-14.20:34:07::SCWPlatform::Trying to set the existing hwdb with name axi_gpio_ab_wrapper_0
TRACE::2026-09-14.20:34:07::SCWPlatform::Opened existing hwdb axi_gpio_ab_wrapper_0
TRACE::2026-09-14.20:34:07::SCWPlatform::Found the Hw Db part of the input DSA
TRACE::2026-09-14.20:34:07::SCWMssOS::Checking the sw design at  C:/ECE520/Vivado/Lab2/axi_gpio_ab/axi_gpio_vitis_T1/axi_gpio_platform_T1/ps7_cortexa9_0/standalone_domain/bsp/system.mss
TRACE::2026-09-14.20:34:07::SCWMssOS::DEBUG:  swdes dump  C:/ECE520/Vivado/Lab2/axi_gpio_ab/axi_gpio_vitis_T1/axi_gpio_platform_T1/ps7_cortexa9_0/standalone_domain/bsp/system.mss|system_0||
C:/ECE520/Vivado/Lab2/axi_gpio_ab/axi_gpio_vitis_T1/axi_gpio_platform_T1/zynq_fsbl/zynq_fsbl_bsp/system.mss|system||

TRACE::2026-09-14.20:34:07::SCWMssOS::Sw design exists and opened at  C:/ECE520/Vivado/Lab2/axi_gpio_ab/axi_gpio_vitis_T1/axi_gpio_platform_T1/ps7_cortexa9_0/standalone_domain/bsp/system.mss
TRACE::2026-09-14.20:34:07::SCWWriter::formatted JSON is {
	"platformName":	"axi_gpio_platform_T1",
	"sprVersion":	"2.0",
	"mode":	"gui",
	"dsaType":	"Fixed",
	"platformDesc":	"axi_gpio_platform_T1",
	"platHandOff":	"C:/ECE520/Vivado/Lab2/axi_gpio_ab/axi_gpio_ab_wrapper_T1.xsa",
	"platIntHandOff":	"<platformDir>/hw/axi_gpio_ab_wrapper_T1.xsa",
	"deviceType":	"zynq",
	"platIsPrebuiltAutogen":	"false",
	"platIsNoBootBsp":	"false",
	"platFsblTarget":	"ps7_cortexa9_0",
	"hasFsblMakeHasChanges":	"false",
	"hasPmufwMakeHasChanges":	"false",
	"fsblExtraCompilerFlags":	"-MMD -MP       -mcpu=cortex-a9 -mfpu=vfpv3 -mfloat-abi=hard ",
	"platPreBuiltFlag":	false,
	"platformSamplesDir":	"",
	"platActiveSys":	"axi_gpio_platform_T1",
	"systems":	[{
			"systemName":	"axi_gpio_platform_T1",
			"systemDesc":	"axi_gpio_platform_T1",
			"sysIsBootAutoGen":	"true",
			"systemDispName":	"axi_gpio_platform_T1",
			"sysActiveDom":	"standalone_domain",
			"sysDefaultDom":	"standalone_domain",
			"domains":	[{
					"domainName":	"zynq_fsbl",
					"domainDispName":	"zynq_fsbl",
					"domainDesc":	"FSBL Application BSP - Auto Generated.",
					"processors":	"ps7_cortexa9_0",
					"os":	"standalone",
					"sdxOs":	"standalone",
					"debugEnable":	"",
					"domRuntimes":	["cpp"],
					"swRepo":	"",
					"mssOsVer":	"8.1",
					"mssFile":	"",
					"md5Digest":	"65693ccea2e90031f2dc4733d5bd991b",
					"compatibleApp":	"zynq_fsbl",
					"domType":	"bootDomain",
					"arch":	"32-bit",
					"appSettings":	{
						"appCompilerFlags":	"",
						"appLinkerFlags":	""
					},
					"addedLibs":	["xilffs:5.0", "xilrsa:1.6"],
					"libOptions":	{
						"libsContainingOptions":	[]
					},
					"prebuiltLibs":	{
						"prebuiltIncPath":	[],
						"prebuiltLibPath":	[]
					},
					"isolation":	{
					}
				}, {
					"domainName":	"standalone_domain",
					"domainDispName":	"standalone_domain",
					"domainDesc":	"standalone_domain",
					"processors":	"ps7_cortexa9_0",
					"os":	"standalone",
					"sdxOs":	"standalone",
					"qemuArgs":	"<platformDir>/resources/axi_gpio_platform_T1/standalone_domain/qemu_args.txt",
					"qemuData":	"<platformDir>/resources/axi_gpio_platform_T1/standalone_domain/qemu",
					"debugEnable":	"False",
					"domRuntimes":	["cpp"],
					"swRepo":	"",
					"mssOsVer":	"8.1",
					"mssFile":	"",
					"md5Digest":	"a82e1019665bce3dce07707172bb4370",
					"compatibleApp":	"",
					"domType":	"mssDomain",
					"appSettings":	{
						"appCompilerFlags":	"",
						"appLinkerFlags":	""
					},
					"addedLibs":	[],
					"libOptions":	{
						"libsContainingOptions":	[]
					},
					"prebuiltLibs":	{
						"prebuiltIncPath":	[],
						"prebuiltLibPath":	[]
					},
					"isolation":	{
					}
				}]
		}]
}
TRACE::2026-09-14.20:34:07::SCWPlatform::Trying to open the hw design at C:/ECE520/Vivado/Lab2/axi_gpio_ab/axi_gpio_vitis_T1/axi_gpio_platform_T1/hw/axi_gpio_ab_wrapper_T1.xsa
TRACE::2026-09-14.20:34:07::SCWPlatform::DSA given C:/ECE520/Vivado/Lab2/axi_gpio_ab/axi_gpio_vitis_T1/axi_gpio_platform_T1/hw/axi_gpio_ab_wrapper_T1.xsa
TRACE::2026-09-14.20:34:07::SCWPlatform::DSA absoulate path C:/ECE520/Vivado/Lab2/axi_gpio_ab/axi_gpio_vitis_T1/axi_gpio_platform_T1/hw/axi_gpio_ab_wrapper_T1.xsa
TRACE::2026-09-14.20:34:07::SCWPlatform::DSA directory C:/ECE520/Vivado/Lab2/axi_gpio_ab/axi_gpio_vitis_T1/axi_gpio_platform_T1/hw
TRACE::2026-09-14.20:34:07::SCWPlatform:: Platform Path C:/ECE520/Vivado/Lab2/axi_gpio_ab/axi_gpio_vitis_T1/axi_gpio_platform_T1/hw/axi_gpio_ab_wrapper_T1.xsa
TRACE::2026-09-14.20:34:07::SCWPlatform:: Unique name xilinx:zybo-z7-10::0.0
TRACE::2026-09-14.20:34:07::SCWPlatform::Trying to set the existing hwdb with name axi_gpio_ab_wrapper_0
TRACE::2026-09-14.20:34:07::SCWPlatform::Opened existing hwdb axi_gpio_ab_wrapper_0
TRACE::2026-09-14.20:34:07::SCWPlatform::Found the Hw Db part of the input DSA
TRACE::2026-09-14.20:34:07::SCWMssOS::Checking the sw design at  C:/ECE520/Vivado/Lab2/axi_gpio_ab/axi_gpio_vitis_T1/axi_gpio_platform_T1/ps7_cortexa9_0/standalone_domain/bsp/system.mss
TRACE::2026-09-14.20:34:07::SCWMssOS::DEBUG:  swdes dump  C:/ECE520/Vivado/Lab2/axi_gpio_ab/axi_gpio_vitis_T1/axi_gpio_platform_T1/ps7_cortexa9_0/standalone_domain/bsp/system.mss|system_0||
C:/ECE520/Vivado/Lab2/axi_gpio_ab/axi_gpio_vitis_T1/axi_gpio_platform_T1/zynq_fsbl/zynq_fsbl_bsp/system.mss|system||

TRACE::2026-09-14.20:34:07::SCWMssOS::Sw design exists and opened at  C:/ECE520/Vivado/Lab2/axi_gpio_ab/axi_gpio_vitis_T1/axi_gpio_platform_T1/ps7_cortexa9_0/standalone_domain/bsp/system.mss
TRACE::2026-09-14.20:34:07::SCWPlatform::Trying to open the hw design at C:/ECE520/Vivado/Lab2/axi_gpio_ab/axi_gpio_vitis_T1/axi_gpio_platform_T1/hw/axi_gpio_ab_wrapper_T1.xsa
TRACE::2026-09-14.20:34:07::SCWPlatform::DSA given C:/ECE520/Vivado/Lab2/axi_gpio_ab/axi_gpio_vitis_T1/axi_gpio_platform_T1/hw/axi_gpio_ab_wrapper_T1.xsa
TRACE::2026-09-14.20:34:07::SCWPlatform::DSA absoulate path C:/ECE520/Vivado/Lab2/axi_gpio_ab/axi_gpio_vitis_T1/axi_gpio_platform_T1/hw/axi_gpio_ab_wrapper_T1.xsa
TRACE::2026-09-14.20:34:07::SCWPlatform::DSA directory C:/ECE520/Vivado/Lab2/axi_gpio_ab/axi_gpio_vitis_T1/axi_gpio_platform_T1/hw
TRACE::2026-09-14.20:34:07::SCWPlatform:: Platform Path C:/ECE520/Vivado/Lab2/axi_gpio_ab/axi_gpio_vitis_T1/axi_gpio_platform_T1/hw/axi_gpio_ab_wrapper_T1.xsa
TRACE::2026-09-14.20:34:07::SCWPlatform:: Unique name xilinx:zybo-z7-10::0.0
TRACE::2026-09-14.20:34:07::SCWPlatform::Trying to set the existing hwdb with name axi_gpio_ab_wrapper_0
TRACE::2026-09-14.20:34:07::SCWPlatform::Opened existing hwdb axi_gpio_ab_wrapper_0
TRACE::2026-09-14.20:34:07::SCWPlatform::Found the Hw Db part of the input DSA
TRACE::2026-09-14.20:34:07::SCWMssOS::Checking the sw design at  C:/ECE520/Vivado/Lab2/axi_gpio_ab/axi_gpio_vitis_T1/axi_gpio_platform_T1/ps7_cortexa9_0/standalone_domain/bsp/system.mss
TRACE::2026-09-14.20:34:07::SCWMssOS::DEBUG:  swdes dump  C:/ECE520/Vivado/Lab2/axi_gpio_ab/axi_gpio_vitis_T1/axi_gpio_platform_T1/ps7_cortexa9_0/standalone_domain/bsp/system.mss|system_0||
C:/ECE520/Vivado/Lab2/axi_gpio_ab/axi_gpio_vitis_T1/axi_gpio_platform_T1/zynq_fsbl/zynq_fsbl_bsp/system.mss|system||

TRACE::2026-09-14.20:34:07::SCWMssOS::Sw design exists and opened at  C:/ECE520/Vivado/Lab2/axi_gpio_ab/axi_gpio_vitis_T1/axi_gpio_platform_T1/ps7_cortexa9_0/standalone_domain/bsp/system.mss
TRACE::2026-09-14.20:34:07::SCWPlatform::Trying to open the hw design at C:/ECE520/Vivado/Lab2/axi_gpio_ab/axi_gpio_vitis_T1/axi_gpio_platform_T1/hw/axi_gpio_ab_wrapper_T1.xsa
TRACE::2026-09-14.20:34:07::SCWPlatform::DSA given C:/ECE520/Vivado/Lab2/axi_gpio_ab/axi_gpio_vitis_T1/axi_gpio_platform_T1/hw/axi_gpio_ab_wrapper_T1.xsa
TRACE::2026-09-14.20:34:07::SCWPlatform::DSA absoulate path C:/ECE520/Vivado/Lab2/axi_gpio_ab/axi_gpio_vitis_T1/axi_gpio_platform_T1/hw/axi_gpio_ab_wrapper_T1.xsa
TRACE::2026-09-14.20:34:07::SCWPlatform::DSA directory C:/ECE520/Vivado/Lab2/axi_gpio_ab/axi_gpio_vitis_T1/axi_gpio_platform_T1/hw
TRACE::2026-09-14.20:34:07::SCWPlatform:: Platform Path C:/ECE520/Vivado/Lab2/axi_gpio_ab/axi_gpio_vitis_T1/axi_gpio_platform_T1/hw/axi_gpio_ab_wrapper_T1.xsa
TRACE::2026-09-14.20:34:07::SCWPlatform:: Unique name xilinx:zybo-z7-10::0.0
TRACE::2026-09-14.20:34:07::SCWPlatform::Trying to set the existing hwdb with name axi_gpio_ab_wrapper_0
TRACE::2026-09-14.20:34:07::SCWPlatform::Opened existing hwdb axi_gpio_ab_wrapper_0
TRACE::2026-09-14.20:34:07::SCWPlatform::Found the Hw Db part of the input DSA
TRACE::2026-09-14.20:34:07::SCWMssOS::Checking the sw design at  C:/ECE520/Vivado/Lab2/axi_gpio_ab/axi_gpio_vitis_T1/axi_gpio_platform_T1/ps7_cortexa9_0/standalone_domain/bsp/system.mss
TRACE::2026-09-14.20:34:07::SCWMssOS::DEBUG:  swdes dump  C:/ECE520/Vivado/Lab2/axi_gpio_ab/axi_gpio_vitis_T1/axi_gpio_platform_T1/ps7_cortexa9_0/standalone_domain/bsp/system.mss|system_0||
C:/ECE520/Vivado/Lab2/axi_gpio_ab/axi_gpio_vitis_T1/axi_gpio_platform_T1/zynq_fsbl/zynq_fsbl_bsp/system.mss|system||

TRACE::2026-09-14.20:34:07::SCWMssOS::Sw design exists and opened at  C:/ECE520/Vivado/Lab2/axi_gpio_ab/axi_gpio_vitis_T1/axi_gpio_platform_T1/ps7_cortexa9_0/standalone_domain/bsp/system.mss
TRACE::2026-09-14.20:34:07::SCWMssOS::Saving the mss changes C:/ECE520/Vivado/Lab2/axi_gpio_ab/axi_gpio_vitis_T1/axi_gpio_platform_T1/zynq_fsbl/zynq_fsbl_bsp/system.mss
TRACE::2026-09-14.20:34:07::SCWMssOS::Found a swdesign opened with the mssfile.
TRACE::2026-09-14.20:34:07::SCWMssOS::Completed writemss as part of save.
TRACE::2026-09-14.20:34:07::SCWMssOS::Commit changes completed.
TRACE::2026-09-14.20:34:07::SCWMssOS::Saving the mss changes C:/ECE520/Vivado/Lab2/axi_gpio_ab/axi_gpio_vitis_T1/axi_gpio_platform_T1/ps7_cortexa9_0/standalone_domain/bsp/system.mss
TRACE::2026-09-14.20:34:07::SCWMssOS::Found a swdesign opened with the mssfile.
TRACE::2026-09-14.20:34:07::SCWMssOS::Completed writemss as part of save.
TRACE::2026-09-14.20:34:07::SCWMssOS::Commit changes completed.
TRACE::2026-09-14.20:34:07::SCWPlatform::Trying to open the hw design at C:/ECE520/Vivado/Lab2/axi_gpio_ab/axi_gpio_vitis_T1/axi_gpio_platform_T1/hw/axi_gpio_ab_wrapper_T1.xsa
TRACE::2026-09-14.20:34:07::SCWPlatform::DSA given C:/ECE520/Vivado/Lab2/axi_gpio_ab/axi_gpio_vitis_T1/axi_gpio_platform_T1/hw/axi_gpio_ab_wrapper_T1.xsa
TRACE::2026-09-14.20:34:07::SCWPlatform::DSA absoulate path C:/ECE520/Vivado/Lab2/axi_gpio_ab/axi_gpio_vitis_T1/axi_gpio_platform_T1/hw/axi_gpio_ab_wrapper_T1.xsa
TRACE::2026-09-14.20:34:07::SCWPlatform::DSA directory C:/ECE520/Vivado/Lab2/axi_gpio_ab/axi_gpio_vitis_T1/axi_gpio_platform_T1/hw
TRACE::2026-09-14.20:34:07::SCWPlatform:: Platform Path C:/ECE520/Vivado/Lab2/axi_gpio_ab/axi_gpio_vitis_T1/axi_gpio_platform_T1/hw/axi_gpio_ab_wrapper_T1.xsa
TRACE::2026-09-14.20:34:07::SCWPlatform:: Unique name xilinx:zybo-z7-10::0.0
TRACE::2026-09-14.20:34:07::SCWPlatform::Trying to set the existing hwdb with name axi_gpio_ab_wrapper_0
TRACE::2026-09-14.20:34:07::SCWPlatform::Opened existing hwdb axi_gpio_ab_wrapper_0
TRACE::2026-09-14.20:34:07::SCWPlatform::Found the Hw Db part of the input DSA
TRACE::2026-09-14.20:34:07::SCWMssOS::Checking the sw design at  C:/ECE520/Vivado/Lab2/axi_gpio_ab/axi_gpio_vitis_T1/axi_gpio_platform_T1/zynq_fsbl/zynq_fsbl_bsp/system.mss
TRACE::2026-09-14.20:34:07::SCWMssOS::DEBUG:  swdes dump  C:/ECE520/Vivado/Lab2/axi_gpio_ab/axi_gpio_vitis_T1/axi_gpio_platform_T1/ps7_cortexa9_0/standalone_domain/bsp/system.mss|system_0||
C:/ECE520/Vivado/Lab2/axi_gpio_ab/axi_gpio_vitis_T1/axi_gpio_platform_T1/zynq_fsbl/zynq_fsbl_bsp/system.mss|system||

TRACE::2026-09-14.20:34:07::SCWMssOS::Sw design exists and opened at  C:/ECE520/Vivado/Lab2/axi_gpio_ab/axi_gpio_vitis_T1/axi_gpio_platform_T1/zynq_fsbl/zynq_fsbl_bsp/system.mss
TRACE::2026-09-14.20:34:07::SCWPlatform::Trying to open the hw design at C:/ECE520/Vivado/Lab2/axi_gpio_ab/axi_gpio_vitis_T1/axi_gpio_platform_T1/hw/axi_gpio_ab_wrapper_T1.xsa
TRACE::2026-09-14.20:34:07::SCWPlatform::DSA given C:/ECE520/Vivado/Lab2/axi_gpio_ab/axi_gpio_vitis_T1/axi_gpio_platform_T1/hw/axi_gpio_ab_wrapper_T1.xsa
TRACE::2026-09-14.20:34:07::SCWPlatform::DSA absoulate path C:/ECE520/Vivado/Lab2/axi_gpio_ab/axi_gpio_vitis_T1/axi_gpio_platform_T1/hw/axi_gpio_ab_wrapper_T1.xsa
TRACE::2026-09-14.20:34:07::SCWPlatform::DSA directory C:/ECE520/Vivado/Lab2/axi_gpio_ab/axi_gpio_vitis_T1/axi_gpio_platform_T1/hw
TRACE::2026-09-14.20:34:07::SCWPlatform:: Platform Path C:/ECE520/Vivado/Lab2/axi_gpio_ab/axi_gpio_vitis_T1/axi_gpio_platform_T1/hw/axi_gpio_ab_wrapper_T1.xsa
TRACE::2026-09-14.20:34:07::SCWPlatform:: Unique name xilinx:zybo-z7-10::0.0
TRACE::2026-09-14.20:34:07::SCWPlatform::Trying to set the existing hwdb with name axi_gpio_ab_wrapper_0
TRACE::2026-09-14.20:34:07::SCWPlatform::Opened existing hwdb axi_gpio_ab_wrapper_0
TRACE::2026-09-14.20:34:07::SCWPlatform::Found the Hw Db part of the input DSA
TRACE::2026-09-14.20:34:07::SCWMssOS::Checking the sw design at  C:/ECE520/Vivado/Lab2/axi_gpio_ab/axi_gpio_vitis_T1/axi_gpio_platform_T1/zynq_fsbl/zynq_fsbl_bsp/system.mss
TRACE::2026-09-14.20:34:07::SCWMssOS::DEBUG:  swdes dump  C:/ECE520/Vivado/Lab2/axi_gpio_ab/axi_gpio_vitis_T1/axi_gpio_platform_T1/ps7_cortexa9_0/standalone_domain/bsp/system.mss|system_0||
C:/ECE520/Vivado/Lab2/axi_gpio_ab/axi_gpio_vitis_T1/axi_gpio_platform_T1/zynq_fsbl/zynq_fsbl_bsp/system.mss|system||

TRACE::2026-09-14.20:34:07::SCWMssOS::Sw design exists and opened at  C:/ECE520/Vivado/Lab2/axi_gpio_ab/axi_gpio_vitis_T1/axi_gpio_platform_T1/zynq_fsbl/zynq_fsbl_bsp/system.mss
TRACE::2026-09-14.20:34:07::SCWPlatform::Trying to open the hw design at C:/ECE520/Vivado/Lab2/axi_gpio_ab/axi_gpio_vitis_T1/axi_gpio_platform_T1/hw/axi_gpio_ab_wrapper_T1.xsa
TRACE::2026-09-14.20:34:07::SCWPlatform::DSA given C:/ECE520/Vivado/Lab2/axi_gpio_ab/axi_gpio_vitis_T1/axi_gpio_platform_T1/hw/axi_gpio_ab_wrapper_T1.xsa
TRACE::2026-09-14.20:34:07::SCWPlatform::DSA absoulate path C:/ECE520/Vivado/Lab2/axi_gpio_ab/axi_gpio_vitis_T1/axi_gpio_platform_T1/hw/axi_gpio_ab_wrapper_T1.xsa
TRACE::2026-09-14.20:34:07::SCWPlatform::DSA directory C:/ECE520/Vivado/Lab2/axi_gpio_ab/axi_gpio_vitis_T1/axi_gpio_platform_T1/hw
TRACE::2026-09-14.20:34:07::SCWPlatform:: Platform Path C:/ECE520/Vivado/Lab2/axi_gpio_ab/axi_gpio_vitis_T1/axi_gpio_platform_T1/hw/axi_gpio_ab_wrapper_T1.xsa
TRACE::2026-09-14.20:34:07::SCWPlatform:: Unique name xilinx:zybo-z7-10::0.0
TRACE::2026-09-14.20:34:07::SCWPlatform::Trying to set the existing hwdb with name axi_gpio_ab_wrapper_0
TRACE::2026-09-14.20:34:07::SCWPlatform::Opened existing hwdb axi_gpio_ab_wrapper_0
TRACE::2026-09-14.20:34:07::SCWPlatform::Found the Hw Db part of the input DSA
TRACE::2026-09-14.20:34:07::SCWMssOS::Checking the sw design at  C:/ECE520/Vivado/Lab2/axi_gpio_ab/axi_gpio_vitis_T1/axi_gpio_platform_T1/zynq_fsbl/zynq_fsbl_bsp/system.mss
TRACE::2026-09-14.20:34:07::SCWMssOS::DEBUG:  swdes dump  C:/ECE520/Vivado/Lab2/axi_gpio_ab/axi_gpio_vitis_T1/axi_gpio_platform_T1/ps7_cortexa9_0/standalone_domain/bsp/system.mss|system_0||
C:/ECE520/Vivado/Lab2/axi_gpio_ab/axi_gpio_vitis_T1/axi_gpio_platform_T1/zynq_fsbl/zynq_fsbl_bsp/system.mss|system||

TRACE::2026-09-14.20:34:07::SCWMssOS::Sw design exists and opened at  C:/ECE520/Vivado/Lab2/axi_gpio_ab/axi_gpio_vitis_T1/axi_gpio_platform_T1/zynq_fsbl/zynq_fsbl_bsp/system.mss
TRACE::2026-09-14.20:34:07::SCWPlatform::Trying to open the hw design at C:/ECE520/Vivado/Lab2/axi_gpio_ab/axi_gpio_vitis_T1/axi_gpio_platform_T1/hw/axi_gpio_ab_wrapper_T1.xsa
TRACE::2026-09-14.20:34:07::SCWPlatform::DSA given C:/ECE520/Vivado/Lab2/axi_gpio_ab/axi_gpio_vitis_T1/axi_gpio_platform_T1/hw/axi_gpio_ab_wrapper_T1.xsa
TRACE::2026-09-14.20:34:07::SCWPlatform::DSA absoulate path C:/ECE520/Vivado/Lab2/axi_gpio_ab/axi_gpio_vitis_T1/axi_gpio_platform_T1/hw/axi_gpio_ab_wrapper_T1.xsa
TRACE::2026-09-14.20:34:07::SCWPlatform::DSA directory C:/ECE520/Vivado/Lab2/axi_gpio_ab/axi_gpio_vitis_T1/axi_gpio_platform_T1/hw
TRACE::2026-09-14.20:34:07::SCWPlatform:: Platform Path C:/ECE520/Vivado/Lab2/axi_gpio_ab/axi_gpio_vitis_T1/axi_gpio_platform_T1/hw/axi_gpio_ab_wrapper_T1.xsa
TRACE::2026-09-14.20:34:07::SCWPlatform:: Unique name xilinx:zybo-z7-10::0.0
TRACE::2026-09-14.20:34:07::SCWPlatform::Trying to set the existing hwdb with name axi_gpio_ab_wrapper_0
TRACE::2026-09-14.20:34:07::SCWPlatform::Opened existing hwdb axi_gpio_ab_wrapper_0
TRACE::2026-09-14.20:34:07::SCWPlatform::Found the Hw Db part of the input DSA
TRACE::2026-09-14.20:34:07::SCWMssOS::Checking the sw design at  C:/ECE520/Vivado/Lab2/axi_gpio_ab/axi_gpio_vitis_T1/axi_gpio_platform_T1/ps7_cortexa9_0/standalone_domain/bsp/system.mss
TRACE::2026-09-14.20:34:07::SCWMssOS::DEBUG:  swdes dump  C:/ECE520/Vivado/Lab2/axi_gpio_ab/axi_gpio_vitis_T1/axi_gpio_platform_T1/ps7_cortexa9_0/standalone_domain/bsp/system.mss|system_0||
C:/ECE520/Vivado/Lab2/axi_gpio_ab/axi_gpio_vitis_T1/axi_gpio_platform_T1/zynq_fsbl/zynq_fsbl_bsp/system.mss|system||

TRACE::2026-09-14.20:34:07::SCWMssOS::Sw design exists and opened at  C:/ECE520/Vivado/Lab2/axi_gpio_ab/axi_gpio_vitis_T1/axi_gpio_platform_T1/ps7_cortexa9_0/standalone_domain/bsp/system.mss
TRACE::2026-09-14.20:34:07::SCWPlatform::Trying to open the hw design at C:/ECE520/Vivado/Lab2/axi_gpio_ab/axi_gpio_vitis_T1/axi_gpio_platform_T1/hw/axi_gpio_ab_wrapper_T1.xsa
TRACE::2026-09-14.20:34:07::SCWPlatform::DSA given C:/ECE520/Vivado/Lab2/axi_gpio_ab/axi_gpio_vitis_T1/axi_gpio_platform_T1/hw/axi_gpio_ab_wrapper_T1.xsa
TRACE::2026-09-14.20:34:07::SCWPlatform::DSA absoulate path C:/ECE520/Vivado/Lab2/axi_gpio_ab/axi_gpio_vitis_T1/axi_gpio_platform_T1/hw/axi_gpio_ab_wrapper_T1.xsa
TRACE::2026-09-14.20:34:07::SCWPlatform::DSA directory C:/ECE520/Vivado/Lab2/axi_gpio_ab/axi_gpio_vitis_T1/axi_gpio_platform_T1/hw
TRACE::2026-09-14.20:34:07::SCWPlatform:: Platform Path C:/ECE520/Vivado/Lab2/axi_gpio_ab/axi_gpio_vitis_T1/axi_gpio_platform_T1/hw/axi_gpio_ab_wrapper_T1.xsa
TRACE::2026-09-14.20:34:07::SCWPlatform:: Unique name xilinx:zybo-z7-10::0.0
TRACE::2026-09-14.20:34:07::SCWPlatform::Trying to set the existing hwdb with name axi_gpio_ab_wrapper_0
TRACE::2026-09-14.20:34:07::SCWPlatform::Opened existing hwdb axi_gpio_ab_wrapper_0
TRACE::2026-09-14.20:34:07::SCWPlatform::Found the Hw Db part of the input DSA
TRACE::2026-09-14.20:34:07::SCWMssOS::Checking the sw design at  C:/ECE520/Vivado/Lab2/axi_gpio_ab/axi_gpio_vitis_T1/axi_gpio_platform_T1/ps7_cortexa9_0/standalone_domain/bsp/system.mss
TRACE::2026-09-14.20:34:07::SCWMssOS::DEBUG:  swdes dump  C:/ECE520/Vivado/Lab2/axi_gpio_ab/axi_gpio_vitis_T1/axi_gpio_platform_T1/ps7_cortexa9_0/standalone_domain/bsp/system.mss|system_0||
C:/ECE520/Vivado/Lab2/axi_gpio_ab/axi_gpio_vitis_T1/axi_gpio_platform_T1/zynq_fsbl/zynq_fsbl_bsp/system.mss|system||

TRACE::2026-09-14.20:34:07::SCWMssOS::Sw design exists and opened at  C:/ECE520/Vivado/Lab2/axi_gpio_ab/axi_gpio_vitis_T1/axi_gpio_platform_T1/ps7_cortexa9_0/standalone_domain/bsp/system.mss
TRACE::2026-09-14.20:34:07::SCWPlatform::Trying to open the hw design at C:/ECE520/Vivado/Lab2/axi_gpio_ab/axi_gpio_vitis_T1/axi_gpio_platform_T1/hw/axi_gpio_ab_wrapper_T1.xsa
TRACE::2026-09-14.20:34:07::SCWPlatform::DSA given C:/ECE520/Vivado/Lab2/axi_gpio_ab/axi_gpio_vitis_T1/axi_gpio_platform_T1/hw/axi_gpio_ab_wrapper_T1.xsa
TRACE::2026-09-14.20:34:07::SCWPlatform::DSA absoulate path C:/ECE520/Vivado/Lab2/axi_gpio_ab/axi_gpio_vitis_T1/axi_gpio_platform_T1/hw/axi_gpio_ab_wrapper_T1.xsa
TRACE::2026-09-14.20:34:07::SCWPlatform::DSA directory C:/ECE520/Vivado/Lab2/axi_gpio_ab/axi_gpio_vitis_T1/axi_gpio_platform_T1/hw
TRACE::2026-09-14.20:34:07::SCWPlatform:: Platform Path C:/ECE520/Vivado/Lab2/axi_gpio_ab/axi_gpio_vitis_T1/axi_gpio_platform_T1/hw/axi_gpio_ab_wrapper_T1.xsa
TRACE::2026-09-14.20:34:07::SCWPlatform:: Unique name xilinx:zybo-z7-10::0.0
TRACE::2026-09-14.20:34:07::SCWPlatform::Trying to set the existing hwdb with name axi_gpio_ab_wrapper_0
TRACE::2026-09-14.20:34:07::SCWPlatform::Opened existing hwdb axi_gpio_ab_wrapper_0
TRACE::2026-09-14.20:34:07::SCWPlatform::Found the Hw Db part of the input DSA
TRACE::2026-09-14.20:34:07::SCWMssOS::Checking the sw design at  C:/ECE520/Vivado/Lab2/axi_gpio_ab/axi_gpio_vitis_T1/axi_gpio_platform_T1/ps7_cortexa9_0/standalone_domain/bsp/system.mss
TRACE::2026-09-14.20:34:07::SCWMssOS::DEBUG:  swdes dump  C:/ECE520/Vivado/Lab2/axi_gpio_ab/axi_gpio_vitis_T1/axi_gpio_platform_T1/ps7_cortexa9_0/standalone_domain/bsp/system.mss|system_0||
C:/ECE520/Vivado/Lab2/axi_gpio_ab/axi_gpio_vitis_T1/axi_gpio_platform_T1/zynq_fsbl/zynq_fsbl_bsp/system.mss|system||

TRACE::2026-09-14.20:34:07::SCWMssOS::Sw design exists and opened at  C:/ECE520/Vivado/Lab2/axi_gpio_ab/axi_gpio_vitis_T1/axi_gpio_platform_T1/ps7_cortexa9_0/standalone_domain/bsp/system.mss
TRACE::2026-09-14.20:34:07::SCWWriter::formatted JSON is {
	"platformName":	"axi_gpio_platform_T1",
	"sprVersion":	"2.0",
	"mode":	"gui",
	"dsaType":	"Fixed",
	"platformDesc":	"axi_gpio_platform_T1",
	"platHandOff":	"C:/ECE520/Vivado/Lab2/axi_gpio_ab/axi_gpio_ab_wrapper_T1.xsa",
	"platIntHandOff":	"<platformDir>/hw/axi_gpio_ab_wrapper_T1.xsa",
	"deviceType":	"zynq",
	"platIsPrebuiltAutogen":	"false",
	"platIsNoBootBsp":	"false",
	"platFsblTarget":	"ps7_cortexa9_0",
	"hasFsblMakeHasChanges":	"false",
	"hasPmufwMakeHasChanges":	"false",
	"fsblExtraCompilerFlags":	"-MMD -MP       -mcpu=cortex-a9 -mfpu=vfpv3 -mfloat-abi=hard ",
	"platPreBuiltFlag":	false,
	"platformSamplesDir":	"",
	"platActiveSys":	"axi_gpio_platform_T1",
	"systems":	[{
			"systemName":	"axi_gpio_platform_T1",
			"systemDesc":	"axi_gpio_platform_T1",
			"sysIsBootAutoGen":	"true",
			"systemDispName":	"axi_gpio_platform_T1",
			"sysActiveDom":	"standalone_domain",
			"sysDefaultDom":	"standalone_domain",
			"domains":	[{
					"domainName":	"zynq_fsbl",
					"domainDispName":	"zynq_fsbl",
					"domainDesc":	"FSBL Application BSP - Auto Generated.",
					"processors":	"ps7_cortexa9_0",
					"os":	"standalone",
					"sdxOs":	"standalone",
					"debugEnable":	"",
					"domRuntimes":	["cpp"],
					"swRepo":	"",
					"mssOsVer":	"8.1",
					"mssFile":	"",
					"md5Digest":	"65693ccea2e90031f2dc4733d5bd991b",
					"compatibleApp":	"zynq_fsbl",
					"domType":	"bootDomain",
					"arch":	"32-bit",
					"appSettings":	{
						"appCompilerFlags":	"",
						"appLinkerFlags":	""
					},
					"addedLibs":	["xilffs:5.0", "xilrsa:1.6"],
					"libOptions":	{
						"libsContainingOptions":	[]
					},
					"prebuiltLibs":	{
						"prebuiltIncPath":	[],
						"prebuiltLibPath":	[]
					},
					"isolation":	{
					}
				}, {
					"domainName":	"standalone_domain",
					"domainDispName":	"standalone on ps7_cortexa9_0",
					"domainDesc":	"standalone_domain",
					"processors":	"ps7_cortexa9_0",
					"os":	"standalone",
					"sdxOs":	"standalone",
					"qemuArgs":	"<platformDir>/resources/axi_gpio_platform_T1/standalone_domain/qemu_args.txt",
					"qemuData":	"<platformDir>/resources/axi_gpio_platform_T1/standalone_domain/qemu",
					"debugEnable":	"False",
					"domRuntimes":	["cpp"],
					"swRepo":	"",
					"mssOsVer":	"8.1",
					"mssFile":	"",
					"md5Digest":	"a82e1019665bce3dce07707172bb4370",
					"compatibleApp":	"",
					"domType":	"mssDomain",
					"appSettings":	{
						"appCompilerFlags":	"",
						"appLinkerFlags":	""
					},
					"addedLibs":	[],
					"libOptions":	{
						"libsContainingOptions":	[]
					},
					"prebuiltLibs":	{
						"prebuiltIncPath":	[],
						"prebuiltLibPath":	[]
					},
					"isolation":	{
					}
				}]
		}]
}
TRACE::2026-09-14.20:34:07::SCWMssOS::Saving the mss changes C:/ECE520/Vivado/Lab2/axi_gpio_ab/axi_gpio_vitis_T1/axi_gpio_platform_T1/zynq_fsbl/zynq_fsbl_bsp/system.mss
TRACE::2026-09-14.20:34:07::SCWMssOS::Found a swdesign opened with the mssfile.
TRACE::2026-09-14.20:34:07::SCWMssOS::Completed writemss as part of save.
TRACE::2026-09-14.20:34:07::SCWMssOS::Commit changes completed.
TRACE::2026-09-14.20:34:07::SCWMssOS::Saving the mss changes C:/ECE520/Vivado/Lab2/axi_gpio_ab/axi_gpio_vitis_T1/axi_gpio_platform_T1/ps7_cortexa9_0/standalone_domain/bsp/system.mss
TRACE::2026-09-14.20:34:07::SCWMssOS::Found a swdesign opened with the mssfile.
TRACE::2026-09-14.20:34:07::SCWMssOS::Completed writemss as part of save.
TRACE::2026-09-14.20:34:07::SCWMssOS::Commit changes completed.
TRACE::2026-09-14.20:34:07::SCWPlatform::Trying to open the hw design at C:/ECE520/Vivado/Lab2/axi_gpio_ab/axi_gpio_vitis_T1/axi_gpio_platform_T1/hw/axi_gpio_ab_wrapper_T1.xsa
TRACE::2026-09-14.20:34:07::SCWPlatform::DSA given C:/ECE520/Vivado/Lab2/axi_gpio_ab/axi_gpio_vitis_T1/axi_gpio_platform_T1/hw/axi_gpio_ab_wrapper_T1.xsa
TRACE::2026-09-14.20:34:07::SCWPlatform::DSA absoulate path C:/ECE520/Vivado/Lab2/axi_gpio_ab/axi_gpio_vitis_T1/axi_gpio_platform_T1/hw/axi_gpio_ab_wrapper_T1.xsa
TRACE::2026-09-14.20:34:07::SCWPlatform::DSA directory C:/ECE520/Vivado/Lab2/axi_gpio_ab/axi_gpio_vitis_T1/axi_gpio_platform_T1/hw
TRACE::2026-09-14.20:34:07::SCWPlatform:: Platform Path C:/ECE520/Vivado/Lab2/axi_gpio_ab/axi_gpio_vitis_T1/axi_gpio_platform_T1/hw/axi_gpio_ab_wrapper_T1.xsa
TRACE::2026-09-14.20:34:07::SCWPlatform:: Unique name xilinx:zybo-z7-10::0.0
TRACE::2026-09-14.20:34:07::SCWPlatform::Trying to set the existing hwdb with name axi_gpio_ab_wrapper_0
TRACE::2026-09-14.20:34:07::SCWPlatform::Opened existing hwdb axi_gpio_ab_wrapper_0
TRACE::2026-09-14.20:34:07::SCWPlatform::Found the Hw Db part of the input DSA
TRACE::2026-09-14.20:34:07::SCWMssOS::Checking the sw design at  C:/ECE520/Vivado/Lab2/axi_gpio_ab/axi_gpio_vitis_T1/axi_gpio_platform_T1/zynq_fsbl/zynq_fsbl_bsp/system.mss
TRACE::2026-09-14.20:34:07::SCWMssOS::DEBUG:  swdes dump  C:/ECE520/Vivado/Lab2/axi_gpio_ab/axi_gpio_vitis_T1/axi_gpio_platform_T1/ps7_cortexa9_0/standalone_domain/bsp/system.mss|system_0||
C:/ECE520/Vivado/Lab2/axi_gpio_ab/axi_gpio_vitis_T1/axi_gpio_platform_T1/zynq_fsbl/zynq_fsbl_bsp/system.mss|system||

TRACE::2026-09-14.20:34:07::SCWMssOS::Sw design exists and opened at  C:/ECE520/Vivado/Lab2/axi_gpio_ab/axi_gpio_vitis_T1/axi_gpio_platform_T1/zynq_fsbl/zynq_fsbl_bsp/system.mss
TRACE::2026-09-14.20:34:07::SCWPlatform::Trying to open the hw design at C:/ECE520/Vivado/Lab2/axi_gpio_ab/axi_gpio_vitis_T1/axi_gpio_platform_T1/hw/axi_gpio_ab_wrapper_T1.xsa
TRACE::2026-09-14.20:34:07::SCWPlatform::DSA given C:/ECE520/Vivado/Lab2/axi_gpio_ab/axi_gpio_vitis_T1/axi_gpio_platform_T1/hw/axi_gpio_ab_wrapper_T1.xsa
TRACE::2026-09-14.20:34:07::SCWPlatform::DSA absoulate path C:/ECE520/Vivado/Lab2/axi_gpio_ab/axi_gpio_vitis_T1/axi_gpio_platform_T1/hw/axi_gpio_ab_wrapper_T1.xsa
TRACE::2026-09-14.20:34:07::SCWPlatform::DSA directory C:/ECE520/Vivado/Lab2/axi_gpio_ab/axi_gpio_vitis_T1/axi_gpio_platform_T1/hw
TRACE::2026-09-14.20:34:07::SCWPlatform:: Platform Path C:/ECE520/Vivado/Lab2/axi_gpio_ab/axi_gpio_vitis_T1/axi_gpio_platform_T1/hw/axi_gpio_ab_wrapper_T1.xsa
TRACE::2026-09-14.20:34:07::SCWPlatform:: Unique name xilinx:zybo-z7-10::0.0
TRACE::2026-09-14.20:34:07::SCWPlatform::Trying to set the existing hwdb with name axi_gpio_ab_wrapper_0
TRACE::2026-09-14.20:34:07::SCWPlatform::Opened existing hwdb axi_gpio_ab_wrapper_0
TRACE::2026-09-14.20:34:07::SCWPlatform::Found the Hw Db part of the input DSA
TRACE::2026-09-14.20:34:07::SCWMssOS::Checking the sw design at  C:/ECE520/Vivado/Lab2/axi_gpio_ab/axi_gpio_vitis_T1/axi_gpio_platform_T1/zynq_fsbl/zynq_fsbl_bsp/system.mss
TRACE::2026-09-14.20:34:07::SCWMssOS::DEBUG:  swdes dump  C:/ECE520/Vivado/Lab2/axi_gpio_ab/axi_gpio_vitis_T1/axi_gpio_platform_T1/ps7_cortexa9_0/standalone_domain/bsp/system.mss|system_0||
C:/ECE520/Vivado/Lab2/axi_gpio_ab/axi_gpio_vitis_T1/axi_gpio_platform_T1/zynq_fsbl/zynq_fsbl_bsp/system.mss|system||

TRACE::2026-09-14.20:34:07::SCWMssOS::Sw design exists and opened at  C:/ECE520/Vivado/Lab2/axi_gpio_ab/axi_gpio_vitis_T1/axi_gpio_platform_T1/zynq_fsbl/zynq_fsbl_bsp/system.mss
TRACE::2026-09-14.20:34:07::SCWPlatform::Trying to open the hw design at C:/ECE520/Vivado/Lab2/axi_gpio_ab/axi_gpio_vitis_T1/axi_gpio_platform_T1/hw/axi_gpio_ab_wrapper_T1.xsa
TRACE::2026-09-14.20:34:07::SCWPlatform::DSA given C:/ECE520/Vivado/Lab2/axi_gpio_ab/axi_gpio_vitis_T1/axi_gpio_platform_T1/hw/axi_gpio_ab_wrapper_T1.xsa
TRACE::2026-09-14.20:34:07::SCWPlatform::DSA absoulate path C:/ECE520/Vivado/Lab2/axi_gpio_ab/axi_gpio_vitis_T1/axi_gpio_platform_T1/hw/axi_gpio_ab_wrapper_T1.xsa
TRACE::2026-09-14.20:34:07::SCWPlatform::DSA directory C:/ECE520/Vivado/Lab2/axi_gpio_ab/axi_gpio_vitis_T1/axi_gpio_platform_T1/hw
TRACE::2026-09-14.20:34:07::SCWPlatform:: Platform Path C:/ECE520/Vivado/Lab2/axi_gpio_ab/axi_gpio_vitis_T1/axi_gpio_platform_T1/hw/axi_gpio_ab_wrapper_T1.xsa
TRACE::2026-09-14.20:34:07::SCWPlatform:: Unique name xilinx:zybo-z7-10::0.0
TRACE::2026-09-14.20:34:07::SCWPlatform::Trying to set the existing hwdb with name axi_gpio_ab_wrapper_0
TRACE::2026-09-14.20:34:07::SCWPlatform::Opened existing hwdb axi_gpio_ab_wrapper_0
TRACE::2026-09-14.20:34:07::SCWPlatform::Found the Hw Db part of the input DSA
TRACE::2026-09-14.20:34:07::SCWMssOS::Checking the sw design at  C:/ECE520/Vivado/Lab2/axi_gpio_ab/axi_gpio_vitis_T1/axi_gpio_platform_T1/zynq_fsbl/zynq_fsbl_bsp/system.mss
TRACE::2026-09-14.20:34:07::SCWMssOS::DEBUG:  swdes dump  C:/ECE520/Vivado/Lab2/axi_gpio_ab/axi_gpio_vitis_T1/axi_gpio_platform_T1/ps7_cortexa9_0/standalone_domain/bsp/system.mss|system_0||
C:/ECE520/Vivado/Lab2/axi_gpio_ab/axi_gpio_vitis_T1/axi_gpio_platform_T1/zynq_fsbl/zynq_fsbl_bsp/system.mss|system||

TRACE::2026-09-14.20:34:07::SCWMssOS::Sw design exists and opened at  C:/ECE520/Vivado/Lab2/axi_gpio_ab/axi_gpio_vitis_T1/axi_gpio_platform_T1/zynq_fsbl/zynq_fsbl_bsp/system.mss
TRACE::2026-09-14.20:34:07::SCWPlatform::Trying to open the hw design at C:/ECE520/Vivado/Lab2/axi_gpio_ab/axi_gpio_vitis_T1/axi_gpio_platform_T1/hw/axi_gpio_ab_wrapper_T1.xsa
TRACE::2026-09-14.20:34:07::SCWPlatform::DSA given C:/ECE520/Vivado/Lab2/axi_gpio_ab/axi_gpio_vitis_T1/axi_gpio_platform_T1/hw/axi_gpio_ab_wrapper_T1.xsa
TRACE::2026-09-14.20:34:07::SCWPlatform::DSA absoulate path C:/ECE520/Vivado/Lab2/axi_gpio_ab/axi_gpio_vitis_T1/axi_gpio_platform_T1/hw/axi_gpio_ab_wrapper_T1.xsa
TRACE::2026-09-14.20:34:07::SCWPlatform::DSA directory C:/ECE520/Vivado/Lab2/axi_gpio_ab/axi_gpio_vitis_T1/axi_gpio_platform_T1/hw
TRACE::2026-09-14.20:34:07::SCWPlatform:: Platform Path C:/ECE520/Vivado/Lab2/axi_gpio_ab/axi_gpio_vitis_T1/axi_gpio_platform_T1/hw/axi_gpio_ab_wrapper_T1.xsa
TRACE::2026-09-14.20:34:07::SCWPlatform:: Unique name xilinx:zybo-z7-10::0.0
TRACE::2026-09-14.20:34:07::SCWPlatform::Trying to set the existing hwdb with name axi_gpio_ab_wrapper_0
TRACE::2026-09-14.20:34:07::SCWPlatform::Opened existing hwdb axi_gpio_ab_wrapper_0
TRACE::2026-09-14.20:34:07::SCWPlatform::Found the Hw Db part of the input DSA
TRACE::2026-09-14.20:34:07::SCWMssOS::Checking the sw design at  C:/ECE520/Vivado/Lab2/axi_gpio_ab/axi_gpio_vitis_T1/axi_gpio_platform_T1/ps7_cortexa9_0/standalone_domain/bsp/system.mss
TRACE::2026-09-14.20:34:07::SCWMssOS::DEBUG:  swdes dump  C:/ECE520/Vivado/Lab2/axi_gpio_ab/axi_gpio_vitis_T1/axi_gpio_platform_T1/ps7_cortexa9_0/standalone_domain/bsp/system.mss|system_0||
C:/ECE520/Vivado/Lab2/axi_gpio_ab/axi_gpio_vitis_T1/axi_gpio_platform_T1/zynq_fsbl/zynq_fsbl_bsp/system.mss|system||

TRACE::2026-09-14.20:34:07::SCWMssOS::Sw design exists and opened at  C:/ECE520/Vivado/Lab2/axi_gpio_ab/axi_gpio_vitis_T1/axi_gpio_platform_T1/ps7_cortexa9_0/standalone_domain/bsp/system.mss
TRACE::2026-09-14.20:34:07::SCWPlatform::Trying to open the hw design at C:/ECE520/Vivado/Lab2/axi_gpio_ab/axi_gpio_vitis_T1/axi_gpio_platform_T1/hw/axi_gpio_ab_wrapper_T1.xsa
TRACE::2026-09-14.20:34:07::SCWPlatform::DSA given C:/ECE520/Vivado/Lab2/axi_gpio_ab/axi_gpio_vitis_T1/axi_gpio_platform_T1/hw/axi_gpio_ab_wrapper_T1.xsa
TRACE::2026-09-14.20:34:07::SCWPlatform::DSA absoulate path C:/ECE520/Vivado/Lab2/axi_gpio_ab/axi_gpio_vitis_T1/axi_gpio_platform_T1/hw/axi_gpio_ab_wrapper_T1.xsa
TRACE::2026-09-14.20:34:07::SCWPlatform::DSA directory C:/ECE520/Vivado/Lab2/axi_gpio_ab/axi_gpio_vitis_T1/axi_gpio_platform_T1/hw
TRACE::2026-09-14.20:34:07::SCWPlatform:: Platform Path C:/ECE520/Vivado/Lab2/axi_gpio_ab/axi_gpio_vitis_T1/axi_gpio_platform_T1/hw/axi_gpio_ab_wrapper_T1.xsa
TRACE::2026-09-14.20:34:07::SCWPlatform:: Unique name xilinx:zybo-z7-10::0.0
TRACE::2026-09-14.20:34:07::SCWPlatform::Trying to set the existing hwdb with name axi_gpio_ab_wrapper_0
TRACE::2026-09-14.20:34:07::SCWPlatform::Opened existing hwdb axi_gpio_ab_wrapper_0
TRACE::2026-09-14.20:34:07::SCWPlatform::Found the Hw Db part of the input DSA
TRACE::2026-09-14.20:34:07::SCWMssOS::Checking the sw design at  C:/ECE520/Vivado/Lab2/axi_gpio_ab/axi_gpio_vitis_T1/axi_gpio_platform_T1/ps7_cortexa9_0/standalone_domain/bsp/system.mss
TRACE::2026-09-14.20:34:07::SCWMssOS::DEBUG:  swdes dump  C:/ECE520/Vivado/Lab2/axi_gpio_ab/axi_gpio_vitis_T1/axi_gpio_platform_T1/ps7_cortexa9_0/standalone_domain/bsp/system.mss|system_0||
C:/ECE520/Vivado/Lab2/axi_gpio_ab/axi_gpio_vitis_T1/axi_gpio_platform_T1/zynq_fsbl/zynq_fsbl_bsp/system.mss|system||

TRACE::2026-09-14.20:34:07::SCWMssOS::Sw design exists and opened at  C:/ECE520/Vivado/Lab2/axi_gpio_ab/axi_gpio_vitis_T1/axi_gpio_platform_T1/ps7_cortexa9_0/standalone_domain/bsp/system.mss
TRACE::2026-09-14.20:34:07::SCWPlatform::Trying to open the hw design at C:/ECE520/Vivado/Lab2/axi_gpio_ab/axi_gpio_vitis_T1/axi_gpio_platform_T1/hw/axi_gpio_ab_wrapper_T1.xsa
TRACE::2026-09-14.20:34:07::SCWPlatform::DSA given C:/ECE520/Vivado/Lab2/axi_gpio_ab/axi_gpio_vitis_T1/axi_gpio_platform_T1/hw/axi_gpio_ab_wrapper_T1.xsa
TRACE::2026-09-14.20:34:07::SCWPlatform::DSA absoulate path C:/ECE520/Vivado/Lab2/axi_gpio_ab/axi_gpio_vitis_T1/axi_gpio_platform_T1/hw/axi_gpio_ab_wrapper_T1.xsa
TRACE::2026-09-14.20:34:07::SCWPlatform::DSA directory C:/ECE520/Vivado/Lab2/axi_gpio_ab/axi_gpio_vitis_T1/axi_gpio_platform_T1/hw
TRACE::2026-09-14.20:34:07::SCWPlatform:: Platform Path C:/ECE520/Vivado/Lab2/axi_gpio_ab/axi_gpio_vitis_T1/axi_gpio_platform_T1/hw/axi_gpio_ab_wrapper_T1.xsa
TRACE::2026-09-14.20:34:07::SCWPlatform:: Unique name xilinx:zybo-z7-10::0.0
TRACE::2026-09-14.20:34:07::SCWPlatform::Trying to set the existing hwdb with name axi_gpio_ab_wrapper_0
TRACE::2026-09-14.20:34:07::SCWPlatform::Opened existing hwdb axi_gpio_ab_wrapper_0
TRACE::2026-09-14.20:34:07::SCWPlatform::Found the Hw Db part of the input DSA
TRACE::2026-09-14.20:34:07::SCWMssOS::Checking the sw design at  C:/ECE520/Vivado/Lab2/axi_gpio_ab/axi_gpio_vitis_T1/axi_gpio_platform_T1/ps7_cortexa9_0/standalone_domain/bsp/system.mss
TRACE::2026-09-14.20:34:07::SCWMssOS::DEBUG:  swdes dump  C:/ECE520/Vivado/Lab2/axi_gpio_ab/axi_gpio_vitis_T1/axi_gpio_platform_T1/ps7_cortexa9_0/standalone_domain/bsp/system.mss|system_0||
C:/ECE520/Vivado/Lab2/axi_gpio_ab/axi_gpio_vitis_T1/axi_gpio_platform_T1/zynq_fsbl/zynq_fsbl_bsp/system.mss|system||

TRACE::2026-09-14.20:34:07::SCWMssOS::Sw design exists and opened at  C:/ECE520/Vivado/Lab2/axi_gpio_ab/axi_gpio_vitis_T1/axi_gpio_platform_T1/ps7_cortexa9_0/standalone_domain/bsp/system.mss
TRACE::2026-09-14.20:34:07::SCWWriter::formatted JSON is {
	"platformName":	"axi_gpio_platform_T1",
	"sprVersion":	"2.0",
	"mode":	"gui",
	"dsaType":	"Fixed",
	"platformDesc":	"axi_gpio_platform_T1",
	"platHandOff":	"C:/ECE520/Vivado/Lab2/axi_gpio_ab/axi_gpio_ab_wrapper_T1.xsa",
	"platIntHandOff":	"<platformDir>/hw/axi_gpio_ab_wrapper_T1.xsa",
	"deviceType":	"zynq",
	"platIsPrebuiltAutogen":	"false",
	"platIsNoBootBsp":	"false",
	"platFsblTarget":	"ps7_cortexa9_0",
	"hasFsblMakeHasChanges":	"false",
	"hasPmufwMakeHasChanges":	"false",
	"fsblExtraCompilerFlags":	"-MMD -MP       -mcpu=cortex-a9 -mfpu=vfpv3 -mfloat-abi=hard ",
	"platPreBuiltFlag":	false,
	"platformSamplesDir":	"",
	"platActiveSys":	"axi_gpio_platform_T1",
	"systems":	[{
			"systemName":	"axi_gpio_platform_T1",
			"systemDesc":	"axi_gpio_platform_T1",
			"sysIsBootAutoGen":	"true",
			"systemDispName":	"axi_gpio_platform_T1",
			"sysActiveDom":	"standalone_domain",
			"sysDefaultDom":	"standalone_domain",
			"domains":	[{
					"domainName":	"zynq_fsbl",
					"domainDispName":	"zynq_fsbl",
					"domainDesc":	"FSBL Application BSP - Auto Generated.",
					"processors":	"ps7_cortexa9_0",
					"os":	"standalone",
					"sdxOs":	"standalone",
					"debugEnable":	"",
					"domRuntimes":	["cpp"],
					"swRepo":	"",
					"mssOsVer":	"8.1",
					"mssFile":	"",
					"md5Digest":	"65693ccea2e90031f2dc4733d5bd991b",
					"compatibleApp":	"zynq_fsbl",
					"domType":	"bootDomain",
					"arch":	"32-bit",
					"appSettings":	{
						"appCompilerFlags":	"",
						"appLinkerFlags":	""
					},
					"addedLibs":	["xilffs:5.0", "xilrsa:1.6"],
					"libOptions":	{
						"libsContainingOptions":	[]
					},
					"prebuiltLibs":	{
						"prebuiltIncPath":	[],
						"prebuiltLibPath":	[]
					},
					"isolation":	{
					}
				}, {
					"domainName":	"standalone_domain",
					"domainDispName":	"standalone on ps7_cortexa9_0",
					"domainDesc":	"standalone_domain",
					"processors":	"ps7_cortexa9_0",
					"os":	"standalone",
					"sdxOs":	"standalone",
					"qemuArgs":	"<platformDir>/resources/axi_gpio_platform_T1/standalone_domain/qemu_args.txt",
					"qemuData":	"<platformDir>/resources/axi_gpio_platform_T1/standalone_domain/qemu",
					"debugEnable":	"False",
					"domRuntimes":	["cpp"],
					"swRepo":	"",
					"mssOsVer":	"8.1",
					"mssFile":	"",
					"md5Digest":	"a82e1019665bce3dce07707172bb4370",
					"compatibleApp":	"",
					"domType":	"mssDomain",
					"appSettings":	{
						"appCompilerFlags":	"",
						"appLinkerFlags":	""
					},
					"addedLibs":	[],
					"libOptions":	{
						"libsContainingOptions":	[]
					},
					"prebuiltLibs":	{
						"prebuiltIncPath":	[],
						"prebuiltLibPath":	[]
					},
					"isolation":	{
					}
				}]
		}]
}
TRACE::2026-09-14.20:34:07::SCWPlatform::Clearing the existing platform
TRACE::2026-09-14.20:34:07::SCWSystem::Clearing the existing sysconfig
TRACE::2026-09-14.20:34:07::SCWBDomain::clearing the fsbl build
TRACE::2026-09-14.20:34:07::SCWMssOS::Removing the swdes entry for  C:/ECE520/Vivado/Lab2/axi_gpio_ab/axi_gpio_vitis_T1/axi_gpio_platform_T1/zynq_fsbl/zynq_fsbl_bsp/system.mss
TRACE::2026-09-14.20:34:07::SCWMssOS::Removing the swdes entry for  C:/ECE520/Vivado/Lab2/axi_gpio_ab/axi_gpio_vitis_T1/axi_gpio_platform_T1/ps7_cortexa9_0/standalone_domain/bsp/system.mss
TRACE::2026-09-14.20:34:07::SCWSystem::Clearing the domains completed.
TRACE::2026-09-14.20:34:07::SCWPlatform::Clearing the opened hw db.
TRACE::2026-09-14.20:34:07::SCWPlatform::DSA given C:/ECE520/Vivado/Lab2/axi_gpio_ab/axi_gpio_vitis_T1/axi_gpio_platform_T1/hw/axi_gpio_ab_wrapper_T1.xsa
TRACE::2026-09-14.20:34:07::SCWPlatform::DSA absoulate path C:/ECE520/Vivado/Lab2/axi_gpio_ab/axi_gpio_vitis_T1/axi_gpio_platform_T1/hw/axi_gpio_ab_wrapper_T1.xsa
TRACE::2026-09-14.20:34:07::SCWPlatform:: Platform location is C:/ECE520/Vivado/Lab2/axi_gpio_ab/axi_gpio_vitis_T1/axi_gpio_platform_T1/hw
TRACE::2026-09-14.20:34:07::SCWPlatform:: Platform Path C:/ECE520/Vivado/Lab2/axi_gpio_ab/axi_gpio_vitis_T1/axi_gpio_platform_T1/hw/axi_gpio_ab_wrapper_T1.xsa
TRACE::2026-09-14.20:34:07::SCWPlatform:: Unique name xilinx:zybo-z7-10::0.0
TRACE::2026-09-14.20:34:07::SCWPlatform::Removing the HwDB with name C:/ECE520/Vivado/Lab2/axi_gpio_ab/axi_gpio_vitis_T1/axi_gpio_platform_T1/hw/axi_gpio_ab_wrapper_T1.xsa
TRACE::2026-09-14.20:34:07::SCWPlatform::Trying to open the hw design at C:/ECE520/Vivado/Lab2/axi_gpio_ab/axi_gpio_vitis_T1/axi_gpio_platform_T1/hw/axi_gpio_ab_wrapper_T1.xsa
TRACE::2026-09-14.20:34:07::SCWPlatform::DSA given C:/ECE520/Vivado/Lab2/axi_gpio_ab/axi_gpio_vitis_T1/axi_gpio_platform_T1/hw/axi_gpio_ab_wrapper_T1.xsa
TRACE::2026-09-14.20:34:07::SCWPlatform::DSA absoulate path C:/ECE520/Vivado/Lab2/axi_gpio_ab/axi_gpio_vitis_T1/axi_gpio_platform_T1/hw/axi_gpio_ab_wrapper_T1.xsa
TRACE::2026-09-14.20:34:07::SCWPlatform::DSA directory C:/ECE520/Vivado/Lab2/axi_gpio_ab/axi_gpio_vitis_T1/axi_gpio_platform_T1/hw
TRACE::2026-09-14.20:34:07::SCWPlatform:: Platform Path C:/ECE520/Vivado/Lab2/axi_gpio_ab/axi_gpio_vitis_T1/axi_gpio_platform_T1/hw/axi_gpio_ab_wrapper_T1.xsa
TRACE::2026-09-14.20:34:07::SCWPlatform:: Unique name xilinx:zybo-z7-10::0.0
TRACE::2026-09-14.20:34:07::SCWPlatform::Do not have an existing db opened. 
TRACE::2026-09-14.20:34:08::SCWPlatform::Opened new HwDB with name axi_gpio_ab_wrapper_1
TRACE::2026-09-14.20:34:08::SCWReader::Active system found as  axi_gpio_platform_T1
TRACE::2026-09-14.20:34:08::SCWReader::Handling sysconfig axi_gpio_platform_T1
TRACE::2026-09-14.20:34:08::SCWDomain::checking for install qemu data   : 
TRACE::2026-09-14.20:34:08::SCWDomain:: Using the QEMU Data from install at  : C:/Xilinx/Vitis/2023.1/data/emulation/platforms/zynq/sw/a9_standalone/qemu/
TRACE::2026-09-14.20:34:08::SCWDomain:: Using the QEMU args  from install at  : C:/Xilinx/Vitis/2023.1/data/emulation/platforms/zynq/sw/a9_standalone/qemu/qemu_args.txt
TRACE::2026-09-14.20:34:08::SCWPlatform::Trying to open the hw design at C:/ECE520/Vivado/Lab2/axi_gpio_ab/axi_gpio_vitis_T1/axi_gpio_platform_T1/hw/axi_gpio_ab_wrapper_T1.xsa
TRACE::2026-09-14.20:34:08::SCWPlatform::DSA given C:/ECE520/Vivado/Lab2/axi_gpio_ab/axi_gpio_vitis_T1/axi_gpio_platform_T1/hw/axi_gpio_ab_wrapper_T1.xsa
TRACE::2026-09-14.20:34:08::SCWPlatform::DSA absoulate path C:/ECE520/Vivado/Lab2/axi_gpio_ab/axi_gpio_vitis_T1/axi_gpio_platform_T1/hw/axi_gpio_ab_wrapper_T1.xsa
TRACE::2026-09-14.20:34:08::SCWPlatform::DSA directory C:/ECE520/Vivado/Lab2/axi_gpio_ab/axi_gpio_vitis_T1/axi_gpio_platform_T1/hw
TRACE::2026-09-14.20:34:08::SCWPlatform:: Platform Path C:/ECE520/Vivado/Lab2/axi_gpio_ab/axi_gpio_vitis_T1/axi_gpio_platform_T1/hw/axi_gpio_ab_wrapper_T1.xsa
TRACE::2026-09-14.20:34:08::SCWPlatform:: Unique name xilinx:zybo-z7-10::0.0
TRACE::2026-09-14.20:34:08::SCWPlatform::Trying to set the existing hwdb with name axi_gpio_ab_wrapper_1
TRACE::2026-09-14.20:34:08::SCWPlatform::Opened existing hwdb axi_gpio_ab_wrapper_1
TRACE::2026-09-14.20:34:08::SCWPlatform::Found the Hw Db part of the input DSA
TRACE::2026-09-14.20:34:08::SCWPlatform::Trying to open the hw design at C:/ECE520/Vivado/Lab2/axi_gpio_ab/axi_gpio_vitis_T1/axi_gpio_platform_T1/hw/axi_gpio_ab_wrapper_T1.xsa
TRACE::2026-09-14.20:34:08::SCWPlatform::DSA given C:/ECE520/Vivado/Lab2/axi_gpio_ab/axi_gpio_vitis_T1/axi_gpio_platform_T1/hw/axi_gpio_ab_wrapper_T1.xsa
TRACE::2026-09-14.20:34:08::SCWPlatform::DSA absoulate path C:/ECE520/Vivado/Lab2/axi_gpio_ab/axi_gpio_vitis_T1/axi_gpio_platform_T1/hw/axi_gpio_ab_wrapper_T1.xsa
TRACE::2026-09-14.20:34:08::SCWPlatform::DSA directory C:/ECE520/Vivado/Lab2/axi_gpio_ab/axi_gpio_vitis_T1/axi_gpio_platform_T1/hw
TRACE::2026-09-14.20:34:08::SCWPlatform:: Platform Path C:/ECE520/Vivado/Lab2/axi_gpio_ab/axi_gpio_vitis_T1/axi_gpio_platform_T1/hw/axi_gpio_ab_wrapper_T1.xsa
TRACE::2026-09-14.20:34:08::SCWPlatform:: Unique name xilinx:zybo-z7-10::0.0
TRACE::2026-09-14.20:34:08::SCWPlatform::Trying to set the existing hwdb with name axi_gpio_ab_wrapper_1
TRACE::2026-09-14.20:34:08::SCWPlatform::Opened existing hwdb axi_gpio_ab_wrapper_1
TRACE::2026-09-14.20:34:08::SCWPlatform::Found the Hw Db part of the input DSA
TRACE::2026-09-14.20:34:08::SCWPlatform::Trying to open the hw design at C:/ECE520/Vivado/Lab2/axi_gpio_ab/axi_gpio_vitis_T1/axi_gpio_platform_T1/hw/axi_gpio_ab_wrapper_T1.xsa
TRACE::2026-09-14.20:34:08::SCWPlatform::DSA given C:/ECE520/Vivado/Lab2/axi_gpio_ab/axi_gpio_vitis_T1/axi_gpio_platform_T1/hw/axi_gpio_ab_wrapper_T1.xsa
TRACE::2026-09-14.20:34:08::SCWPlatform::DSA absoulate path C:/ECE520/Vivado/Lab2/axi_gpio_ab/axi_gpio_vitis_T1/axi_gpio_platform_T1/hw/axi_gpio_ab_wrapper_T1.xsa
TRACE::2026-09-14.20:34:08::SCWPlatform::DSA directory C:/ECE520/Vivado/Lab2/axi_gpio_ab/axi_gpio_vitis_T1/axi_gpio_platform_T1/hw
TRACE::2026-09-14.20:34:08::SCWPlatform:: Platform Path C:/ECE520/Vivado/Lab2/axi_gpio_ab/axi_gpio_vitis_T1/axi_gpio_platform_T1/hw/axi_gpio_ab_wrapper_T1.xsa
TRACE::2026-09-14.20:34:08::SCWPlatform:: Unique name xilinx:zybo-z7-10::0.0
TRACE::2026-09-14.20:34:08::SCWPlatform::Trying to set the existing hwdb with name axi_gpio_ab_wrapper_1
TRACE::2026-09-14.20:34:08::SCWPlatform::Opened existing hwdb axi_gpio_ab_wrapper_1
TRACE::2026-09-14.20:34:08::SCWPlatform::Found the Hw Db part of the input DSA
TRACE::2026-09-14.20:34:08::SCWReader::Boot application domain added for zynq_fsbl
TRACE::2026-09-14.20:34:08::SCWPlatform::Trying to open the hw design at C:/ECE520/Vivado/Lab2/axi_gpio_ab/axi_gpio_vitis_T1/axi_gpio_platform_T1/hw/axi_gpio_ab_wrapper_T1.xsa
TRACE::2026-09-14.20:34:08::SCWPlatform::DSA given C:/ECE520/Vivado/Lab2/axi_gpio_ab/axi_gpio_vitis_T1/axi_gpio_platform_T1/hw/axi_gpio_ab_wrapper_T1.xsa
TRACE::2026-09-14.20:34:08::SCWPlatform::DSA absoulate path C:/ECE520/Vivado/Lab2/axi_gpio_ab/axi_gpio_vitis_T1/axi_gpio_platform_T1/hw/axi_gpio_ab_wrapper_T1.xsa
TRACE::2026-09-14.20:34:08::SCWPlatform::DSA directory C:/ECE520/Vivado/Lab2/axi_gpio_ab/axi_gpio_vitis_T1/axi_gpio_platform_T1/hw
TRACE::2026-09-14.20:34:08::SCWPlatform:: Platform Path C:/ECE520/Vivado/Lab2/axi_gpio_ab/axi_gpio_vitis_T1/axi_gpio_platform_T1/hw/axi_gpio_ab_wrapper_T1.xsa
TRACE::2026-09-14.20:34:08::SCWPlatform:: Unique name xilinx:zybo-z7-10::0.0
TRACE::2026-09-14.20:34:08::SCWPlatform::Trying to set the existing hwdb with name axi_gpio_ab_wrapper_1
TRACE::2026-09-14.20:34:08::SCWPlatform::Opened existing hwdb axi_gpio_ab_wrapper_1
TRACE::2026-09-14.20:34:08::SCWPlatform::Found the Hw Db part of the input DSA
TRACE::2026-09-14.20:34:08::SCWMssOS::Checking the sw design at  C:/ECE520/Vivado/Lab2/axi_gpio_ab/axi_gpio_vitis_T1/axi_gpio_platform_T1/zynq_fsbl/zynq_fsbl_bsp/system.mss
TRACE::2026-09-14.20:34:08::SCWMssOS::DEBUG:  swdes dump  
TRACE::2026-09-14.20:34:08::SCWMssOS::No sw design opened at  C:/ECE520/Vivado/Lab2/axi_gpio_ab/axi_gpio_vitis_T1/axi_gpio_platform_T1/zynq_fsbl/zynq_fsbl_bsp/system.mss
TRACE::2026-09-14.20:34:08::SCWMssOS::mss exists loading the mss file  C:/ECE520/Vivado/Lab2/axi_gpio_ab/axi_gpio_vitis_T1/axi_gpio_platform_T1/zynq_fsbl/zynq_fsbl_bsp/system.mss
TRACE::2026-09-14.20:34:08::SCWMssOS::Opened the sw design from mss  C:/ECE520/Vivado/Lab2/axi_gpio_ab/axi_gpio_vitis_T1/axi_gpio_platform_T1/zynq_fsbl/zynq_fsbl_bsp/system.mss
TRACE::2026-09-14.20:34:08::SCWMssOS::Adding the swdes entry C:/ECE520/Vivado/Lab2/axi_gpio_ab/axi_gpio_vitis_T1/axi_gpio_platform_T1/zynq_fsbl/zynq_fsbl_bsp/system.mss with des name system
TRACE::2026-09-14.20:34:08::SCWMssOS::updating the scw layer about changes
TRACE::2026-09-14.20:34:08::SCWMssOS::Opened the sw design.  C:/ECE520/Vivado/Lab2/axi_gpio_ab/axi_gpio_vitis_T1/axi_gpio_platform_T1/zynq_fsbl/zynq_fsbl_bsp/system.mss
TRACE::2026-09-14.20:34:08::SCWPlatform::Trying to open the hw design at C:/ECE520/Vivado/Lab2/axi_gpio_ab/axi_gpio_vitis_T1/axi_gpio_platform_T1/hw/axi_gpio_ab_wrapper_T1.xsa
TRACE::2026-09-14.20:34:08::SCWPlatform::DSA given C:/ECE520/Vivado/Lab2/axi_gpio_ab/axi_gpio_vitis_T1/axi_gpio_platform_T1/hw/axi_gpio_ab_wrapper_T1.xsa
TRACE::2026-09-14.20:34:08::SCWPlatform::DSA absoulate path C:/ECE520/Vivado/Lab2/axi_gpio_ab/axi_gpio_vitis_T1/axi_gpio_platform_T1/hw/axi_gpio_ab_wrapper_T1.xsa
TRACE::2026-09-14.20:34:08::SCWPlatform::DSA directory C:/ECE520/Vivado/Lab2/axi_gpio_ab/axi_gpio_vitis_T1/axi_gpio_platform_T1/hw
TRACE::2026-09-14.20:34:08::SCWPlatform:: Platform Path C:/ECE520/Vivado/Lab2/axi_gpio_ab/axi_gpio_vitis_T1/axi_gpio_platform_T1/hw/axi_gpio_ab_wrapper_T1.xsa
TRACE::2026-09-14.20:34:08::SCWPlatform:: Unique name xilinx:zybo-z7-10::0.0
TRACE::2026-09-14.20:34:08::SCWPlatform::Trying to set the existing hwdb with name axi_gpio_ab_wrapper_1
TRACE::2026-09-14.20:34:08::SCWPlatform::Opened existing hwdb axi_gpio_ab_wrapper_1
TRACE::2026-09-14.20:34:08::SCWPlatform::Found the Hw Db part of the input DSA
TRACE::2026-09-14.20:34:08::SCWMssOS::Checking the sw design at  C:/ECE520/Vivado/Lab2/axi_gpio_ab/axi_gpio_vitis_T1/axi_gpio_platform_T1/zynq_fsbl/zynq_fsbl_bsp/system.mss
TRACE::2026-09-14.20:34:08::SCWMssOS::DEBUG:  swdes dump  C:/ECE520/Vivado/Lab2/axi_gpio_ab/axi_gpio_vitis_T1/axi_gpio_platform_T1/zynq_fsbl/zynq_fsbl_bsp/system.mss|system||

TRACE::2026-09-14.20:34:08::SCWMssOS::Sw design exists and opened at  C:/ECE520/Vivado/Lab2/axi_gpio_ab/axi_gpio_vitis_T1/axi_gpio_platform_T1/zynq_fsbl/zynq_fsbl_bsp/system.mss
TRACE::2026-09-14.20:34:08::SCWMssOS:: library already available in sw design:  xilffs:5.0
TRACE::2026-09-14.20:34:08::SCWPlatform::Trying to open the hw design at C:/ECE520/Vivado/Lab2/axi_gpio_ab/axi_gpio_vitis_T1/axi_gpio_platform_T1/hw/axi_gpio_ab_wrapper_T1.xsa
TRACE::2026-09-14.20:34:08::SCWPlatform::DSA given C:/ECE520/Vivado/Lab2/axi_gpio_ab/axi_gpio_vitis_T1/axi_gpio_platform_T1/hw/axi_gpio_ab_wrapper_T1.xsa
TRACE::2026-09-14.20:34:08::SCWPlatform::DSA absoulate path C:/ECE520/Vivado/Lab2/axi_gpio_ab/axi_gpio_vitis_T1/axi_gpio_platform_T1/hw/axi_gpio_ab_wrapper_T1.xsa
TRACE::2026-09-14.20:34:08::SCWPlatform::DSA directory C:/ECE520/Vivado/Lab2/axi_gpio_ab/axi_gpio_vitis_T1/axi_gpio_platform_T1/hw
TRACE::2026-09-14.20:34:08::SCWPlatform:: Platform Path C:/ECE520/Vivado/Lab2/axi_gpio_ab/axi_gpio_vitis_T1/axi_gpio_platform_T1/hw/axi_gpio_ab_wrapper_T1.xsa
TRACE::2026-09-14.20:34:08::SCWPlatform:: Unique name xilinx:zybo-z7-10::0.0
TRACE::2026-09-14.20:34:08::SCWPlatform::Trying to set the existing hwdb with name axi_gpio_ab_wrapper_1
TRACE::2026-09-14.20:34:08::SCWPlatform::Opened existing hwdb axi_gpio_ab_wrapper_1
TRACE::2026-09-14.20:34:08::SCWPlatform::Found the Hw Db part of the input DSA
TRACE::2026-09-14.20:34:08::SCWMssOS::Checking the sw design at  C:/ECE520/Vivado/Lab2/axi_gpio_ab/axi_gpio_vitis_T1/axi_gpio_platform_T1/zynq_fsbl/zynq_fsbl_bsp/system.mss
TRACE::2026-09-14.20:34:08::SCWMssOS::DEBUG:  swdes dump  C:/ECE520/Vivado/Lab2/axi_gpio_ab/axi_gpio_vitis_T1/axi_gpio_platform_T1/zynq_fsbl/zynq_fsbl_bsp/system.mss|system||

TRACE::2026-09-14.20:34:08::SCWMssOS::Sw design exists and opened at  C:/ECE520/Vivado/Lab2/axi_gpio_ab/axi_gpio_vitis_T1/axi_gpio_platform_T1/zynq_fsbl/zynq_fsbl_bsp/system.mss
TRACE::2026-09-14.20:34:08::SCWMssOS:: library already available in sw design:  xilrsa:1.6
TRACE::2026-09-14.20:34:08::SCWMssOS::Saving the mss changes C:/ECE520/Vivado/Lab2/axi_gpio_ab/axi_gpio_vitis_T1/axi_gpio_platform_T1/zynq_fsbl/zynq_fsbl_bsp/system.mss
TRACE::2026-09-14.20:34:08::SCWMssOS::Found a swdesign opened with the mssfile.
TRACE::2026-09-14.20:34:08::SCWMssOS::Completed writemss as part of save.
TRACE::2026-09-14.20:34:08::SCWMssOS::Commit changes completed.
TRACE::2026-09-14.20:34:08::SCWReader::Adding prebuilt librarypaths as   
TRACE::2026-09-14.20:34:08::SCWReader::Adding prebuilt incpaths  as   
TRACE::2026-09-14.20:34:08::SCWPlatform::Trying to open the hw design at C:/ECE520/Vivado/Lab2/axi_gpio_ab/axi_gpio_vitis_T1/axi_gpio_platform_T1/hw/axi_gpio_ab_wrapper_T1.xsa
TRACE::2026-09-14.20:34:08::SCWPlatform::DSA given C:/ECE520/Vivado/Lab2/axi_gpio_ab/axi_gpio_vitis_T1/axi_gpio_platform_T1/hw/axi_gpio_ab_wrapper_T1.xsa
TRACE::2026-09-14.20:34:08::SCWPlatform::DSA absoulate path C:/ECE520/Vivado/Lab2/axi_gpio_ab/axi_gpio_vitis_T1/axi_gpio_platform_T1/hw/axi_gpio_ab_wrapper_T1.xsa
TRACE::2026-09-14.20:34:08::SCWPlatform::DSA directory C:/ECE520/Vivado/Lab2/axi_gpio_ab/axi_gpio_vitis_T1/axi_gpio_platform_T1/hw
TRACE::2026-09-14.20:34:08::SCWPlatform:: Platform Path C:/ECE520/Vivado/Lab2/axi_gpio_ab/axi_gpio_vitis_T1/axi_gpio_platform_T1/hw/axi_gpio_ab_wrapper_T1.xsa
TRACE::2026-09-14.20:34:08::SCWPlatform:: Unique name xilinx:zybo-z7-10::0.0
TRACE::2026-09-14.20:34:08::SCWPlatform::Trying to set the existing hwdb with name axi_gpio_ab_wrapper_1
TRACE::2026-09-14.20:34:08::SCWPlatform::Opened existing hwdb axi_gpio_ab_wrapper_1
TRACE::2026-09-14.20:34:08::SCWPlatform::Found the Hw Db part of the input DSA
TRACE::2026-09-14.20:34:08::SCWMssOS::Checking the sw design at  C:/ECE520/Vivado/Lab2/axi_gpio_ab/axi_gpio_vitis_T1/axi_gpio_platform_T1/zynq_fsbl/zynq_fsbl_bsp/system.mss
TRACE::2026-09-14.20:34:08::SCWMssOS::DEBUG:  swdes dump  C:/ECE520/Vivado/Lab2/axi_gpio_ab/axi_gpio_vitis_T1/axi_gpio_platform_T1/zynq_fsbl/zynq_fsbl_bsp/system.mss|system||

TRACE::2026-09-14.20:34:08::SCWMssOS::Sw design exists and opened at  C:/ECE520/Vivado/Lab2/axi_gpio_ab/axi_gpio_vitis_T1/axi_gpio_platform_T1/zynq_fsbl/zynq_fsbl_bsp/system.mss
TRACE::2026-09-14.20:34:08::SCWReader::No isolation master present  
TRACE::2026-09-14.20:34:08::SCWDomain::checking for install qemu data   : 
TRACE::2026-09-14.20:34:08::SCWDomain:: Using the QEMU Data from install at  : C:/Xilinx/Vitis/2023.1/data/emulation/platforms/zynq/sw/a9_standalone/qemu/
TRACE::2026-09-14.20:34:08::SCWDomain:: Using the QEMU args  from install at  : C:/Xilinx/Vitis/2023.1/data/emulation/platforms/zynq/sw/a9_standalone/qemu/qemu_args.txt
TRACE::2026-09-14.20:34:08::SCWPlatform::Trying to open the hw design at C:/ECE520/Vivado/Lab2/axi_gpio_ab/axi_gpio_vitis_T1/axi_gpio_platform_T1/hw/axi_gpio_ab_wrapper_T1.xsa
TRACE::2026-09-14.20:34:08::SCWPlatform::DSA given C:/ECE520/Vivado/Lab2/axi_gpio_ab/axi_gpio_vitis_T1/axi_gpio_platform_T1/hw/axi_gpio_ab_wrapper_T1.xsa
TRACE::2026-09-14.20:34:08::SCWPlatform::DSA absoulate path C:/ECE520/Vivado/Lab2/axi_gpio_ab/axi_gpio_vitis_T1/axi_gpio_platform_T1/hw/axi_gpio_ab_wrapper_T1.xsa
TRACE::2026-09-14.20:34:08::SCWPlatform::DSA directory C:/ECE520/Vivado/Lab2/axi_gpio_ab/axi_gpio_vitis_T1/axi_gpio_platform_T1/hw
TRACE::2026-09-14.20:34:08::SCWPlatform:: Platform Path C:/ECE520/Vivado/Lab2/axi_gpio_ab/axi_gpio_vitis_T1/axi_gpio_platform_T1/hw/axi_gpio_ab_wrapper_T1.xsa
TRACE::2026-09-14.20:34:08::SCWPlatform:: Unique name xilinx:zybo-z7-10::0.0
TRACE::2026-09-14.20:34:08::SCWPlatform::Trying to set the existing hwdb with name axi_gpio_ab_wrapper_1
TRACE::2026-09-14.20:34:08::SCWPlatform::Opened existing hwdb axi_gpio_ab_wrapper_1
TRACE::2026-09-14.20:34:08::SCWPlatform::Found the Hw Db part of the input DSA
TRACE::2026-09-14.20:34:08::SCWPlatform::Trying to open the hw design at C:/ECE520/Vivado/Lab2/axi_gpio_ab/axi_gpio_vitis_T1/axi_gpio_platform_T1/hw/axi_gpio_ab_wrapper_T1.xsa
TRACE::2026-09-14.20:34:08::SCWPlatform::DSA given C:/ECE520/Vivado/Lab2/axi_gpio_ab/axi_gpio_vitis_T1/axi_gpio_platform_T1/hw/axi_gpio_ab_wrapper_T1.xsa
TRACE::2026-09-14.20:34:08::SCWPlatform::DSA absoulate path C:/ECE520/Vivado/Lab2/axi_gpio_ab/axi_gpio_vitis_T1/axi_gpio_platform_T1/hw/axi_gpio_ab_wrapper_T1.xsa
TRACE::2026-09-14.20:34:08::SCWPlatform::DSA directory C:/ECE520/Vivado/Lab2/axi_gpio_ab/axi_gpio_vitis_T1/axi_gpio_platform_T1/hw
TRACE::2026-09-14.20:34:08::SCWPlatform:: Platform Path C:/ECE520/Vivado/Lab2/axi_gpio_ab/axi_gpio_vitis_T1/axi_gpio_platform_T1/hw/axi_gpio_ab_wrapper_T1.xsa
TRACE::2026-09-14.20:34:08::SCWPlatform:: Unique name xilinx:zybo-z7-10::0.0
TRACE::2026-09-14.20:34:08::SCWPlatform::Trying to set the existing hwdb with name axi_gpio_ab_wrapper_1
TRACE::2026-09-14.20:34:08::SCWPlatform::Opened existing hwdb axi_gpio_ab_wrapper_1
TRACE::2026-09-14.20:34:08::SCWPlatform::Found the Hw Db part of the input DSA
TRACE::2026-09-14.20:34:08::SCWPlatform::Trying to open the hw design at C:/ECE520/Vivado/Lab2/axi_gpio_ab/axi_gpio_vitis_T1/axi_gpio_platform_T1/hw/axi_gpio_ab_wrapper_T1.xsa
TRACE::2026-09-14.20:34:08::SCWPlatform::DSA given C:/ECE520/Vivado/Lab2/axi_gpio_ab/axi_gpio_vitis_T1/axi_gpio_platform_T1/hw/axi_gpio_ab_wrapper_T1.xsa
TRACE::2026-09-14.20:34:08::SCWPlatform::DSA absoulate path C:/ECE520/Vivado/Lab2/axi_gpio_ab/axi_gpio_vitis_T1/axi_gpio_platform_T1/hw/axi_gpio_ab_wrapper_T1.xsa
TRACE::2026-09-14.20:34:08::SCWPlatform::DSA directory C:/ECE520/Vivado/Lab2/axi_gpio_ab/axi_gpio_vitis_T1/axi_gpio_platform_T1/hw
TRACE::2026-09-14.20:34:08::SCWPlatform:: Platform Path C:/ECE520/Vivado/Lab2/axi_gpio_ab/axi_gpio_vitis_T1/axi_gpio_platform_T1/hw/axi_gpio_ab_wrapper_T1.xsa
TRACE::2026-09-14.20:34:08::SCWPlatform:: Unique name xilinx:zybo-z7-10::0.0
TRACE::2026-09-14.20:34:08::SCWPlatform::Trying to set the existing hwdb with name axi_gpio_ab_wrapper_1
TRACE::2026-09-14.20:34:08::SCWPlatform::Opened existing hwdb axi_gpio_ab_wrapper_1
TRACE::2026-09-14.20:34:08::SCWPlatform::Found the Hw Db part of the input DSA
TRACE::2026-09-14.20:34:08::SCWMssOS::Checking the sw design at  C:/ECE520/Vivado/Lab2/axi_gpio_ab/axi_gpio_vitis_T1/axi_gpio_platform_T1/ps7_cortexa9_0/standalone_domain/bsp/system.mss
TRACE::2026-09-14.20:34:08::SCWMssOS::DEBUG:  swdes dump  C:/ECE520/Vivado/Lab2/axi_gpio_ab/axi_gpio_vitis_T1/axi_gpio_platform_T1/zynq_fsbl/zynq_fsbl_bsp/system.mss|system||

TRACE::2026-09-14.20:34:08::SCWMssOS::No sw design opened at  C:/ECE520/Vivado/Lab2/axi_gpio_ab/axi_gpio_vitis_T1/axi_gpio_platform_T1/ps7_cortexa9_0/standalone_domain/bsp/system.mss
TRACE::2026-09-14.20:34:08::SCWMssOS::mss exists loading the mss file  C:/ECE520/Vivado/Lab2/axi_gpio_ab/axi_gpio_vitis_T1/axi_gpio_platform_T1/ps7_cortexa9_0/standalone_domain/bsp/system.mss
TRACE::2026-09-14.20:34:08::SCWMssOS::Opened the sw design from mss  C:/ECE520/Vivado/Lab2/axi_gpio_ab/axi_gpio_vitis_T1/axi_gpio_platform_T1/ps7_cortexa9_0/standalone_domain/bsp/system.mss
TRACE::2026-09-14.20:34:08::SCWMssOS::Adding the swdes entry C:/ECE520/Vivado/Lab2/axi_gpio_ab/axi_gpio_vitis_T1/axi_gpio_platform_T1/ps7_cortexa9_0/standalone_domain/bsp/system.mss with des name system_0
TRACE::2026-09-14.20:34:08::SCWMssOS::updating the scw layer about changes
TRACE::2026-09-14.20:34:08::SCWMssOS::Opened the sw design.  C:/ECE520/Vivado/Lab2/axi_gpio_ab/axi_gpio_vitis_T1/axi_gpio_platform_T1/ps7_cortexa9_0/standalone_domain/bsp/system.mss
TRACE::2026-09-14.20:34:08::SCWMssOS::Saving the mss changes C:/ECE520/Vivado/Lab2/axi_gpio_ab/axi_gpio_vitis_T1/axi_gpio_platform_T1/ps7_cortexa9_0/standalone_domain/bsp/system.mss
TRACE::2026-09-14.20:34:08::SCWMssOS::Found a swdesign opened with the mssfile.
TRACE::2026-09-14.20:34:08::SCWMssOS::Completed writemss as part of save.
TRACE::2026-09-14.20:34:08::SCWMssOS::Commit changes completed.
TRACE::2026-09-14.20:34:08::SCWReader::Adding prebuilt librarypaths as   
TRACE::2026-09-14.20:34:08::SCWReader::Adding prebuilt incpaths  as   
TRACE::2026-09-14.20:34:08::SCWPlatform::Trying to open the hw design at C:/ECE520/Vivado/Lab2/axi_gpio_ab/axi_gpio_vitis_T1/axi_gpio_platform_T1/hw/axi_gpio_ab_wrapper_T1.xsa
TRACE::2026-09-14.20:34:08::SCWPlatform::DSA given C:/ECE520/Vivado/Lab2/axi_gpio_ab/axi_gpio_vitis_T1/axi_gpio_platform_T1/hw/axi_gpio_ab_wrapper_T1.xsa
TRACE::2026-09-14.20:34:08::SCWPlatform::DSA absoulate path C:/ECE520/Vivado/Lab2/axi_gpio_ab/axi_gpio_vitis_T1/axi_gpio_platform_T1/hw/axi_gpio_ab_wrapper_T1.xsa
TRACE::2026-09-14.20:34:08::SCWPlatform::DSA directory C:/ECE520/Vivado/Lab2/axi_gpio_ab/axi_gpio_vitis_T1/axi_gpio_platform_T1/hw
TRACE::2026-09-14.20:34:08::SCWPlatform:: Platform Path C:/ECE520/Vivado/Lab2/axi_gpio_ab/axi_gpio_vitis_T1/axi_gpio_platform_T1/hw/axi_gpio_ab_wrapper_T1.xsa
TRACE::2026-09-14.20:34:08::SCWPlatform:: Unique name xilinx:zybo-z7-10::0.0
TRACE::2026-09-14.20:34:08::SCWPlatform::Trying to set the existing hwdb with name axi_gpio_ab_wrapper_1
TRACE::2026-09-14.20:34:08::SCWPlatform::Opened existing hwdb axi_gpio_ab_wrapper_1
TRACE::2026-09-14.20:34:08::SCWPlatform::Found the Hw Db part of the input DSA
TRACE::2026-09-14.20:34:08::SCWMssOS::Checking the sw design at  C:/ECE520/Vivado/Lab2/axi_gpio_ab/axi_gpio_vitis_T1/axi_gpio_platform_T1/ps7_cortexa9_0/standalone_domain/bsp/system.mss
TRACE::2026-09-14.20:34:08::SCWMssOS::DEBUG:  swdes dump  C:/ECE520/Vivado/Lab2/axi_gpio_ab/axi_gpio_vitis_T1/axi_gpio_platform_T1/ps7_cortexa9_0/standalone_domain/bsp/system.mss|system_0||
C:/ECE520/Vivado/Lab2/axi_gpio_ab/axi_gpio_vitis_T1/axi_gpio_platform_T1/zynq_fsbl/zynq_fsbl_bsp/system.mss|system||

TRACE::2026-09-14.20:34:08::SCWMssOS::Sw design exists and opened at  C:/ECE520/Vivado/Lab2/axi_gpio_ab/axi_gpio_vitis_T1/axi_gpio_platform_T1/ps7_cortexa9_0/standalone_domain/bsp/system.mss
TRACE::2026-09-14.20:34:08::SCWReader::No isolation master present  
LOG::2026-09-14.20:34:16::SCWPlatform::Started generating the artifacts platform axi_gpio_platform_T1
TRACE::2026-09-14.20:34:16::SCWPlatform::Sanity checking of platform is completed
LOG::2026-09-14.20:34:16::SCWPlatform::Started generating the artifacts for system configuration axi_gpio_platform_T1
LOG::2026-09-14.20:34:16::SCWSystem::Checking the domain zynq_fsbl
LOG::2026-09-14.20:34:16::SCWSystem::Doing application build for :  zynq_fsbl
TRACE::2026-09-14.20:34:16::SCWBDomain::Not a forced makefile updation, No changes are present. 
TRACE::2026-09-14.20:34:16::SCWDomain::Building the domain as part of full build :  zynq_fsbl
TRACE::2026-09-14.20:34:16::SCWPlatform::Trying to open the hw design at C:/ECE520/Vivado/Lab2/axi_gpio_ab/axi_gpio_vitis_T1/axi_gpio_platform_T1/hw/axi_gpio_ab_wrapper_T1.xsa
TRACE::2026-09-14.20:34:16::SCWPlatform::DSA given C:/ECE520/Vivado/Lab2/axi_gpio_ab/axi_gpio_vitis_T1/axi_gpio_platform_T1/hw/axi_gpio_ab_wrapper_T1.xsa
TRACE::2026-09-14.20:34:16::SCWPlatform::DSA absoulate path C:/ECE520/Vivado/Lab2/axi_gpio_ab/axi_gpio_vitis_T1/axi_gpio_platform_T1/hw/axi_gpio_ab_wrapper_T1.xsa
TRACE::2026-09-14.20:34:16::SCWPlatform::DSA directory C:/ECE520/Vivado/Lab2/axi_gpio_ab/axi_gpio_vitis_T1/axi_gpio_platform_T1/hw
TRACE::2026-09-14.20:34:16::SCWPlatform:: Platform Path C:/ECE520/Vivado/Lab2/axi_gpio_ab/axi_gpio_vitis_T1/axi_gpio_platform_T1/hw/axi_gpio_ab_wrapper_T1.xsa
TRACE::2026-09-14.20:34:16::SCWPlatform:: Unique name xilinx:zybo-z7-10::0.0
TRACE::2026-09-14.20:34:16::SCWPlatform::Trying to set the existing hwdb with name axi_gpio_ab_wrapper_1
TRACE::2026-09-14.20:34:16::SCWPlatform::Opened existing hwdb axi_gpio_ab_wrapper_1
TRACE::2026-09-14.20:34:16::SCWPlatform::Found the Hw Db part of the input DSA
TRACE::2026-09-14.20:34:16::SCWMssOS::Checking the sw design at  C:/ECE520/Vivado/Lab2/axi_gpio_ab/axi_gpio_vitis_T1/axi_gpio_platform_T1/zynq_fsbl/zynq_fsbl_bsp/system.mss
TRACE::2026-09-14.20:34:16::SCWMssOS::DEBUG:  swdes dump  C:/ECE520/Vivado/Lab2/axi_gpio_ab/axi_gpio_vitis_T1/axi_gpio_platform_T1/ps7_cortexa9_0/standalone_domain/bsp/system.mss|system_0||
C:/ECE520/Vivado/Lab2/axi_gpio_ab/axi_gpio_vitis_T1/axi_gpio_platform_T1/zynq_fsbl/zynq_fsbl_bsp/system.mss|system||

TRACE::2026-09-14.20:34:16::SCWMssOS::Sw design exists and opened at  C:/ECE520/Vivado/Lab2/axi_gpio_ab/axi_gpio_vitis_T1/axi_gpio_platform_T1/zynq_fsbl/zynq_fsbl_bsp/system.mss
TRACE::2026-09-14.20:34:16::SCWBDomain::Completed writing the mss file at C:/ECE520/Vivado/Lab2/axi_gpio_ab/axi_gpio_vitis_T1/axi_gpio_platform_T1/zynq_fsbl/zynq_fsbl_bsp
TRACE::2026-09-14.20:34:16::SCWBDomain::bsp generated is upto date with the mss file. Skipping bsp generation.
TRACE::2026-09-14.20:34:16::SCWBDomain::Not a forced makefile updation, No changes are present. 
TRACE::2026-09-14.20:34:16::SCWBDomain::System Command Ran  C:&  cd  C:/ECE520/Vivado/Lab2/axi_gpio_ab/axi_gpio_vitis_T1/axi_gpio_platform_T1/zynq_fsbl& make -C  zynq_fsbl_bsp & make 
TRACE::2026-09-14.20:34:17::SCWBDomain::make: Entering directory 'C:/ECE520/Vivado/Lab2/axi_gpio_ab/axi_gpio_vitis_T1/axi_gpio_platform_T1/zynq_fsbl/zynq_fsbl_bsp'

TRACE::2026-09-14.20:34:17::SCWBDomain::make --no-print-directory seq_libs

TRACE::2026-09-14.20:34:17::SCWBDomain::"Running Make include in ps7_cortexa9_0/libsrc/coresightps_dcc_v1_8/src"

TRACE::2026-09-14.20:34:17::SCWBDomain::make -C ps7_cortexa9_0/libsrc/coresightps_dcc_v1_8/src -s include  "SHELL=CMD" "COMPILER=arm-none-eabi-gcc" "ASSEMBLER=arm-none
TRACE::2026-09-14.20:34:17::SCWBDomain::-eabi-as" "ARCHIVER=arm-none-eabi-ar" "COMPILER_FLAGS=  -O2 -c" "EXTRA_COMPILER_FLAGS=-mcpu=cortex-a9 -mfpu=vfpv3 -mfloat-abi=h
TRACE::2026-09-14.20:34:17::SCWBDomain::ard -nostartfiles -g -Wall -Wextra -fno-tree-loop-distribute-patterns"

TRACE::2026-09-14.20:34:17::SCWBDomain::"Running Make include in ps7_cortexa9_0/libsrc/cpu_cortexa9_v2_11/src"

TRACE::2026-09-14.20:34:17::SCWBDomain::make -C ps7_cortexa9_0/libsrc/cpu_cortexa9_v2_11/src -s include  "SHELL=CMD" "COMPILER=arm-none-eabi-gcc" "ASSEMBLER=arm-none-e
TRACE::2026-09-14.20:34:17::SCWBDomain::abi-as" "ARCHIVER=arm-none-eabi-ar" "COMPILER_FLAGS=  -O2 -c" "EXTRA_COMPILER_FLAGS=-mcpu=cortex-a9 -mfpu=vfpv3 -mfloat-abi=har
TRACE::2026-09-14.20:34:17::SCWBDomain::d -nostartfiles -g -Wall -Wextra -fno-tree-loop-distribute-patterns"

TRACE::2026-09-14.20:34:17::SCWBDomain::"Running Make include in ps7_cortexa9_0/libsrc/ddrps_v1_2/src"

TRACE::2026-09-14.20:34:17::SCWBDomain::make -C ps7_cortexa9_0/libsrc/ddrps_v1_2/src -s include  "SHELL=CMD" "COMPILER=arm-none-eabi-gcc" "ASSEMBLER=arm-none-eabi-as" 
TRACE::2026-09-14.20:34:17::SCWBDomain::"ARCHIVER=arm-none-eabi-ar" "COMPILER_FLAGS=  -O2 -c" "EXTRA_COMPILER_FLAGS=-mcpu=cortex-a9 -mfpu=vfpv3 -mfloat-abi=hard -nosta
TRACE::2026-09-14.20:34:17::SCWBDomain::rtfiles -g -Wall -Wextra -fno-tree-loop-distribute-patterns"

TRACE::2026-09-14.20:34:17::SCWBDomain::"Running Make include in ps7_cortexa9_0/libsrc/devcfg_v3_7/src"

TRACE::2026-09-14.20:34:17::SCWBDomain::make -C ps7_cortexa9_0/libsrc/devcfg_v3_7/src -s include  "SHELL=CMD" "COMPILER=arm-none-eabi-gcc" "ASSEMBLER=arm-none-eabi-as"
TRACE::2026-09-14.20:34:17::SCWBDomain:: "ARCHIVER=arm-none-eabi-ar" "COMPILER_FLAGS=  -O2 -c" "EXTRA_COMPILER_FLAGS=-mcpu=cortex-a9 -mfpu=vfpv3 -mfloat-abi=hard -nost
TRACE::2026-09-14.20:34:17::SCWBDomain::artfiles -g -Wall -Wextra -fno-tree-loop-distribute-patterns"

TRACE::2026-09-14.20:34:17::SCWBDomain::"Running Make include in ps7_cortexa9_0/libsrc/dmaps_v2_8/src"

TRACE::2026-09-14.20:34:17::SCWBDomain::make -C ps7_cortexa9_0/libsrc/dmaps_v2_8/src -s include  "SHELL=CMD" "COMPILER=arm-none-eabi-gcc" "ASSEMBLER=arm-none-eabi-as" 
TRACE::2026-09-14.20:34:17::SCWBDomain::"ARCHIVER=arm-none-eabi-ar" "COMPILER_FLAGS=  -O2 -c" "EXTRA_COMPILER_FLAGS=-mcpu=cortex-a9 -mfpu=vfpv3 -mfloat-abi=hard -nosta
TRACE::2026-09-14.20:34:17::SCWBDomain::rtfiles -g -Wall -Wextra -fno-tree-loop-distribute-patterns"

TRACE::2026-09-14.20:34:18::SCWBDomain::"Running Make include in ps7_cortexa9_0/libsrc/emacps_v3_18/src"

TRACE::2026-09-14.20:34:18::SCWBDomain::make -C ps7_cortexa9_0/libsrc/emacps_v3_18/src -s include  "SHELL=CMD" "COMPILER=arm-none-eabi-gcc" "ASSEMBLER=arm-none-eabi-as
TRACE::2026-09-14.20:34:18::SCWBDomain::" "ARCHIVER=arm-none-eabi-ar" "COMPILER_FLAGS=  -O2 -c" "EXTRA_COMPILER_FLAGS=-mcpu=cortex-a9 -mfpu=vfpv3 -mfloat-abi=hard -nos
TRACE::2026-09-14.20:34:18::SCWBDomain::tartfiles -g -Wall -Wextra -fno-tree-loop-distribute-patterns"

TRACE::2026-09-14.20:34:18::SCWBDomain::"Running Make include in ps7_cortexa9_0/libsrc/gpiops_v3_11/src"

TRACE::2026-09-14.20:34:18::SCWBDomain::make -C ps7_cortexa9_0/libsrc/gpiops_v3_11/src -s include  "SHELL=CMD" "COMPILER=arm-none-eabi-gcc" "ASSEMBLER=arm-none-eabi-as
TRACE::2026-09-14.20:34:18::SCWBDomain::" "ARCHIVER=arm-none-eabi-ar" "COMPILER_FLAGS=  -O2 -c" "EXTRA_COMPILER_FLAGS=-mcpu=cortex-a9 -mfpu=vfpv3 -mfloat-abi=hard -nos
TRACE::2026-09-14.20:34:18::SCWBDomain::tartfiles -g -Wall -Wextra -fno-tree-loop-distribute-patterns"

TRACE::2026-09-14.20:34:18::SCWBDomain::"Running Make include in ps7_cortexa9_0/libsrc/gpio_v4_9/src"

TRACE::2026-09-14.20:34:18::SCWBDomain::make -C ps7_cortexa9_0/libsrc/gpio_v4_9/src -s include  "SHELL=CMD" "COMPILER=arm-none-eabi-gcc" "ASSEMBLER=arm-none-eabi-as" "
TRACE::2026-09-14.20:34:18::SCWBDomain::ARCHIVER=arm-none-eabi-ar" "COMPILER_FLAGS=  -O2 -c" "EXTRA_COMPILER_FLAGS=-mcpu=cortex-a9 -mfpu=vfpv3 -mfloat-abi=hard -nostar
TRACE::2026-09-14.20:34:18::SCWBDomain::tfiles -g -Wall -Wextra -fno-tree-loop-distribute-patterns"

TRACE::2026-09-14.20:34:18::SCWBDomain::"Running Make include in ps7_cortexa9_0/libsrc/qspips_v3_10/src"

TRACE::2026-09-14.20:34:18::SCWBDomain::make -C ps7_cortexa9_0/libsrc/qspips_v3_10/src -s include  "SHELL=CMD" "COMPILER=arm-none-eabi-gcc" "ASSEMBLER=arm-none-eabi-as
TRACE::2026-09-14.20:34:18::SCWBDomain::" "ARCHIVER=arm-none-eabi-ar" "COMPILER_FLAGS=  -O2 -c" "EXTRA_COMPILER_FLAGS=-mcpu=cortex-a9 -mfpu=vfpv3 -mfloat-abi=hard -nos
TRACE::2026-09-14.20:34:18::SCWBDomain::tartfiles -g -Wall -Wextra -fno-tree-loop-distribute-patterns"

TRACE::2026-09-14.20:34:18::SCWBDomain::"Running Make include in ps7_cortexa9_0/libsrc/scugic_v5_1/src"

TRACE::2026-09-14.20:34:18::SCWBDomain::make -C ps7_cortexa9_0/libsrc/scugic_v5_1/src -s include  "SHELL=CMD" "COMPILER=arm-none-eabi-gcc" "ASSEMBLER=arm-none-eabi-as"
TRACE::2026-09-14.20:34:18::SCWBDomain:: "ARCHIVER=arm-none-eabi-ar" "COMPILER_FLAGS=  -O2 -c" "EXTRA_COMPILER_FLAGS=-mcpu=cortex-a9 -mfpu=vfpv3 -mfloat-abi=hard -nost
TRACE::2026-09-14.20:34:18::SCWBDomain::artfiles -g -Wall -Wextra -fno-tree-loop-distribute-patterns"

TRACE::2026-09-14.20:34:19::SCWBDomain::"Running Make include in ps7_cortexa9_0/libsrc/scutimer_v2_4/src"

TRACE::2026-09-14.20:34:19::SCWBDomain::make -C ps7_cortexa9_0/libsrc/scutimer_v2_4/src -s include  "SHELL=CMD" "COMPILER=arm-none-eabi-gcc" "ASSEMBLER=arm-none-eabi-a
TRACE::2026-09-14.20:34:19::SCWBDomain::s" "ARCHIVER=arm-none-eabi-ar" "COMPILER_FLAGS=  -O2 -c" "EXTRA_COMPILER_FLAGS=-mcpu=cortex-a9 -mfpu=vfpv3 -mfloat-abi=hard -no
TRACE::2026-09-14.20:34:19::SCWBDomain::startfiles -g -Wall -Wextra -fno-tree-loop-distribute-patterns"

TRACE::2026-09-14.20:34:19::SCWBDomain::"Running Make include in ps7_cortexa9_0/libsrc/scuwdt_v2_4/src"

TRACE::2026-09-14.20:34:19::SCWBDomain::make -C ps7_cortexa9_0/libsrc/scuwdt_v2_4/src -s include  "SHELL=CMD" "COMPILER=arm-none-eabi-gcc" "ASSEMBLER=arm-none-eabi-as"
TRACE::2026-09-14.20:34:19::SCWBDomain:: "ARCHIVER=arm-none-eabi-ar" "COMPILER_FLAGS=  -O2 -c" "EXTRA_COMPILER_FLAGS=-mcpu=cortex-a9 -mfpu=vfpv3 -mfloat-abi=hard -nost
TRACE::2026-09-14.20:34:19::SCWBDomain::artfiles -g -Wall -Wextra -fno-tree-loop-distribute-patterns"

TRACE::2026-09-14.20:34:19::SCWBDomain::"Running Make include in ps7_cortexa9_0/libsrc/sdps_v4_1/src"

TRACE::2026-09-14.20:34:19::SCWBDomain::make -C ps7_cortexa9_0/libsrc/sdps_v4_1/src -s include  "SHELL=CMD" "COMPILER=arm-none-eabi-gcc" "ASSEMBLER=arm-none-eabi-as" "
TRACE::2026-09-14.20:34:19::SCWBDomain::ARCHIVER=arm-none-eabi-ar" "COMPILER_FLAGS=  -O2 -c" "EXTRA_COMPILER_FLAGS=-mcpu=cortex-a9 -mfpu=vfpv3 -mfloat-abi=hard -nostar
TRACE::2026-09-14.20:34:19::SCWBDomain::tfiles -g -Wall -Wextra -fno-tree-loop-distribute-patterns"

TRACE::2026-09-14.20:34:19::SCWBDomain::"Running Make include in ps7_cortexa9_0/libsrc/standalone_v8_1/src"

TRACE::2026-09-14.20:34:19::SCWBDomain::make -C ps7_cortexa9_0/libsrc/standalone_v8_1/src -s include  "SHELL=CMD" "COMPILER=arm-none-eabi-gcc" "ASSEMBLER=arm-none-eabi
TRACE::2026-09-14.20:34:19::SCWBDomain::-as" "ARCHIVER=arm-none-eabi-ar" "COMPILER_FLAGS=  -O2 -c" "EXTRA_COMPILER_FLAGS=-mcpu=cortex-a9 -mfpu=vfpv3 -mfloat-abi=hard -
TRACE::2026-09-14.20:34:19::SCWBDomain::nostartfiles -g -Wall -Wextra -fno-tree-loop-distribute-patterns"

TRACE::2026-09-14.20:34:20::SCWBDomain::"Running Make include in ps7_cortexa9_0/libsrc/uartps_v3_12/src"

TRACE::2026-09-14.20:34:20::SCWBDomain::make -C ps7_cortexa9_0/libsrc/uartps_v3_12/src -s include  "SHELL=CMD" "COMPILER=arm-none-eabi-gcc" "ASSEMBLER=arm-none-eabi-as
TRACE::2026-09-14.20:34:20::SCWBDomain::" "ARCHIVER=arm-none-eabi-ar" "COMPILER_FLAGS=  -O2 -c" "EXTRA_COMPILER_FLAGS=-mcpu=cortex-a9 -mfpu=vfpv3 -mfloat-abi=hard -nos
TRACE::2026-09-14.20:34:20::SCWBDomain::tartfiles -g -Wall -Wextra -fno-tree-loop-distribute-patterns"

TRACE::2026-09-14.20:34:20::SCWBDomain::"Running Make include in ps7_cortexa9_0/libsrc/usbps_v2_7/src"

TRACE::2026-09-14.20:34:20::SCWBDomain::make -C ps7_cortexa9_0/libsrc/usbps_v2_7/src -s include  "SHELL=CMD" "COMPILER=arm-none-eabi-gcc" "ASSEMBLER=arm-none-eabi-as" 
TRACE::2026-09-14.20:34:20::SCWBDomain::"ARCHIVER=arm-none-eabi-ar" "COMPILER_FLAGS=  -O2 -c" "EXTRA_COMPILER_FLAGS=-mcpu=cortex-a9 -mfpu=vfpv3 -mfloat-abi=hard -nosta
TRACE::2026-09-14.20:34:20::SCWBDomain::rtfiles -g -Wall -Wextra -fno-tree-loop-distribute-patterns"

TRACE::2026-09-14.20:34:20::SCWBDomain::"Running Make include in ps7_cortexa9_0/libsrc/xadcps_v2_6/src"

TRACE::2026-09-14.20:34:20::SCWBDomain::make -C ps7_cortexa9_0/libsrc/xadcps_v2_6/src -s include  "SHELL=CMD" "COMPILER=arm-none-eabi-gcc" "ASSEMBLER=arm-none-eabi-as"
TRACE::2026-09-14.20:34:20::SCWBDomain:: "ARCHIVER=arm-none-eabi-ar" "COMPILER_FLAGS=  -O2 -c" "EXTRA_COMPILER_FLAGS=-mcpu=cortex-a9 -mfpu=vfpv3 -mfloat-abi=hard -nost
TRACE::2026-09-14.20:34:20::SCWBDomain::artfiles -g -Wall -Wextra -fno-tree-loop-distribute-patterns"

TRACE::2026-09-14.20:34:20::SCWBDomain::"Running Make include in ps7_cortexa9_0/libsrc/xilffs_v5_0/src"

TRACE::2026-09-14.20:34:20::SCWBDomain::make -C ps7_cortexa9_0/libsrc/xilffs_v5_0/src -s include  "SHELL=CMD" "COMPILER=arm-none-eabi-gcc" "ASSEMBLER=arm-none-eabi-as"
TRACE::2026-09-14.20:34:20::SCWBDomain:: "ARCHIVER=arm-none-eabi-ar" "COMPILER_FLAGS=  -O2 -c" "EXTRA_COMPILER_FLAGS=-mcpu=cortex-a9 -mfpu=vfpv3 -mfloat-abi=hard -nost
TRACE::2026-09-14.20:34:20::SCWBDomain::artfiles -g -Wall -Wextra -fno-tree-loop-distribute-patterns"

TRACE::2026-09-14.20:34:21::SCWBDomain::"Running Make include in ps7_cortexa9_0/libsrc/xilrsa_v1_6/src"

TRACE::2026-09-14.20:34:21::SCWBDomain::make -C ps7_cortexa9_0/libsrc/xilrsa_v1_6/src -s include  "SHELL=CMD" "COMPILER=arm-none-eabi-gcc" "ASSEMBLER=arm-none-eabi-as"
TRACE::2026-09-14.20:34:21::SCWBDomain:: "ARCHIVER=arm-none-eabi-ar" "COMPILER_FLAGS=  -O2 -c" "EXTRA_COMPILER_FLAGS=-mcpu=cortex-a9 -mfpu=vfpv3 -mfloat-abi=hard -nost
TRACE::2026-09-14.20:34:21::SCWBDomain::artfiles -g -Wall -Wextra -fno-tree-loop-distribute-patterns"

TRACE::2026-09-14.20:34:21::SCWBDomain::"Running Make libs in ps7_cortexa9_0/libsrc/xilrsa_v1_6/src"

TRACE::2026-09-14.20:34:21::SCWBDomain::make -C ps7_cortexa9_0/libsrc/xilrsa_v1_6/src -s libs  "SHELL=CMD" "COMPILER=arm-none-eabi-gcc" "ASSEMBLER=arm-none-eabi-as" "A
TRACE::2026-09-14.20:34:21::SCWBDomain::RCHIVER=arm-none-eabi-ar" "COMPILER_FLAGS=  -O2 -c" "EXTRA_COMPILER_FLAGS=-mcpu=cortex-a9 -mfpu=vfpv3 -mfloat-abi=hard -nostart
TRACE::2026-09-14.20:34:21::SCWBDomain::files -g -Wall -Wextra -fno-tree-loop-distribute-patterns"

TRACE::2026-09-14.20:34:21::SCWBDomain::'Finished building libraries sequentially.'

TRACE::2026-09-14.20:34:21::SCWBDomain::make -j 14 --no-print-directory par_libs

TRACE::2026-09-14.20:34:21::SCWBDomain::"Running Make include in ps7_cortexa9_0/libsrc/coresightps_dcc_v1_8/src"

TRACE::2026-09-14.20:34:21::SCWBDomain::make -C ps7_cortexa9_0/libsrc/coresightps_dcc_v1_8/src -s include  "SHELL=CMD" "COMPILER=arm-none-eabi-gcc" "ASSEMBLER=arm-none
TRACE::2026-09-14.20:34:21::SCWBDomain::-eabi-as" "ARCHIVER=arm-none-eabi-ar" "COMPILER_FLAGS=  -O2 -c" "EXTRA_COMPILER_FLAGS=-mcpu=cortex-a9 -mfpu=vfpv3 -mfloat-abi=h
TRACE::2026-09-14.20:34:21::SCWBDomain::ard -nostartfiles -g -Wall -Wextra -fno-tree-loop-distribute-patterns"

TRACE::2026-09-14.20:34:21::SCWBDomain::"Running Make include in ps7_cortexa9_0/libsrc/cpu_cortexa9_v2_11/src"

TRACE::2026-09-14.20:34:21::SCWBDomain::make -C ps7_cortexa9_0/libsrc/cpu_cortexa9_v2_11/src -s include  "SHELL=CMD" "COMPILER=arm-none-eabi-gcc" "ASSEMBLER=arm-none-e
TRACE::2026-09-14.20:34:21::SCWBDomain::abi-as" "ARCHIVER=arm-none-eabi-ar" "COMPILER_FLAGS=  -O2 -c" "EXTRA_COMPILER_FLAGS=-mcpu=cortex-a9 -mfpu=vfpv3 -mfloat-abi=har
TRACE::2026-09-14.20:34:21::SCWBDomain::d -nostartfiles -g -Wall -Wextra -fno-tree-loop-distribute-patterns"

TRACE::2026-09-14.20:34:21::SCWBDomain::"Running Make include in ps7_cortexa9_0/libsrc/ddrps_v1_2/src"

TRACE::2026-09-14.20:34:21::SCWBDomain::make -C ps7_cortexa9_0/libsrc/ddrps_v1_2/src -s include  "SHELL=CMD" "COMPILER=arm-none-eabi-gcc" "ASSEMBLER=arm-none-eabi-as" 
TRACE::2026-09-14.20:34:21::SCWBDomain::"ARCHIVER=arm-none-eabi-ar" "COMPILER_FLAGS=  -O2 -c" "EXTRA_COMPILER_FLAGS=-mcpu=cortex-a9 -mfpu=vfpv3 -mfloat-abi=hard -nosta
TRACE::2026-09-14.20:34:21::SCWBDomain::rtfiles -g -Wall -Wextra -fno-tree-loop-distribute-patterns"

TRACE::2026-09-14.20:34:21::SCWBDomain::"Running Make include in ps7_cortexa9_0/libsrc/devcfg_v3_7/src"

TRACE::2026-09-14.20:34:21::SCWBDomain::make -C ps7_cortexa9_0/libsrc/devcfg_v3_7/src -s include  "SHELL=CMD" "COMPILER=arm-none-eabi-gcc" "ASSEMBLER=arm-none-eabi-as"
TRACE::2026-09-14.20:34:21::SCWBDomain:: "ARCHIVER=arm-none-eabi-ar" "COMPILER_FLAGS=  -O2 -c" "EXTRA_COMPILER_FLAGS=-mcpu=cortex-a9 -mfpu=vfpv3 -mfloat-abi=hard -nost
TRACE::2026-09-14.20:34:21::SCWBDomain::artfiles -g -Wall -Wextra -fno-tree-loop-distribute-patterns"

TRACE::2026-09-14.20:34:21::SCWBDomain::"Running Make include in ps7_cortexa9_0/libsrc/dmaps_v2_8/src"

TRACE::2026-09-14.20:34:21::SCWBDomain::make -C ps7_cortexa9_0/libsrc/dmaps_v2_8/src -s include  "SHELL=CMD" "COMPILER=arm-none-eabi-gcc" "ASSEMBLER=arm-none-eabi-as" 
TRACE::2026-09-14.20:34:21::SCWBDomain::"ARCHIVER=arm-none-eabi-ar" "COMPILER_FLAGS=  -O2 -c" "EXTRA_COMPILER_FLAGS=-mcpu=cortex-a9 -mfpu=vfpv3 -mfloat-abi=hard -nosta
TRACE::2026-09-14.20:34:21::SCWBDomain::rtfiles -g -Wall -Wextra -fno-tree-loop-distribute-patterns"

TRACE::2026-09-14.20:34:21::SCWBDomain::"Running Make include in ps7_cortexa9_0/libsrc/emacps_v3_18/src"

TRACE::2026-09-14.20:34:21::SCWBDomain::make -C ps7_cortexa9_0/libsrc/emacps_v3_18/src -s include  "SHELL=CMD" "COMPILER=arm-none-eabi-gcc" "ASSEMBLER=arm-none-eabi-as
TRACE::2026-09-14.20:34:21::SCWBDomain::" "ARCHIVER=arm-none-eabi-ar" "COMPILER_FLAGS=  -O2 -c" "EXTRA_COMPILER_FLAGS=-mcpu=cortex-a9 -mfpu=vfpv3 -mfloat-abi=hard -nos
TRACE::2026-09-14.20:34:21::SCWBDomain::tartfiles -g -Wall -Wextra -fno-tree-loop-distribute-patterns"

TRACE::2026-09-14.20:34:21::SCWBDomain::"Running Make include in ps7_cortexa9_0/libsrc/gpiops_v3_11/src"

TRACE::2026-09-14.20:34:21::SCWBDomain::make -C ps7_cortexa9_0/libsrc/gpiops_v3_11/src -s include  "SHELL=CMD" "COMPILER=arm-none-eabi-gcc" "ASSEMBLER=arm-none-eabi-as
TRACE::2026-09-14.20:34:21::SCWBDomain::" "ARCHIVER=arm-none-eabi-ar" "COMPILER_FLAGS=  -O2 -c" "EXTRA_COMPILER_FLAGS=-mcpu=cortex-a9 -mfpu=vfpv3 -mfloat-abi=hard -nos
TRACE::2026-09-14.20:34:21::SCWBDomain::tartfiles -g -Wall -Wextra -fno-tree-loop-distribute-patterns"

TRACE::2026-09-14.20:34:21::SCWBDomain::"Running Make include in ps7_cortexa9_0/libsrc/gpio_v4_9/src"

TRACE::2026-09-14.20:34:21::SCWBDomain::make -C ps7_cortexa9_0/libsrc/gpio_v4_9/src -s include  "SHELL=CMD" "COMPILER=arm-none-eabi-gcc" "ASSEMBLER=arm-none-eabi-as" "
TRACE::2026-09-14.20:34:21::SCWBDomain::ARCHIVER=arm-none-eabi-ar" "COMPILER_FLAGS=  -O2 -c" "EXTRA_COMPILER_FLAGS=-mcpu=cortex-a9 -mfpu=vfpv3 -mfloat-abi=hard -nostar
TRACE::2026-09-14.20:34:21::SCWBDomain::tfiles -g -Wall -Wextra -fno-tree-loop-distribute-patterns"

TRACE::2026-09-14.20:34:21::SCWBDomain::"Running Make include in ps7_cortexa9_0/libsrc/qspips_v3_10/src"

TRACE::2026-09-14.20:34:21::SCWBDomain::make -C ps7_cortexa9_0/libsrc/qspips_v3_10/src -s include  "SHELL=CMD" "COMPILER=arm-none-eabi-gcc" "ASSEMBLER=arm-none-eabi-as
TRACE::2026-09-14.20:34:21::SCWBDomain::" "ARCHIVER=arm-none-eabi-ar" "COMPILER_FLAGS=  -O2 -c" "EXTRA_COMPILER_FLAGS=-mcpu=cortex-a9 -mfpu=vfpv3 -mfloat-abi=hard -nos
TRACE::2026-09-14.20:34:21::SCWBDomain::tartfiles -g -Wall -Wextra -fno-tree-loop-distribute-patterns"

TRACE::2026-09-14.20:34:21::SCWBDomain::"Running Make include in ps7_cortexa9_0/libsrc/scugic_v5_1/src"

TRACE::2026-09-14.20:34:21::SCWBDomain::make -C ps7_cortexa9_0/libsrc/scugic_v5_1/src -s include  "SHELL=CMD" "COMPILER=arm-none-eabi-gcc" "ASSEMBLER=arm-none-eabi-as"
TRACE::2026-09-14.20:34:21::SCWBDomain:: "ARCHIVER=arm-none-eabi-ar" "COMPILER_FLAGS=  -O2 -c" "EXTRA_COMPILER_FLAGS=-mcpu=cortex-a9 -mfpu=vfpv3 -mfloat-abi=hard -nost
TRACE::2026-09-14.20:34:21::SCWBDomain::artfiles -g -Wall -Wextra -fno-tree-loop-distribute-patterns"

TRACE::2026-09-14.20:34:21::SCWBDomain::"Running Make include in ps7_cortexa9_0/libsrc/scutimer_v2_4/src"

TRACE::2026-09-14.20:34:21::SCWBDomain::make -C ps7_cortexa9_0/libsrc/scutimer_v2_4/src -s include  "SHELL=CMD" "COMPILER=arm-none-eabi-gcc" "ASSEMBLER=arm-none-eabi-a
TRACE::2026-09-14.20:34:21::SCWBDomain::s" "ARCHIVER=arm-none-eabi-ar" "COMPILER_FLAGS=  -O2 -c" "EXTRA_COMPILER_FLAGS=-mcpu=cortex-a9 -mfpu=vfpv3 -mfloat-abi=hard -no
TRACE::2026-09-14.20:34:21::SCWBDomain::startfiles -g -Wall -Wextra -fno-tree-loop-distribute-patterns"

TRACE::2026-09-14.20:34:21::SCWBDomain::"Running Make include in ps7_cortexa9_0/libsrc/scuwdt_v2_4/src"

TRACE::2026-09-14.20:34:21::SCWBDomain::make -C ps7_cortexa9_0/libsrc/scuwdt_v2_4/src -s include  "SHELL=CMD" "COMPILER=arm-none-eabi-gcc" "ASSEMBLER=arm-none-eabi-as"
TRACE::2026-09-14.20:34:21::SCWBDomain:: "ARCHIVER=arm-none-eabi-ar" "COMPILER_FLAGS=  -O2 -c" "EXTRA_COMPILER_FLAGS=-mcpu=cortex-a9 -mfpu=vfpv3 -mfloat-abi=hard -nost
TRACE::2026-09-14.20:34:21::SCWBDomain::artfiles -g -Wall -Wextra -fno-tree-loop-distribute-patterns"

TRACE::2026-09-14.20:34:21::SCWBDomain::"Running Make include in ps7_cortexa9_0/libsrc/sdps_v4_1/src"

TRACE::2026-09-14.20:34:21::SCWBDomain::make -C ps7_cortexa9_0/libsrc/sdps_v4_1/src -s include  "SHELL=CMD" "COMPILER=arm-none-eabi-gcc" "ASSEMBLER=arm-none-eabi-as" "
TRACE::2026-09-14.20:34:21::SCWBDomain::ARCHIVER=arm-none-eabi-ar" "COMPILER_FLAGS=  -O2 -c" "EXTRA_COMPILER_FLAGS=-mcpu=cortex-a9 -mfpu=vfpv3 -mfloat-abi=hard -nostar
TRACE::2026-09-14.20:34:21::SCWBDomain::tfiles -g -Wall -Wextra -fno-tree-loop-distribute-patterns"

TRACE::2026-09-14.20:34:21::SCWBDomain::"Running Make include in ps7_cortexa9_0/libsrc/standalone_v8_1/src"

TRACE::2026-09-14.20:34:21::SCWBDomain::make -C ps7_cortexa9_0/libsrc/standalone_v8_1/src -s include  "SHELL=CMD" "COMPILER=arm-none-eabi-gcc" "ASSEMBLER=arm-none-eabi
TRACE::2026-09-14.20:34:21::SCWBDomain::-as" "ARCHIVER=arm-none-eabi-ar" "COMPILER_FLAGS=  -O2 -c" "EXTRA_COMPILER_FLAGS=-mcpu=cortex-a9 -mfpu=vfpv3 -mfloat-abi=hard -
TRACE::2026-09-14.20:34:21::SCWBDomain::nostartfiles -g -Wall -Wextra -fno-tree-loop-distribute-patterns"

TRACE::2026-09-14.20:34:21::SCWBDomain::"Running Make include in ps7_cortexa9_0/libsrc/uartps_v3_12/src"

TRACE::2026-09-14.20:34:21::SCWBDomain::make -C ps7_cortexa9_0/libsrc/uartps_v3_12/src -s include  "SHELL=CMD" "COMPILER=arm-none-eabi-gcc" "ASSEMBLER=arm-none-eabi-as
TRACE::2026-09-14.20:34:21::SCWBDomain::" "ARCHIVER=arm-none-eabi-ar" "COMPILER_FLAGS=  -O2 -c" "EXTRA_COMPILER_FLAGS=-mcpu=cortex-a9 -mfpu=vfpv3 -mfloat-abi=hard -nos
TRACE::2026-09-14.20:34:21::SCWBDomain::tartfiles -g -Wall -Wextra -fno-tree-loop-distribute-patterns"

TRACE::2026-09-14.20:34:21::SCWBDomain::"Running Make include in ps7_cortexa9_0/libsrc/usbps_v2_7/src"

TRACE::2026-09-14.20:34:21::SCWBDomain::make -C ps7_cortexa9_0/libsrc/usbps_v2_7/src -s include  "SHELL=CMD" "COMPILER=arm-none-eabi-gcc" "ASSEMBLER=arm-none-eabi-as" 
TRACE::2026-09-14.20:34:21::SCWBDomain::"ARCHIVER=arm-none-eabi-ar" "COMPILER_FLAGS=  -O2 -c" "EXTRA_COMPILER_FLAGS=-mcpu=cortex-a9 -mfpu=vfpv3 -mfloat-abi=hard -nosta
TRACE::2026-09-14.20:34:21::SCWBDomain::rtfiles -g -Wall -Wextra -fno-tree-loop-distribute-patterns"

TRACE::2026-09-14.20:34:21::SCWBDomain::"Running Make include in ps7_cortexa9_0/libsrc/xadcps_v2_6/src"

TRACE::2026-09-14.20:34:21::SCWBDomain::make -C ps7_cortexa9_0/libsrc/xadcps_v2_6/src -s include  "SHELL=CMD" "COMPILER=arm-none-eabi-gcc" "ASSEMBLER=arm-none-eabi-as"
TRACE::2026-09-14.20:34:21::SCWBDomain:: "ARCHIVER=arm-none-eabi-ar" "COMPILER_FLAGS=  -O2 -c" "EXTRA_COMPILER_FLAGS=-mcpu=cortex-a9 -mfpu=vfpv3 -mfloat-abi=hard -nost
TRACE::2026-09-14.20:34:21::SCWBDomain::artfiles -g -Wall -Wextra -fno-tree-loop-distribute-patterns"

TRACE::2026-09-14.20:34:21::SCWBDomain::"Running Make include in ps7_cortexa9_0/libsrc/xilffs_v5_0/src"

TRACE::2026-09-14.20:34:22::SCWBDomain::make -C ps7_cortexa9_0/libsrc/xilffs_v5_0/src -s include  "SHELL=CMD" "COMPILER=arm-none-eabi-gcc" "ASSEMBLER=arm-none-eabi-as"
TRACE::2026-09-14.20:34:22::SCWBDomain:: "ARCHIVER=arm-none-eabi-ar" "COMPILER_FLAGS=  -O2 -c" "EXTRA_COMPILER_FLAGS=-mcpu=cortex-a9 -mfpu=vfpv3 -mfloat-abi=hard -nost
TRACE::2026-09-14.20:34:22::SCWBDomain::artfiles -g -Wall -Wextra -fno-tree-loop-distribute-patterns"

TRACE::2026-09-14.20:34:22::SCWBDomain::"Running Make include in ps7_cortexa9_0/libsrc/xilrsa_v1_6/src"

TRACE::2026-09-14.20:34:22::SCWBDomain::make -C ps7_cortexa9_0/libsrc/xilrsa_v1_6/src -s include  "SHELL=CMD" "COMPILER=arm-none-eabi-gcc" "ASSEMBLER=arm-none-eabi-as"
TRACE::2026-09-14.20:34:22::SCWBDomain:: "ARCHIVER=arm-none-eabi-ar" "COMPILER_FLAGS=  -O2 -c" "EXTRA_COMPILER_FLAGS=-mcpu=cortex-a9 -mfpu=vfpv3 -mfloat-abi=hard -nost
TRACE::2026-09-14.20:34:22::SCWBDomain::artfiles -g -Wall -Wextra -fno-tree-loop-distribute-patterns"

TRACE::2026-09-14.20:34:22::SCWBDomain::"Running Make libs in ps7_cortexa9_0/libsrc/coresightps_dcc_v1_8/src"

TRACE::2026-09-14.20:34:22::SCWBDomain::make -C ps7_cortexa9_0/libsrc/coresightps_dcc_v1_8/src -s libs  "SHELL=CMD" "COMPILER=arm-none-eabi-gcc" "ASSEMBLER=arm-none-ea
TRACE::2026-09-14.20:34:22::SCWBDomain::bi-as" "ARCHIVER=arm-none-eabi-ar" "COMPILER_FLAGS=  -O2 -c" "EXTRA_COMPILER_FLAGS=-mcpu=cortex-a9 -mfpu=vfpv3 -mfloat-abi=hard
TRACE::2026-09-14.20:34:22::SCWBDomain:: -nostartfiles -g -Wall -Wextra -fno-tree-loop-distribute-patterns"

TRACE::2026-09-14.20:34:22::SCWBDomain::"Running Make libs in ps7_cortexa9_0/libsrc/cpu_cortexa9_v2_11/src"

TRACE::2026-09-14.20:34:22::SCWBDomain::make -C ps7_cortexa9_0/libsrc/cpu_cortexa9_v2_11/src -s libs  "SHELL=CMD" "COMPILER=arm-none-eabi-gcc" "ASSEMBLER=arm-none-eabi
TRACE::2026-09-14.20:34:22::SCWBDomain::-as" "ARCHIVER=arm-none-eabi-ar" "COMPILER_FLAGS=  -O2 -c" "EXTRA_COMPILER_FLAGS=-mcpu=cortex-a9 -mfpu=vfpv3 -mfloat-abi=hard -
TRACE::2026-09-14.20:34:22::SCWBDomain::nostartfiles -g -Wall -Wextra -fno-tree-loop-distribute-patterns"

TRACE::2026-09-14.20:34:22::SCWBDomain::"Running Make libs in ps7_cortexa9_0/libsrc/ddrps_v1_2/src"

TRACE::2026-09-14.20:34:22::SCWBDomain::make -C ps7_cortexa9_0/libsrc/ddrps_v1_2/src -s libs  "SHELL=CMD" "COMPILER=arm-none-eabi-gcc" "ASSEMBLER=arm-none-eabi-as" "AR
TRACE::2026-09-14.20:34:22::SCWBDomain::CHIVER=arm-none-eabi-ar" "COMPILER_FLAGS=  -O2 -c" "EXTRA_COMPILER_FLAGS=-mcpu=cortex-a9 -mfpu=vfpv3 -mfloat-abi=hard -nostartf
TRACE::2026-09-14.20:34:22::SCWBDomain::iles -g -Wall -Wextra -fno-tree-loop-distribute-patterns"

TRACE::2026-09-14.20:34:22::SCWBDomain::"Running Make libs in ps7_cortexa9_0/libsrc/devcfg_v3_7/src"

TRACE::2026-09-14.20:34:22::SCWBDomain::make -C ps7_cortexa9_0/libsrc/devcfg_v3_7/src -s libs  "SHELL=CMD" "COMPILER=arm-none-eabi-gcc" "ASSEMBLER=arm-none-eabi-as" "A
TRACE::2026-09-14.20:34:22::SCWBDomain::RCHIVER=arm-none-eabi-ar" "COMPILER_FLAGS=  -O2 -c" "EXTRA_COMPILER_FLAGS=-mcpu=cortex-a9 -mfpu=vfpv3 -mfloat-abi=hard -nostart
TRACE::2026-09-14.20:34:22::SCWBDomain::files -g -Wall -Wextra -fno-tree-loop-distribute-patterns"

TRACE::2026-09-14.20:34:22::SCWBDomain::"Running Make libs in ps7_cortexa9_0/libsrc/dmaps_v2_8/src"

TRACE::2026-09-14.20:34:22::SCWBDomain::"Running Make libs in ps7_cortexa9_0/libsrc/emacps_v3_18/src"

TRACE::2026-09-14.20:34:22::SCWBDomain::make -C ps7_cortexa9_0/libsrc/dmaps_v2_8/src -s libs  "SHELL=CMD" "COMPILER=arm-none-eabi-gcc" "ASSEMBLER=arm-none-eabi-as" "AR
TRACE::2026-09-14.20:34:22::SCWBDomain::CHIVER=arm-none-eabi-ar" "COMPILER_FLAGS=  -O2 -c" "EXTRA_COMPILER_FLAGS=-mcpu=cortex-a9 -mfpu=vfpv3 -mfloat-abi=hard -nostartf
TRACE::2026-09-14.20:34:22::SCWBDomain::iles -g -Wall -Wextra -fno-tree-loop-distribute-patterns"

TRACE::2026-09-14.20:34:22::SCWBDomain::make -C ps7_cortexa9_0/libsrc/emacps_v3_18/src -s libs  "SHELL=CMD" "COMPILER=arm-none-eabi-gcc" "ASSEMBLER=arm-none-eabi-as" "
TRACE::2026-09-14.20:34:22::SCWBDomain::ARCHIVER=arm-none-eabi-ar" "COMPILER_FLAGS=  -O2 -c" "EXTRA_COMPILER_FLAGS=-mcpu=cortex-a9 -mfpu=vfpv3 -mfloat-abi=hard -nostar
TRACE::2026-09-14.20:34:22::SCWBDomain::tfiles -g -Wall -Wextra -fno-tree-loop-distribute-patterns"

TRACE::2026-09-14.20:34:22::SCWBDomain::"Running Make libs in ps7_cortexa9_0/libsrc/gpiops_v3_11/src"

TRACE::2026-09-14.20:34:22::SCWBDomain::make -C ps7_cortexa9_0/libsrc/gpiops_v3_11/src -s libs  "SHELL=CMD" "COMPILER=arm-none-eabi-gcc" "ASSEMBLER=arm-none-eabi-as" "
TRACE::2026-09-14.20:34:22::SCWBDomain::ARCHIVER=arm-none-eabi-ar" "COMPILER_FLAGS=  -O2 -c" "EXTRA_COMPILER_FLAGS=-mcpu=cortex-a9 -mfpu=vfpv3 -mfloat-abi=hard -nostar
TRACE::2026-09-14.20:34:22::SCWBDomain::tfiles -g -Wall -Wextra -fno-tree-loop-distribute-patterns"

TRACE::2026-09-14.20:34:22::SCWBDomain::"Running Make libs in ps7_cortexa9_0/libsrc/gpio_v4_9/src"

TRACE::2026-09-14.20:34:22::SCWBDomain::make -C ps7_cortexa9_0/libsrc/gpio_v4_9/src -s libs  "SHELL=CMD" "COMPILER=arm-none-eabi-gcc" "ASSEMBLER=arm-none-eabi-as" "ARC
TRACE::2026-09-14.20:34:22::SCWBDomain::HIVER=arm-none-eabi-ar" "COMPILER_FLAGS=  -O2 -c" "EXTRA_COMPILER_FLAGS=-mcpu=cortex-a9 -mfpu=vfpv3 -mfloat-abi=hard -nostartfi
TRACE::2026-09-14.20:34:22::SCWBDomain::les -g -Wall -Wextra -fno-tree-loop-distribute-patterns"

TRACE::2026-09-14.20:34:22::SCWBDomain::"Running Make libs in ps7_cortexa9_0/libsrc/qspips_v3_10/src"

TRACE::2026-09-14.20:34:22::SCWBDomain::make -C ps7_cortexa9_0/libsrc/qspips_v3_10/src -s libs  "SHELL=CMD" "COMPILER=arm-none-eabi-gcc" "ASSEMBLER=arm-none-eabi-as" "
TRACE::2026-09-14.20:34:22::SCWBDomain::ARCHIVER=arm-none-eabi-ar" "COMPILER_FLAGS=  -O2 -c" "EXTRA_COMPILER_FLAGS=-mcpu=cortex-a9 -mfpu=vfpv3 -mfloat-abi=hard -nostar
TRACE::2026-09-14.20:34:22::SCWBDomain::tfiles -g -Wall -Wextra -fno-tree-loop-distribute-patterns"

TRACE::2026-09-14.20:34:23::SCWBDomain::"Running Make libs in ps7_cortexa9_0/libsrc/scugic_v5_1/src"

TRACE::2026-09-14.20:34:24::SCWBDomain::make -C ps7_cortexa9_0/libsrc/scugic_v5_1/src -s libs  "SHELL=CMD" "COMPILER=arm-none-eabi-gcc" "ASSEMBLER=arm-none-eabi-as" "A
TRACE::2026-09-14.20:34:24::SCWBDomain::RCHIVER=arm-none-eabi-ar" "COMPILER_FLAGS=  -O2 -c" "EXTRA_COMPILER_FLAGS=-mcpu=cortex-a9 -mfpu=vfpv3 -mfloat-abi=hard -nostart
TRACE::2026-09-14.20:34:24::SCWBDomain::files -g -Wall -Wextra -fno-tree-loop-distribute-patterns"

TRACE::2026-09-14.20:34:24::SCWBDomain::"Running Make libs in ps7_cortexa9_0/libsrc/scutimer_v2_4/src"

TRACE::2026-09-14.20:34:24::SCWBDomain::make -C ps7_cortexa9_0/libsrc/scutimer_v2_4/src -s libs  "SHELL=CMD" "COMPILER=arm-none-eabi-gcc" "ASSEMBLER=arm-none-eabi-as" 
TRACE::2026-09-14.20:34:24::SCWBDomain::"ARCHIVER=arm-none-eabi-ar" "COMPILER_FLAGS=  -O2 -c" "EXTRA_COMPILER_FLAGS=-mcpu=cortex-a9 -mfpu=vfpv3 -mfloat-abi=hard -nosta
TRACE::2026-09-14.20:34:24::SCWBDomain::rtfiles -g -Wall -Wextra -fno-tree-loop-distribute-patterns"

TRACE::2026-09-14.20:34:24::SCWBDomain::"Running Make libs in ps7_cortexa9_0/libsrc/scuwdt_v2_4/src"

TRACE::2026-09-14.20:34:24::SCWBDomain::make -C ps7_cortexa9_0/libsrc/scuwdt_v2_4/src -s libs  "SHELL=CMD" "COMPILER=arm-none-eabi-gcc" "ASSEMBLER=arm-none-eabi-as" "A
TRACE::2026-09-14.20:34:24::SCWBDomain::RCHIVER=arm-none-eabi-ar" "COMPILER_FLAGS=  -O2 -c" "EXTRA_COMPILER_FLAGS=-mcpu=cortex-a9 -mfpu=vfpv3 -mfloat-abi=hard -nostart
TRACE::2026-09-14.20:34:24::SCWBDomain::files -g -Wall -Wextra -fno-tree-loop-distribute-patterns"

TRACE::2026-09-14.20:34:24::SCWBDomain::"Running Make libs in ps7_cortexa9_0/libsrc/sdps_v4_1/src"

TRACE::2026-09-14.20:34:24::SCWBDomain::make -C ps7_cortexa9_0/libsrc/sdps_v4_1/src -s libs  "SHELL=CMD" "COMPILER=arm-none-eabi-gcc" "ASSEMBLER=arm-none-eabi-as" "ARC
TRACE::2026-09-14.20:34:24::SCWBDomain::HIVER=arm-none-eabi-ar" "COMPILER_FLAGS=  -O2 -c" "EXTRA_COMPILER_FLAGS=-mcpu=cortex-a9 -mfpu=vfpv3 -mfloat-abi=hard -nostartfi
TRACE::2026-09-14.20:34:24::SCWBDomain::les -g -Wall -Wextra -fno-tree-loop-distribute-patterns"

TRACE::2026-09-14.20:34:24::SCWBDomain::"Running Make libs in ps7_cortexa9_0/libsrc/standalone_v8_1/src"

TRACE::2026-09-14.20:34:24::SCWBDomain::make -C ps7_cortexa9_0/libsrc/standalone_v8_1/src -s libs  "SHELL=CMD" "COMPILER=arm-none-eabi-gcc" "ASSEMBLER=arm-none-eabi-as
TRACE::2026-09-14.20:34:24::SCWBDomain::" "ARCHIVER=arm-none-eabi-ar" "COMPILER_FLAGS=  -O2 -c" "EXTRA_COMPILER_FLAGS=-mcpu=cortex-a9 -mfpu=vfpv3 -mfloat-abi=hard -nos
TRACE::2026-09-14.20:34:24::SCWBDomain::tartfiles -g -Wall -Wextra -fno-tree-loop-distribute-patterns"

TRACE::2026-09-14.20:34:24::SCWBDomain::"Running Make libs in ps7_cortexa9_0/libsrc/uartps_v3_12/src"

TRACE::2026-09-14.20:34:25::SCWBDomain::make -C ps7_cortexa9_0/libsrc/uartps_v3_12/src -s libs  "SHELL=CMD" "COMPILER=arm-none-eabi-gcc" "ASSEMBLER=arm-none-eabi-as" "
TRACE::2026-09-14.20:34:25::SCWBDomain::ARCHIVER=arm-none-eabi-ar" "COMPILER_FLAGS=  -O2 -c" "EXTRA_COMPILER_FLAGS=-mcpu=cortex-a9 -mfpu=vfpv3 -mfloat-abi=hard -nostar
TRACE::2026-09-14.20:34:25::SCWBDomain::tfiles -g -Wall -Wextra -fno-tree-loop-distribute-patterns"

TRACE::2026-09-14.20:34:25::SCWBDomain::"Running Make libs in ps7_cortexa9_0/libsrc/xadcps_v2_6/src"

TRACE::2026-09-14.20:34:25::SCWBDomain::"Running Make libs in ps7_cortexa9_0/libsrc/usbps_v2_7/src"

TRACE::2026-09-14.20:34:25::SCWBDomain::make -C ps7_cortexa9_0/libsrc/usbps_v2_7/src -s libs  "SHELL=CMD" "COMPILER=arm-none-eabi-gcc" "ASSEMBLER=arm-none-eabi-as" "AR
TRACE::2026-09-14.20:34:25::SCWBDomain::CHIVER=arm-none-eabi-ar" "COMPILER_FLAGS=  -O2 -c" "EXTRA_COMPILER_FLAGS=-mcpu=cortex-a9 -mfpu=vfpv3 -mfloat-abi=hard -nostartf
TRACE::2026-09-14.20:34:25::SCWBDomain::iles -g -Wall -Wextra -fno-tree-loop-distribute-patterns"

TRACE::2026-09-14.20:34:25::SCWBDomain::make -C ps7_cortexa9_0/libsrc/xadcps_v2_6/src -s libs  "SHELL=CMD" "COMPILER=arm-none-eabi-gcc" "ASSEMBLER=arm-none-eabi-as" "A
TRACE::2026-09-14.20:34:25::SCWBDomain::RCHIVER=arm-none-eabi-ar" "COMPILER_FLAGS=  -O2 -c" "EXTRA_COMPILER_FLAGS=-mcpu=cortex-a9 -mfpu=vfpv3 -mfloat-abi=hard -nostart
TRACE::2026-09-14.20:34:25::SCWBDomain::files -g -Wall -Wextra -fno-tree-loop-distribute-patterns"

TRACE::2026-09-14.20:34:25::SCWBDomain::"Running Make libs in ps7_cortexa9_0/libsrc/xilffs_v5_0/src"

TRACE::2026-09-14.20:34:25::SCWBDomain::make -C ps7_cortexa9_0/libsrc/xilffs_v5_0/src -s libs  "SHELL=CMD" "COMPILER=arm-none-eabi-gcc" "ASSEMBLER=arm-none-eabi-as" "A
TRACE::2026-09-14.20:34:25::SCWBDomain::RCHIVER=arm-none-eabi-ar" "COMPILER_FLAGS=  -O2 -c" "EXTRA_COMPILER_FLAGS=-mcpu=cortex-a9 -mfpu=vfpv3 -mfloat-abi=hard -nostart
TRACE::2026-09-14.20:34:25::SCWBDomain::files -g -Wall -Wextra -fno-tree-loop-distribute-patterns"

TRACE::2026-09-14.20:34:28::SCWBDomain::'Finished building libraries parallelly.'

TRACE::2026-09-14.20:34:28::SCWBDomain::make --no-print-directory archive

TRACE::2026-09-14.20:34:28::SCWBDomain::arm-none-eabi-ar -r  ps7_cortexa9_0/lib/libxil.a ps7_cortexa9_0/lib/_exit.o ps7_cortexa9_0/lib/_open.o ps7_cortexa9_0/lib/_sbrk
TRACE::2026-09-14.20:34:28::SCWBDomain::.o ps7_cortexa9_0/lib/abort.o ps7_cortexa9_0/lib/asm_vectors.o ps7_cortexa9_0/lib/boot.o ps7_cortexa9_0/lib/close.o ps7_cortexa
TRACE::2026-09-14.20:34:28::SCWBDomain::9_0/lib/cpputest_time.o ps7_cortexa9_0/lib/cpu_init.o ps7_cortexa9_0/lib/errno.o ps7_cortexa9_0/lib/fcntl.o ps7_cortexa9_0/lib/
TRACE::2026-09-14.20:34:28::SCWBDomain::fstat.o ps7_cortexa9_0/lib/getentropy.o ps7_cortexa9_0/lib/getpid.o ps7_cortexa9_0/lib/inbyte.o ps7_cortexa9_0/lib/isatty.o ps7
TRACE::2026-09-14.20:34:28::SCWBDomain::_cortexa9_0/lib/kill.o ps7_cortexa9_0/lib/lseek.o ps7_cortexa9_0/lib/open.o ps7_cortexa9_0/lib/outbyte.o ps7_cortexa9_0/lib/pri
TRACE::2026-09-14.20:34:28::SCWBDomain::nt.o ps7_cortexa9_0/lib/putnum.o ps7_cortexa9_0/lib/read.o ps7_cortexa9_0/lib/sbrk.o ps7_cortexa9_0/lib/sleep.o ps7_cortexa9_0/
TRACE::2026-09-14.20:34:28::SCWBDomain::lib/time.o ps7_cortexa9_0/lib/translation_table.o ps7_cortexa9_0/lib/unlink.o ps7_cortexa9_0/lib/usleep.o ps7_cortexa9_0/lib/ve
TRACE::2026-09-14.20:34:28::SCWBDomain::ctors.o ps7_cortexa9_0/lib/write.o ps7_cortexa9_0/lib/xadcps.o ps7_cortexa9_0/lib/xadcps_g.o ps7_cortexa9_0/lib/xadcps_intr.o p
TRACE::2026-09-14.20:34:28::SCWBDomain::s7_cortexa9_0/lib/xadcps_selftest.o ps7_cortexa9_0/lib/xadcps_sinit.o ps7_cortexa9_0/lib/xcoresightpsdcc.o ps7_cortexa9_0/lib/x
TRACE::2026-09-14.20:34:28::SCWBDomain::devcfg.o ps7_cortexa9_0/lib/xdevcfg_g.o ps7_cortexa9_0/lib/xdevcfg_hw.o ps7_cortexa9_0/lib/xdevcfg_intr.o ps7_cortexa9_0/lib/xd
TRACE::2026-09-14.20:34:28::SCWBDomain::evcfg_selftest.o ps7_cortexa9_0/lib/xdevcfg_sinit.o ps7_cortexa9_0/lib/xdmaps.o ps7_cortexa9_0/lib/xdmaps_g.o ps7_cortexa9_0/li
TRACE::2026-09-14.20:34:28::SCWBDomain::b/xdmaps_hw.o ps7_cortexa9_0/lib/xdmaps_selftest.o ps7_cortexa9_0/lib/xdmaps_sinit.o ps7_cortexa9_0/lib/xemacps.o ps7_cortexa9_
TRACE::2026-09-14.20:34:28::SCWBDomain::0/lib/xemacps_bdring.o ps7_cortexa9_0/lib/xemacps_control.o ps7_cortexa9_0/lib/xemacps_g.o ps7_cortexa9_0/lib/xemacps_hw.o ps7_
TRACE::2026-09-14.20:34:28::SCWBDomain::cortexa9_0/lib/xemacps_intr.o ps7_cortexa9_0/lib/xemacps_sinit.o ps7_cortexa9_0/lib/xgpio.o ps7_cortexa9_0/lib/xgpio_extra.o ps
TRACE::2026-09-14.20:34:28::SCWBDomain::7_cortexa9_0/lib/xgpio_g.o ps7_cortexa9_0/lib/xgpio_intr.o ps7_cortexa9_0/lib/xgpio_selftest.o ps7_cortexa9_0/lib/xgpio_sinit.o
TRACE::2026-09-14.20:34:28::SCWBDomain:: ps7_cortexa9_0/lib/xgpiops.o ps7_cortexa9_0/lib/xgpiops_g.o ps7_cortexa9_0/lib/xgpiops_hw.o ps7_cortexa9_0/lib/xgpiops_intr.o 
TRACE::2026-09-14.20:34:28::SCWBDomain::ps7_cortexa9_0/lib/xgpiops_selftest.o ps7_cortexa9_0/lib/xgpiops_sinit.o ps7_cortexa9_0/lib/xil-crt0.o ps7_cortexa9_0/lib/xil_a
TRACE::2026-09-14.20:34:28::SCWBDomain::ssert.o ps7_cortexa9_0/lib/xil_cache.o ps7_cortexa9_0/lib/xil_clocking.o ps7_cortexa9_0/lib/xil_exception.o ps7_cortexa9_0/lib/
TRACE::2026-09-14.20:34:28::SCWBDomain::xil_mem.o ps7_cortexa9_0/lib/xil_misc_psreset_api.o ps7_cortexa9_0/lib/xil_mmu.o ps7_cortexa9_0/lib/xil_printf.o ps7_cortexa9_0
TRACE::2026-09-14.20:34:28::SCWBDomain::/lib/xil_sleepcommon.o ps7_cortexa9_0/lib/xil_sleeptimer.o ps7_cortexa9_0/lib/xil_spinlock.o ps7_cortexa9_0/lib/xil_testcache.o
TRACE::2026-09-14.20:34:28::SCWBDomain:: ps7_cortexa9_0/lib/xil_testio.o ps7_cortexa9_0/lib/xil_testmem.o ps7_cortexa9_0/lib/xil_util.o ps7_cortexa9_0/lib/xinterrupt_w
TRACE::2026-09-14.20:34:28::SCWBDomain::rap.o ps7_cortexa9_0/lib/xl2cc_counter.o ps7_cortexa9_0/lib/xplatform_info.o ps7_cortexa9_0/lib/xpm_counter.o ps7_cortexa9_0/li
TRACE::2026-09-14.20:34:28::SCWBDomain::b/xqspips.o ps7_cortexa9_0/lib/xqspips_g.o ps7_cortexa9_0/lib/xqspips_hw.o ps7_cortexa9_0/lib/xqspips_options.o ps7_cortexa9_0/
TRACE::2026-09-14.20:34:28::SCWBDomain::lib/xqspips_selftest.o ps7_cortexa9_0/lib/xqspips_sinit.o ps7_cortexa9_0/lib/xscugic.o ps7_cortexa9_0/lib/xscugic_g.o ps7_corte
TRACE::2026-09-14.20:34:28::SCWBDomain::xa9_0/lib/xscugic_hw.o ps7_cortexa9_0/lib/xscugic_intr.o ps7_cortexa9_0/lib/xscugic_selftest.o ps7_cortexa9_0/lib/xscugic_sinit
TRACE::2026-09-14.20:34:28::SCWBDomain::.o ps7_cortexa9_0/lib/xscutimer.o ps7_cortexa9_0/lib/xscutimer_g.o ps7_cortexa9_0/lib/xscutimer_selftest.o ps7_cortexa9_0/lib/x
TRACE::2026-09-14.20:34:28::SCWBDomain::scutimer_sinit.o ps7_cortexa9_0/lib/xscuwdt.o ps7_cortexa9_0/lib/xscuwdt_g.o ps7_cortexa9_0/lib/xscuwdt_selftest.o ps7_cortexa9
TRACE::2026-09-14.20:34:28::SCWBDomain::_0/lib/xscuwdt_sinit.o ps7_cortexa9_0/lib/xsdps.o ps7_cortexa9_0/lib/xsdps_card.o ps7_cortexa9_0/lib/xsdps_g.o ps7_cortexa9_0/l
TRACE::2026-09-14.20:34:28::SCWBDomain::ib/xsdps_host.o ps7_cortexa9_0/lib/xsdps_options.o ps7_cortexa9_0/lib/xsdps_sinit.o ps7_cortexa9_0/lib/xtime_l.o ps7_cortexa9_0
TRACE::2026-09-14.20:34:28::SCWBDomain::/lib/xuartps.o ps7_cortexa9_0/lib/xuartps_g.o ps7_cortexa9_0/lib/xuartps_hw.o ps7_cortexa9_0/lib/xuartps_intr.o ps7_cortexa9_0/
TRACE::2026-09-14.20:34:28::SCWBDomain::lib/xuartps_options.o ps7_cortexa9_0/lib/xuartps_selftest.o ps7_cortexa9_0/lib/xuartps_sinit.o ps7_cortexa9_0/lib/xusbps.o ps7_
TRACE::2026-09-14.20:34:28::SCWBDomain::cortexa9_0/lib/xusbps_endpoint.o ps7_cortexa9_0/lib/xusbps_g.o ps7_cortexa9_0/lib/xusbps_hw.o ps7_cortexa9_0/lib/xusbps_intr.o 
TRACE::2026-09-14.20:34:28::SCWBDomain::ps7_cortexa9_0/lib/xusbps_sinit.o

TRACE::2026-09-14.20:34:28::SCWBDomain::'Finished building libraries'

TRACE::2026-09-14.20:34:28::SCWBDomain::make: Leaving directory 'C:/ECE520/Vivado/Lab2/axi_gpio_ab/axi_gpio_vitis_T1/axi_gpio_platform_T1/zynq_fsbl/zynq_fsbl_bsp'

TRACE::2026-09-14.20:34:28::SCWBDomain::arm-none-eabi-gcc  -O2 -c -MMD -MP       -mcpu=cortex-a9 -mfpu=vfpv3 -mfloat-abi=hard  -c sd.c -o sd.o -Izynq_fsbl_bsp/ps7_cort
TRACE::2026-09-14.20:34:28::SCWBDomain::exa9_0/include -I.

TRACE::2026-09-14.20:34:28::SCWBDomain::arm-none-eabi-gcc  -O2 -c -MMD -MP       -mcpu=cortex-a9 -mfpu=vfpv3 -mfloat-abi=hard  -c nand.c -o nand.o -Izynq_fsbl_bsp/ps7_
TRACE::2026-09-14.20:34:28::SCWBDomain::cortexa9_0/include -I.

TRACE::2026-09-14.20:34:29::SCWBDomain::arm-none-eabi-gcc  -O2 -c -MMD -MP       -mcpu=cortex-a9 -mfpu=vfpv3 -mfloat-abi=hard  -c nor.c -o nor.o -Izynq_fsbl_bsp/ps7_co
TRACE::2026-09-14.20:34:29::SCWBDomain::rtexa9_0/include -I.

TRACE::2026-09-14.20:34:29::SCWBDomain::arm-none-eabi-gcc  -O2 -c -MMD -MP       -mcpu=cortex-a9 -mfpu=vfpv3 -mfloat-abi=hard  -c image_mover.c -o image_mover.o -Izynq
TRACE::2026-09-14.20:34:29::SCWBDomain::_fsbl_bsp/ps7_cortexa9_0/include -I.

TRACE::2026-09-14.20:34:30::SCWBDomain::arm-none-eabi-gcc  -O2 -c -MMD -MP       -mcpu=cortex-a9 -mfpu=vfpv3 -mfloat-abi=hard  -c md5.c -o md5.o -Izynq_fsbl_bsp/ps7_co
TRACE::2026-09-14.20:34:30::SCWBDomain::rtexa9_0/include -I.

TRACE::2026-09-14.20:34:30::SCWBDomain::arm-none-eabi-gcc  -O2 -c -MMD -MP       -mcpu=cortex-a9 -mfpu=vfpv3 -mfloat-abi=hard  -c fsbl_hooks.c -o fsbl_hooks.o -Izynq_f
TRACE::2026-09-14.20:34:30::SCWBDomain::sbl_bsp/ps7_cortexa9_0/include -I.

TRACE::2026-09-14.20:34:31::SCWBDomain::arm-none-eabi-gcc  -O2 -c -MMD -MP       -mcpu=cortex-a9 -mfpu=vfpv3 -mfloat-abi=hard  -c main.c -o main.o -Izynq_fsbl_bsp/ps7_
TRACE::2026-09-14.20:34:31::SCWBDomain::cortexa9_0/include -I.

TRACE::2026-09-14.20:34:31::SCWBDomain::arm-none-eabi-gcc  -O2 -c -MMD -MP       -mcpu=cortex-a9 -mfpu=vfpv3 -mfloat-abi=hard  -c rsa.c -o rsa.o -Izynq_fsbl_bsp/ps7_co
TRACE::2026-09-14.20:34:31::SCWBDomain::rtexa9_0/include -I.

TRACE::2026-09-14.20:34:31::SCWBDomain::arm-none-eabi-gcc  -O2 -c -MMD -MP       -mcpu=cortex-a9 -mfpu=vfpv3 -mfloat-abi=hard  -c qspi.c -o qspi.o -Izynq_fsbl_bsp/ps7_
TRACE::2026-09-14.20:34:31::SCWBDomain::cortexa9_0/include -I.

TRACE::2026-09-14.20:34:31::SCWBDomain::arm-none-eabi-gcc  -O2 -c -MMD -MP       -mcpu=cortex-a9 -mfpu=vfpv3 -mfloat-abi=hard  -c ps7_init.c -o ps7_init.o -Izynq_fsbl_
TRACE::2026-09-14.20:34:31::SCWBDomain::bsp/ps7_cortexa9_0/include -I.

TRACE::2026-09-14.20:34:32::SCWBDomain::arm-none-eabi-gcc  -O2 -c -MMD -MP       -mcpu=cortex-a9 -mfpu=vfpv3 -mfloat-abi=hard  -c pcap.c -o pcap.o -Izynq_fsbl_bsp/ps7_
TRACE::2026-09-14.20:34:32::SCWBDomain::cortexa9_0/include -I.

TRACE::2026-09-14.20:34:32::SCWBDomain::arm-none-eabi-gcc  -O2 -c -MMD -MP       -mcpu=cortex-a9 -mfpu=vfpv3 -mfloat-abi=hard  -c fsbl_handoff.S -o fsbl_handoff.o -Izy
TRACE::2026-09-14.20:34:32::SCWBDomain::nq_fsbl_bsp/ps7_cortexa9_0/include -I.

TRACE::2026-09-14.20:34:32::SCWBDomain::arm-none-eabi-gcc -o fsbl.elf fsbl_handoff.o fsbl_hooks.o image_mover.o main.o md5.o nand.o nor.o pcap.o ps7_init.o qspi.o rsa.
TRACE::2026-09-14.20:34:32::SCWBDomain::o sd.o -MMD -MP       -mcpu=cortex-a9 -mfpu=vfpv3 -mfloat-abi=hard   -mcpu=cortex-a9 -mfpu=vfpv3 -mfloat-abi=hard -Wl,-build-id
TRACE::2026-09-14.20:34:32::SCWBDomain::=none -specs=Xilinx.spec  -lrsa -Wl,--start-group,-lxil,-lgcc,-lc,--end-group -Wl,--start-group,-lxilffs,-lxil,-lgcc,-lc,--end-
TRACE::2026-09-14.20:34:32::SCWBDomain::group -Wl,--start-group,-lrsa,-lxil,-lgcc,-lc,--end-group                                      -Wl,--gc-sections -Lzynq_fsbl_bs
TRACE::2026-09-14.20:34:32::SCWBDomain::p/ps7_cortexa9_0/lib -L./ -Tlscript.ld

LOG::2026-09-14.20:34:33::SCWSystem::Checking the domain standalone_domain
LOG::2026-09-14.20:34:33::SCWSystem::Not a boot domain 
LOG::2026-09-14.20:34:33::SCWSystem::Started Processing the domain standalone_domain
TRACE::2026-09-14.20:34:33::SCWDomain::Generating domain artifcats
TRACE::2026-09-14.20:34:33::SCWMssOS::Generating standalone artifcats
TRACE::2026-09-14.20:34:33::SCWMssOS::Copying the qemu file from  C:/ECE520/Vivado/Lab2/axi_gpio_ab/axi_gpio_vitis_T1/axi_gpio_platform_T1/resources/axi_gpio_platform_T1/standalone_domain/qemu_args.txt To C:/ECE520/Vivado/Lab2/axi_gpio_ab/axi_gpio_vitis_T1/axi_gpio_platform_T1/export/axi_gpio_platform_T1/sw/axi_gpio_platform_T1/qemu/
TRACE::2026-09-14.20:34:33::SCWMssOS::Copying the qemu file from  C:/ECE520/Vivado/Lab2/axi_gpio_ab/axi_gpio_vitis_T1/axi_gpio_platform_T1/resources/axi_gpio_platform_T1/standalone_domain/qemu_args.txt To C:/ECE520/Vivado/Lab2/axi_gpio_ab/axi_gpio_vitis_T1/axi_gpio_platform_T1/export/axi_gpio_platform_T1/sw/axi_gpio_platform_T1/standalone_domain/qemu/
TRACE::2026-09-14.20:34:33::SCWMssOS:: Copying the user libraries. 
TRACE::2026-09-14.20:34:33::SCWPlatform::Trying to open the hw design at C:/ECE520/Vivado/Lab2/axi_gpio_ab/axi_gpio_vitis_T1/axi_gpio_platform_T1/hw/axi_gpio_ab_wrapper_T1.xsa
TRACE::2026-09-14.20:34:33::SCWPlatform::DSA given C:/ECE520/Vivado/Lab2/axi_gpio_ab/axi_gpio_vitis_T1/axi_gpio_platform_T1/hw/axi_gpio_ab_wrapper_T1.xsa
TRACE::2026-09-14.20:34:33::SCWPlatform::DSA absoulate path C:/ECE520/Vivado/Lab2/axi_gpio_ab/axi_gpio_vitis_T1/axi_gpio_platform_T1/hw/axi_gpio_ab_wrapper_T1.xsa
TRACE::2026-09-14.20:34:33::SCWPlatform::DSA directory C:/ECE520/Vivado/Lab2/axi_gpio_ab/axi_gpio_vitis_T1/axi_gpio_platform_T1/hw
TRACE::2026-09-14.20:34:33::SCWPlatform:: Platform Path C:/ECE520/Vivado/Lab2/axi_gpio_ab/axi_gpio_vitis_T1/axi_gpio_platform_T1/hw/axi_gpio_ab_wrapper_T1.xsa
TRACE::2026-09-14.20:34:33::SCWPlatform:: Unique name xilinx:zybo-z7-10::0.0
TRACE::2026-09-14.20:34:33::SCWPlatform::Trying to set the existing hwdb with name axi_gpio_ab_wrapper_1
TRACE::2026-09-14.20:34:33::SCWPlatform::Opened existing hwdb axi_gpio_ab_wrapper_1
TRACE::2026-09-14.20:34:33::SCWPlatform::Found the Hw Db part of the input DSA
TRACE::2026-09-14.20:34:33::SCWMssOS::Checking the sw design at  C:/ECE520/Vivado/Lab2/axi_gpio_ab/axi_gpio_vitis_T1/axi_gpio_platform_T1/ps7_cortexa9_0/standalone_domain/bsp/system.mss
TRACE::2026-09-14.20:34:33::SCWMssOS::DEBUG:  swdes dump  C:/ECE520/Vivado/Lab2/axi_gpio_ab/axi_gpio_vitis_T1/axi_gpio_platform_T1/ps7_cortexa9_0/standalone_domain/bsp/system.mss|system_0||
C:/ECE520/Vivado/Lab2/axi_gpio_ab/axi_gpio_vitis_T1/axi_gpio_platform_T1/zynq_fsbl/zynq_fsbl_bsp/system.mss|system||

TRACE::2026-09-14.20:34:33::SCWMssOS::Sw design exists and opened at  C:/ECE520/Vivado/Lab2/axi_gpio_ab/axi_gpio_vitis_T1/axi_gpio_platform_T1/ps7_cortexa9_0/standalone_domain/bsp/system.mss
TRACE::2026-09-14.20:34:33::SCWMssOS::Completed writing the mss file at C:/ECE520/Vivado/Lab2/axi_gpio_ab/axi_gpio_vitis_T1/axi_gpio_platform_T1/ps7_cortexa9_0/standalone_domain/bsp
TRACE::2026-09-14.20:34:33::SCWMssOS::Mss edits present, copying mssfile into export location C:/ECE520/Vivado/Lab2/axi_gpio_ab/axi_gpio_vitis_T1/axi_gpio_platform_T1/ps7_cortexa9_0/standalone_domain/bsp/system.mss
TRACE::2026-09-14.20:34:33::SCWMssOS::bsp generated is upto date with the mss file. Skipping bsp generation.
TRACE::2026-09-14.20:34:33::SCWMssOS::BSP is already built. skipping the bsp build ... 
TRACE::2026-09-14.20:34:33::SCWDomain::Building the domain as part of full build :  standalone_domain
TRACE::2026-09-14.20:34:33::SCWMssOS::doing bsp build ... 
TRACE::2026-09-14.20:34:33::SCWMssOS::System Command Ran  C: & cd  C:/ECE520/Vivado/Lab2/axi_gpio_ab/axi_gpio_vitis_T1/axi_gpio_platform_T1/ps7_cortexa9_0/standalone_domain/bsp & make 
TRACE::2026-09-14.20:34:33::SCWMssOS::make --no-print-directory seq_libs

TRACE::2026-09-14.20:34:33::SCWMssOS::'Finished building libraries sequentially.'

TRACE::2026-09-14.20:34:33::SCWMssOS::make -j 14 --no-print-directory par_libs

TRACE::2026-09-14.20:34:33::SCWMssOS::"Running Make include in ps7_cortexa9_0/libsrc/coresightps_dcc_v1_8/src"

TRACE::2026-09-14.20:34:33::SCWMssOS::make -C ps7_cortexa9_0/libsrc/coresightps_dcc_v1_8/src -s include  "SHELL=CMD" "COMPILER=arm-none-eabi-gcc" "ASSEMBLER=arm-none
TRACE::2026-09-14.20:34:33::SCWMssOS::-eabi-as" "ARCHIVER=arm-none-eabi-ar" "COMPILER_FLAGS=  -O2 -c" "EXTRA_COMPILER_FLAGS=-mcpu=cortex-a9 -mfpu=vfpv3 -mfloat-abi=h
TRACE::2026-09-14.20:34:33::SCWMssOS::ard -nostartfiles -g -Wall -Wextra -fno-tree-loop-distribute-patterns"

TRACE::2026-09-14.20:34:33::SCWMssOS::"Running Make include in ps7_cortexa9_0/libsrc/cpu_cortexa9_v2_11/src"

TRACE::2026-09-14.20:34:33::SCWMssOS::make -C ps7_cortexa9_0/libsrc/cpu_cortexa9_v2_11/src -s include  "SHELL=CMD" "COMPILER=arm-none-eabi-gcc" "ASSEMBLER=arm-none-e
TRACE::2026-09-14.20:34:33::SCWMssOS::abi-as" "ARCHIVER=arm-none-eabi-ar" "COMPILER_FLAGS=  -O2 -c" "EXTRA_COMPILER_FLAGS=-mcpu=cortex-a9 -mfpu=vfpv3 -mfloat-abi=har
TRACE::2026-09-14.20:34:33::SCWMssOS::d -nostartfiles -g -Wall -Wextra -fno-tree-loop-distribute-patterns"

TRACE::2026-09-14.20:34:33::SCWMssOS::"Running Make include in ps7_cortexa9_0/libsrc/ddrps_v1_2/src"

TRACE::2026-09-14.20:34:33::SCWMssOS::make -C ps7_cortexa9_0/libsrc/ddrps_v1_2/src -s include  "SHELL=CMD" "COMPILER=arm-none-eabi-gcc" "ASSEMBLER=arm-none-eabi-as" 
TRACE::2026-09-14.20:34:33::SCWMssOS::"ARCHIVER=arm-none-eabi-ar" "COMPILER_FLAGS=  -O2 -c" "EXTRA_COMPILER_FLAGS=-mcpu=cortex-a9 -mfpu=vfpv3 -mfloat-abi=hard -nosta
TRACE::2026-09-14.20:34:33::SCWMssOS::rtfiles -g -Wall -Wextra -fno-tree-loop-distribute-patterns"

TRACE::2026-09-14.20:34:34::SCWMssOS::"Running Make include in ps7_cortexa9_0/libsrc/devcfg_v3_7/src"

TRACE::2026-09-14.20:34:34::SCWMssOS::make -C ps7_cortexa9_0/libsrc/devcfg_v3_7/src -s include  "SHELL=CMD" "COMPILER=arm-none-eabi-gcc" "ASSEMBLER=arm-none-eabi-as"
TRACE::2026-09-14.20:34:34::SCWMssOS:: "ARCHIVER=arm-none-eabi-ar" "COMPILER_FLAGS=  -O2 -c" "EXTRA_COMPILER_FLAGS=-mcpu=cortex-a9 -mfpu=vfpv3 -mfloat-abi=hard -nost
TRACE::2026-09-14.20:34:34::SCWMssOS::artfiles -g -Wall -Wextra -fno-tree-loop-distribute-patterns"

TRACE::2026-09-14.20:34:34::SCWMssOS::"Running Make include in ps7_cortexa9_0/libsrc/dmaps_v2_8/src"

TRACE::2026-09-14.20:34:34::SCWMssOS::make -C ps7_cortexa9_0/libsrc/dmaps_v2_8/src -s include  "SHELL=CMD" "COMPILER=arm-none-eabi-gcc" "ASSEMBLER=arm-none-eabi-as" 
TRACE::2026-09-14.20:34:34::SCWMssOS::"ARCHIVER=arm-none-eabi-ar" "COMPILER_FLAGS=  -O2 -c" "EXTRA_COMPILER_FLAGS=-mcpu=cortex-a9 -mfpu=vfpv3 -mfloat-abi=hard -nosta
TRACE::2026-09-14.20:34:34::SCWMssOS::rtfiles -g -Wall -Wextra -fno-tree-loop-distribute-patterns"

TRACE::2026-09-14.20:34:34::SCWMssOS::"Running Make include in ps7_cortexa9_0/libsrc/emacps_v3_18/src"

TRACE::2026-09-14.20:34:34::SCWMssOS::make -C ps7_cortexa9_0/libsrc/emacps_v3_18/src -s include  "SHELL=CMD" "COMPILER=arm-none-eabi-gcc" "ASSEMBLER=arm-none-eabi-as
TRACE::2026-09-14.20:34:34::SCWMssOS::" "ARCHIVER=arm-none-eabi-ar" "COMPILER_FLAGS=  -O2 -c" "EXTRA_COMPILER_FLAGS=-mcpu=cortex-a9 -mfpu=vfpv3 -mfloat-abi=hard -nos
TRACE::2026-09-14.20:34:34::SCWMssOS::tartfiles -g -Wall -Wextra -fno-tree-loop-distribute-patterns"

TRACE::2026-09-14.20:34:34::SCWMssOS::"Running Make include in ps7_cortexa9_0/libsrc/gpiops_v3_11/src"

TRACE::2026-09-14.20:34:34::SCWMssOS::make -C ps7_cortexa9_0/libsrc/gpiops_v3_11/src -s include  "SHELL=CMD" "COMPILER=arm-none-eabi-gcc" "ASSEMBLER=arm-none-eabi-as
TRACE::2026-09-14.20:34:34::SCWMssOS::" "ARCHIVER=arm-none-eabi-ar" "COMPILER_FLAGS=  -O2 -c" "EXTRA_COMPILER_FLAGS=-mcpu=cortex-a9 -mfpu=vfpv3 -mfloat-abi=hard -nos
TRACE::2026-09-14.20:34:34::SCWMssOS::tartfiles -g -Wall -Wextra -fno-tree-loop-distribute-patterns"

TRACE::2026-09-14.20:34:34::SCWMssOS::"Running Make include in ps7_cortexa9_0/libsrc/gpio_v4_9/src"

TRACE::2026-09-14.20:34:34::SCWMssOS::make -C ps7_cortexa9_0/libsrc/gpio_v4_9/src -s include  "SHELL=CMD" "COMPILER=arm-none-eabi-gcc" "ASSEMBLER=arm-none-eabi-as" "
TRACE::2026-09-14.20:34:34::SCWMssOS::ARCHIVER=arm-none-eabi-ar" "COMPILER_FLAGS=  -O2 -c" "EXTRA_COMPILER_FLAGS=-mcpu=cortex-a9 -mfpu=vfpv3 -mfloat-abi=hard -nostar
TRACE::2026-09-14.20:34:34::SCWMssOS::tfiles -g -Wall -Wextra -fno-tree-loop-distribute-patterns"

TRACE::2026-09-14.20:34:34::SCWMssOS::"Running Make include in ps7_cortexa9_0/libsrc/qspips_v3_10/src"

TRACE::2026-09-14.20:34:34::SCWMssOS::"Running Make include in ps7_cortexa9_0/libsrc/scugic_v5_1/src"

TRACE::2026-09-14.20:34:34::SCWMssOS::"Running Make include in ps7_cortexa9_0/libsrc/scutimer_v2_4/src"

TRACE::2026-09-14.20:34:34::SCWMssOS::make -C ps7_cortexa9_0/libsrc/qspips_v3_10/src -s include  "SHELL=CMD" "COMPILER=arm-none-eabi-gcc" "ASSEMBLER=arm-none-eabi-as
TRACE::2026-09-14.20:34:34::SCWMssOS::" "ARCHIVER=arm-none-eabi-ar" "COMPILER_FLAGS=  -O2 -c" "EXTRA_COMPILER_FLAGS=-mcpu=cortex-a9 -mfpu=vfpv3 -mfloat-abi=hard -nos
TRACE::2026-09-14.20:34:34::SCWMssOS::tartfiles -g -Wall -Wextra -fno-tree-loop-distribute-patterns"

TRACE::2026-09-14.20:34:34::SCWMssOS::make -C ps7_cortexa9_0/libsrc/scugic_v5_1/src -s include  "SHELL=CMD" "COMPILER=arm-none-eabi-gcc" "ASSEMBLER=arm-none-eabi-as"
TRACE::2026-09-14.20:34:34::SCWMssOS:: "ARCHIVER=arm-none-eabi-ar" "COMPILER_FLAGS=  -O2 -c" "EXTRA_COMPILER_FLAGS=-mcpu=cortex-a9 -mfpu=vfpv3 -mfloat-abi=hard -nost
TRACE::2026-09-14.20:34:34::SCWMssOS::artfiles -g -Wall -Wextra -fno-tree-loop-distribute-patterns"

TRACE::2026-09-14.20:34:34::SCWMssOS::"Running Make include in ps7_cortexa9_0/libsrc/scuwdt_v2_4/src"

TRACE::2026-09-14.20:34:34::SCWMssOS::make -C ps7_cortexa9_0/libsrc/scutimer_v2_4/src -s include  "SHELL=CMD" "COMPILER=arm-none-eabi-gcc" "ASSEMBLER=arm-none-eabi-a
TRACE::2026-09-14.20:34:34::SCWMssOS::s" "ARCHIVER=arm-none-eabi-ar" "COMPILER_FLAGS=  -O2 -c" "EXTRA_COMPILER_FLAGS=-mcpu=cortex-a9 -mfpu=vfpv3 -mfloat-abi=hard -no
TRACE::2026-09-14.20:34:34::SCWMssOS::startfiles -g -Wall -Wextra -fno-tree-loop-distribute-patterns"

TRACE::2026-09-14.20:34:34::SCWMssOS::make -C ps7_cortexa9_0/libsrc/scuwdt_v2_4/src -s include  "SHELL=CMD" "COMPILER=arm-none-eabi-gcc" "ASSEMBLER=arm-none-eabi-as"
TRACE::2026-09-14.20:34:34::SCWMssOS:: "ARCHIVER=arm-none-eabi-ar" "COMPILER_FLAGS=  -O2 -c" "EXTRA_COMPILER_FLAGS=-mcpu=cortex-a9 -mfpu=vfpv3 -mfloat-abi=hard -nost
TRACE::2026-09-14.20:34:34::SCWMssOS::artfiles -g -Wall -Wextra -fno-tree-loop-distribute-patterns"

TRACE::2026-09-14.20:34:35::SCWMssOS::"Running Make include in ps7_cortexa9_0/libsrc/sdps_v4_1/src"

TRACE::2026-09-14.20:34:35::SCWMssOS::"Running Make include in ps7_cortexa9_0/libsrc/standalone_v8_1/src"

TRACE::2026-09-14.20:34:35::SCWMssOS::make -C ps7_cortexa9_0/libsrc/sdps_v4_1/src -s include  "SHELL=CMD" "COMPILER=arm-none-eabi-gcc" "ASSEMBLER=arm-none-eabi-as" "
TRACE::2026-09-14.20:34:35::SCWMssOS::ARCHIVER=arm-none-eabi-ar" "COMPILER_FLAGS=  -O2 -c" "EXTRA_COMPILER_FLAGS=-mcpu=cortex-a9 -mfpu=vfpv3 -mfloat-abi=hard -nostar
TRACE::2026-09-14.20:34:35::SCWMssOS::tfiles -g -Wall -Wextra -fno-tree-loop-distribute-patterns"

TRACE::2026-09-14.20:34:35::SCWMssOS::make -C ps7_cortexa9_0/libsrc/standalone_v8_1/src -s include  "SHELL=CMD" "COMPILER=arm-none-eabi-gcc" "ASSEMBLER=arm-none-eabi
TRACE::2026-09-14.20:34:35::SCWMssOS::-as" "ARCHIVER=arm-none-eabi-ar" "COMPILER_FLAGS=  -O2 -c" "EXTRA_COMPILER_FLAGS=-mcpu=cortex-a9 -mfpu=vfpv3 -mfloat-abi=hard -
TRACE::2026-09-14.20:34:35::SCWMssOS::nostartfiles -g -Wall -Wextra -fno-tree-loop-distribute-patterns"

TRACE::2026-09-14.20:34:35::SCWMssOS::"Running Make include in ps7_cortexa9_0/libsrc/uartps_v3_12/src"

TRACE::2026-09-14.20:34:35::SCWMssOS::make -C ps7_cortexa9_0/libsrc/uartps_v3_12/src -s include  "SHELL=CMD" "COMPILER=arm-none-eabi-gcc" "ASSEMBLER=arm-none-eabi-as
TRACE::2026-09-14.20:34:35::SCWMssOS::" "ARCHIVER=arm-none-eabi-ar" "COMPILER_FLAGS=  -O2 -c" "EXTRA_COMPILER_FLAGS=-mcpu=cortex-a9 -mfpu=vfpv3 -mfloat-abi=hard -nos
TRACE::2026-09-14.20:34:35::SCWMssOS::tartfiles -g -Wall -Wextra -fno-tree-loop-distribute-patterns"

TRACE::2026-09-14.20:34:35::SCWMssOS::"Running Make include in ps7_cortexa9_0/libsrc/usbps_v2_7/src"

TRACE::2026-09-14.20:34:35::SCWMssOS::make -C ps7_cortexa9_0/libsrc/usbps_v2_7/src -s include  "SHELL=CMD" "COMPILER=arm-none-eabi-gcc" "ASSEMBLER=arm-none-eabi-as" 
TRACE::2026-09-14.20:34:35::SCWMssOS::"ARCHIVER=arm-none-eabi-ar" "COMPILER_FLAGS=  -O2 -c" "EXTRA_COMPILER_FLAGS=-mcpu=cortex-a9 -mfpu=vfpv3 -mfloat-abi=hard -nosta
TRACE::2026-09-14.20:34:35::SCWMssOS::rtfiles -g -Wall -Wextra -fno-tree-loop-distribute-patterns"

TRACE::2026-09-14.20:34:35::SCWMssOS::"Running Make include in ps7_cortexa9_0/libsrc/xadcps_v2_6/src"

TRACE::2026-09-14.20:34:35::SCWMssOS::make -C ps7_cortexa9_0/libsrc/xadcps_v2_6/src -s include  "SHELL=CMD" "COMPILER=arm-none-eabi-gcc" "ASSEMBLER=arm-none-eabi-as"
TRACE::2026-09-14.20:34:35::SCWMssOS:: "ARCHIVER=arm-none-eabi-ar" "COMPILER_FLAGS=  -O2 -c" "EXTRA_COMPILER_FLAGS=-mcpu=cortex-a9 -mfpu=vfpv3 -mfloat-abi=hard -nost
TRACE::2026-09-14.20:34:35::SCWMssOS::artfiles -g -Wall -Wextra -fno-tree-loop-distribute-patterns"

TRACE::2026-09-14.20:34:36::SCWMssOS::"Running Make libs in ps7_cortexa9_0/libsrc/coresightps_dcc_v1_8/src"

TRACE::2026-09-14.20:34:36::SCWMssOS::make -C ps7_cortexa9_0/libsrc/coresightps_dcc_v1_8/src -s libs  "SHELL=CMD" "COMPILER=arm-none-eabi-gcc" "ASSEMBLER=arm-none-ea
TRACE::2026-09-14.20:34:36::SCWMssOS::bi-as" "ARCHIVER=arm-none-eabi-ar" "COMPILER_FLAGS=  -O2 -c" "EXTRA_COMPILER_FLAGS=-mcpu=cortex-a9 -mfpu=vfpv3 -mfloat-abi=hard
TRACE::2026-09-14.20:34:36::SCWMssOS:: -nostartfiles -g -Wall -Wextra -fno-tree-loop-distribute-patterns"

TRACE::2026-09-14.20:34:36::SCWMssOS::"Running Make libs in ps7_cortexa9_0/libsrc/cpu_cortexa9_v2_11/src"

TRACE::2026-09-14.20:34:36::SCWMssOS::make -C ps7_cortexa9_0/libsrc/cpu_cortexa9_v2_11/src -s libs  "SHELL=CMD" "COMPILER=arm-none-eabi-gcc" "ASSEMBLER=arm-none-eabi
TRACE::2026-09-14.20:34:36::SCWMssOS::-as" "ARCHIVER=arm-none-eabi-ar" "COMPILER_FLAGS=  -O2 -c" "EXTRA_COMPILER_FLAGS=-mcpu=cortex-a9 -mfpu=vfpv3 -mfloat-abi=hard -
TRACE::2026-09-14.20:34:36::SCWMssOS::nostartfiles -g -Wall -Wextra -fno-tree-loop-distribute-patterns"

TRACE::2026-09-14.20:34:36::SCWMssOS::"Running Make libs in ps7_cortexa9_0/libsrc/ddrps_v1_2/src"

TRACE::2026-09-14.20:34:36::SCWMssOS::make -C ps7_cortexa9_0/libsrc/ddrps_v1_2/src -s libs  "SHELL=CMD" "COMPILER=arm-none-eabi-gcc" "ASSEMBLER=arm-none-eabi-as" "AR
TRACE::2026-09-14.20:34:36::SCWMssOS::CHIVER=arm-none-eabi-ar" "COMPILER_FLAGS=  -O2 -c" "EXTRA_COMPILER_FLAGS=-mcpu=cortex-a9 -mfpu=vfpv3 -mfloat-abi=hard -nostartf
TRACE::2026-09-14.20:34:36::SCWMssOS::iles -g -Wall -Wextra -fno-tree-loop-distribute-patterns"

TRACE::2026-09-14.20:34:36::SCWMssOS::"Running Make libs in ps7_cortexa9_0/libsrc/devcfg_v3_7/src"

TRACE::2026-09-14.20:34:36::SCWMssOS::make -C ps7_cortexa9_0/libsrc/devcfg_v3_7/src -s libs  "SHELL=CMD" "COMPILER=arm-none-eabi-gcc" "ASSEMBLER=arm-none-eabi-as" "A
TRACE::2026-09-14.20:34:36::SCWMssOS::RCHIVER=arm-none-eabi-ar" "COMPILER_FLAGS=  -O2 -c" "EXTRA_COMPILER_FLAGS=-mcpu=cortex-a9 -mfpu=vfpv3 -mfloat-abi=hard -nostart
TRACE::2026-09-14.20:34:36::SCWMssOS::files -g -Wall -Wextra -fno-tree-loop-distribute-patterns"

TRACE::2026-09-14.20:34:36::SCWMssOS::"Running Make libs in ps7_cortexa9_0/libsrc/dmaps_v2_8/src"

TRACE::2026-09-14.20:34:36::SCWMssOS::make -C ps7_cortexa9_0/libsrc/dmaps_v2_8/src -s libs  "SHELL=CMD" "COMPILER=arm-none-eabi-gcc" "ASSEMBLER=arm-none-eabi-as" "AR
TRACE::2026-09-14.20:34:36::SCWMssOS::CHIVER=arm-none-eabi-ar" "COMPILER_FLAGS=  -O2 -c" "EXTRA_COMPILER_FLAGS=-mcpu=cortex-a9 -mfpu=vfpv3 -mfloat-abi=hard -nostartf
TRACE::2026-09-14.20:34:36::SCWMssOS::iles -g -Wall -Wextra -fno-tree-loop-distribute-patterns"

TRACE::2026-09-14.20:34:36::SCWMssOS::"Running Make libs in ps7_cortexa9_0/libsrc/emacps_v3_18/src"

TRACE::2026-09-14.20:34:36::SCWMssOS::make -C ps7_cortexa9_0/libsrc/emacps_v3_18/src -s libs  "SHELL=CMD" "COMPILER=arm-none-eabi-gcc" "ASSEMBLER=arm-none-eabi-as" "
TRACE::2026-09-14.20:34:36::SCWMssOS::ARCHIVER=arm-none-eabi-ar" "COMPILER_FLAGS=  -O2 -c" "EXTRA_COMPILER_FLAGS=-mcpu=cortex-a9 -mfpu=vfpv3 -mfloat-abi=hard -nostar
TRACE::2026-09-14.20:34:36::SCWMssOS::tfiles -g -Wall -Wextra -fno-tree-loop-distribute-patterns"

TRACE::2026-09-14.20:34:36::SCWMssOS::"Running Make libs in ps7_cortexa9_0/libsrc/gpiops_v3_11/src"

TRACE::2026-09-14.20:34:36::SCWMssOS::"Running Make libs in ps7_cortexa9_0/libsrc/gpio_v4_9/src"

TRACE::2026-09-14.20:34:36::SCWMssOS::make -C ps7_cortexa9_0/libsrc/gpiops_v3_11/src -s libs  "SHELL=CMD" "COMPILER=arm-none-eabi-gcc" "ASSEMBLER=arm-none-eabi-as" "
TRACE::2026-09-14.20:34:36::SCWMssOS::ARCHIVER=arm-none-eabi-ar" "COMPILER_FLAGS=  -O2 -c" "EXTRA_COMPILER_FLAGS=-mcpu=cortex-a9 -mfpu=vfpv3 -mfloat-abi=hard -nostar
TRACE::2026-09-14.20:34:36::SCWMssOS::tfiles -g -Wall -Wextra -fno-tree-loop-distribute-patterns"

TRACE::2026-09-14.20:34:36::SCWMssOS::make -C ps7_cortexa9_0/libsrc/gpio_v4_9/src -s libs  "SHELL=CMD" "COMPILER=arm-none-eabi-gcc" "ASSEMBLER=arm-none-eabi-as" "ARC
TRACE::2026-09-14.20:34:36::SCWMssOS::HIVER=arm-none-eabi-ar" "COMPILER_FLAGS=  -O2 -c" "EXTRA_COMPILER_FLAGS=-mcpu=cortex-a9 -mfpu=vfpv3 -mfloat-abi=hard -nostartfi
TRACE::2026-09-14.20:34:36::SCWMssOS::les -g -Wall -Wextra -fno-tree-loop-distribute-patterns"

TRACE::2026-09-14.20:34:37::SCWMssOS::"Running Make libs in ps7_cortexa9_0/libsrc/qspips_v3_10/src"

TRACE::2026-09-14.20:34:37::SCWMssOS::make -C ps7_cortexa9_0/libsrc/qspips_v3_10/src -s libs  "SHELL=CMD" "COMPILER=arm-none-eabi-gcc" "ASSEMBLER=arm-none-eabi-as" "
TRACE::2026-09-14.20:34:37::SCWMssOS::ARCHIVER=arm-none-eabi-ar" "COMPILER_FLAGS=  -O2 -c" "EXTRA_COMPILER_FLAGS=-mcpu=cortex-a9 -mfpu=vfpv3 -mfloat-abi=hard -nostar
TRACE::2026-09-14.20:34:37::SCWMssOS::tfiles -g -Wall -Wextra -fno-tree-loop-distribute-patterns"

TRACE::2026-09-14.20:34:37::SCWMssOS::"Running Make libs in ps7_cortexa9_0/libsrc/scugic_v5_1/src"

TRACE::2026-09-14.20:34:37::SCWMssOS::make -C ps7_cortexa9_0/libsrc/scugic_v5_1/src -s libs  "SHELL=CMD" "COMPILER=arm-none-eabi-gcc" "ASSEMBLER=arm-none-eabi-as" "A
TRACE::2026-09-14.20:34:37::SCWMssOS::RCHIVER=arm-none-eabi-ar" "COMPILER_FLAGS=  -O2 -c" "EXTRA_COMPILER_FLAGS=-mcpu=cortex-a9 -mfpu=vfpv3 -mfloat-abi=hard -nostart
TRACE::2026-09-14.20:34:37::SCWMssOS::files -g -Wall -Wextra -fno-tree-loop-distribute-patterns"

TRACE::2026-09-14.20:34:37::SCWMssOS::"Running Make libs in ps7_cortexa9_0/libsrc/scutimer_v2_4/src"

TRACE::2026-09-14.20:34:37::SCWMssOS::make -C ps7_cortexa9_0/libsrc/scutimer_v2_4/src -s libs  "SHELL=CMD" "COMPILER=arm-none-eabi-gcc" "ASSEMBLER=arm-none-eabi-as" 
TRACE::2026-09-14.20:34:37::SCWMssOS::"ARCHIVER=arm-none-eabi-ar" "COMPILER_FLAGS=  -O2 -c" "EXTRA_COMPILER_FLAGS=-mcpu=cortex-a9 -mfpu=vfpv3 -mfloat-abi=hard -nosta
TRACE::2026-09-14.20:34:37::SCWMssOS::rtfiles -g -Wall -Wextra -fno-tree-loop-distribute-patterns"

TRACE::2026-09-14.20:34:37::SCWMssOS::"Running Make libs in ps7_cortexa9_0/libsrc/scuwdt_v2_4/src"

TRACE::2026-09-14.20:34:37::SCWMssOS::make -C ps7_cortexa9_0/libsrc/scuwdt_v2_4/src -s libs  "SHELL=CMD" "COMPILER=arm-none-eabi-gcc" "ASSEMBLER=arm-none-eabi-as" "A
TRACE::2026-09-14.20:34:37::SCWMssOS::RCHIVER=arm-none-eabi-ar" "COMPILER_FLAGS=  -O2 -c" "EXTRA_COMPILER_FLAGS=-mcpu=cortex-a9 -mfpu=vfpv3 -mfloat-abi=hard -nostart
TRACE::2026-09-14.20:34:37::SCWMssOS::files -g -Wall -Wextra -fno-tree-loop-distribute-patterns"

TRACE::2026-09-14.20:34:37::SCWMssOS::"Running Make libs in ps7_cortexa9_0/libsrc/sdps_v4_1/src"

TRACE::2026-09-14.20:34:37::SCWMssOS::make -C ps7_cortexa9_0/libsrc/sdps_v4_1/src -s libs  "SHELL=CMD" "COMPILER=arm-none-eabi-gcc" "ASSEMBLER=arm-none-eabi-as" "ARC
TRACE::2026-09-14.20:34:37::SCWMssOS::HIVER=arm-none-eabi-ar" "COMPILER_FLAGS=  -O2 -c" "EXTRA_COMPILER_FLAGS=-mcpu=cortex-a9 -mfpu=vfpv3 -mfloat-abi=hard -nostartfi
TRACE::2026-09-14.20:34:37::SCWMssOS::les -g -Wall -Wextra -fno-tree-loop-distribute-patterns"

TRACE::2026-09-14.20:34:37::SCWMssOS::"Running Make libs in ps7_cortexa9_0/libsrc/standalone_v8_1/src"

TRACE::2026-09-14.20:34:37::SCWMssOS::make -C ps7_cortexa9_0/libsrc/standalone_v8_1/src -s libs  "SHELL=CMD" "COMPILER=arm-none-eabi-gcc" "ASSEMBLER=arm-none-eabi-as
TRACE::2026-09-14.20:34:37::SCWMssOS::" "ARCHIVER=arm-none-eabi-ar" "COMPILER_FLAGS=  -O2 -c" "EXTRA_COMPILER_FLAGS=-mcpu=cortex-a9 -mfpu=vfpv3 -mfloat-abi=hard -nos
TRACE::2026-09-14.20:34:37::SCWMssOS::tartfiles -g -Wall -Wextra -fno-tree-loop-distribute-patterns"

TRACE::2026-09-14.20:34:37::SCWMssOS::"Running Make libs in ps7_cortexa9_0/libsrc/uartps_v3_12/src"

TRACE::2026-09-14.20:34:37::SCWMssOS::make -C ps7_cortexa9_0/libsrc/uartps_v3_12/src -s libs  "SHELL=CMD" "COMPILER=arm-none-eabi-gcc" "ASSEMBLER=arm-none-eabi-as" "
TRACE::2026-09-14.20:34:37::SCWMssOS::ARCHIVER=arm-none-eabi-ar" "COMPILER_FLAGS=  -O2 -c" "EXTRA_COMPILER_FLAGS=-mcpu=cortex-a9 -mfpu=vfpv3 -mfloat-abi=hard -nostar
TRACE::2026-09-14.20:34:37::SCWMssOS::tfiles -g -Wall -Wextra -fno-tree-loop-distribute-patterns"

TRACE::2026-09-14.20:34:37::SCWMssOS::"Running Make libs in ps7_cortexa9_0/libsrc/usbps_v2_7/src"

TRACE::2026-09-14.20:34:37::SCWMssOS::make -C ps7_cortexa9_0/libsrc/usbps_v2_7/src -s libs  "SHELL=CMD" "COMPILER=arm-none-eabi-gcc" "ASSEMBLER=arm-none-eabi-as" "AR
TRACE::2026-09-14.20:34:37::SCWMssOS::CHIVER=arm-none-eabi-ar" "COMPILER_FLAGS=  -O2 -c" "EXTRA_COMPILER_FLAGS=-mcpu=cortex-a9 -mfpu=vfpv3 -mfloat-abi=hard -nostartf
TRACE::2026-09-14.20:34:37::SCWMssOS::iles -g -Wall -Wextra -fno-tree-loop-distribute-patterns"

TRACE::2026-09-14.20:34:38::SCWMssOS::"Running Make libs in ps7_cortexa9_0/libsrc/xadcps_v2_6/src"

TRACE::2026-09-14.20:34:38::SCWMssOS::make -C ps7_cortexa9_0/libsrc/xadcps_v2_6/src -s libs  "SHELL=CMD" "COMPILER=arm-none-eabi-gcc" "ASSEMBLER=arm-none-eabi-as" "A
TRACE::2026-09-14.20:34:38::SCWMssOS::RCHIVER=arm-none-eabi-ar" "COMPILER_FLAGS=  -O2 -c" "EXTRA_COMPILER_FLAGS=-mcpu=cortex-a9 -mfpu=vfpv3 -mfloat-abi=hard -nostart
TRACE::2026-09-14.20:34:38::SCWMssOS::files -g -Wall -Wextra -fno-tree-loop-distribute-patterns"

TRACE::2026-09-14.20:34:40::SCWMssOS::'Finished building libraries parallelly.'

TRACE::2026-09-14.20:34:40::SCWMssOS::make --no-print-directory archive

TRACE::2026-09-14.20:34:40::SCWMssOS::arm-none-eabi-ar -r  ps7_cortexa9_0/lib/libxil.a ps7_cortexa9_0/lib/_exit.o ps7_cortexa9_0/lib/_open.o ps7_cortexa9_0/lib/_sbrk
TRACE::2026-09-14.20:34:40::SCWMssOS::.o ps7_cortexa9_0/lib/abort.o ps7_cortexa9_0/lib/asm_vectors.o ps7_cortexa9_0/lib/boot.o ps7_cortexa9_0/lib/close.o ps7_cortexa
TRACE::2026-09-14.20:34:40::SCWMssOS::9_0/lib/cpputest_time.o ps7_cortexa9_0/lib/cpu_init.o ps7_cortexa9_0/lib/errno.o ps7_cortexa9_0/lib/fcntl.o ps7_cortexa9_0/lib/
TRACE::2026-09-14.20:34:40::SCWMssOS::fstat.o ps7_cortexa9_0/lib/getentropy.o ps7_cortexa9_0/lib/getpid.o ps7_cortexa9_0/lib/inbyte.o ps7_cortexa9_0/lib/isatty.o ps7
TRACE::2026-09-14.20:34:40::SCWMssOS::_cortexa9_0/lib/kill.o ps7_cortexa9_0/lib/lseek.o ps7_cortexa9_0/lib/open.o ps7_cortexa9_0/lib/outbyte.o ps7_cortexa9_0/lib/pri
TRACE::2026-09-14.20:34:40::SCWMssOS::nt.o ps7_cortexa9_0/lib/putnum.o ps7_cortexa9_0/lib/read.o ps7_cortexa9_0/lib/sbrk.o ps7_cortexa9_0/lib/sleep.o ps7_cortexa9_0/
TRACE::2026-09-14.20:34:40::SCWMssOS::lib/time.o ps7_cortexa9_0/lib/translation_table.o ps7_cortexa9_0/lib/unlink.o ps7_cortexa9_0/lib/usleep.o ps7_cortexa9_0/lib/ve
TRACE::2026-09-14.20:34:40::SCWMssOS::ctors.o ps7_cortexa9_0/lib/write.o ps7_cortexa9_0/lib/xadcps.o ps7_cortexa9_0/lib/xadcps_g.o ps7_cortexa9_0/lib/xadcps_intr.o p
TRACE::2026-09-14.20:34:40::SCWMssOS::s7_cortexa9_0/lib/xadcps_selftest.o ps7_cortexa9_0/lib/xadcps_sinit.o ps7_cortexa9_0/lib/xcoresightpsdcc.o ps7_cortexa9_0/lib/x
TRACE::2026-09-14.20:34:40::SCWMssOS::devcfg.o ps7_cortexa9_0/lib/xdevcfg_g.o ps7_cortexa9_0/lib/xdevcfg_hw.o ps7_cortexa9_0/lib/xdevcfg_intr.o ps7_cortexa9_0/lib/xd
TRACE::2026-09-14.20:34:40::SCWMssOS::evcfg_selftest.o ps7_cortexa9_0/lib/xdevcfg_sinit.o ps7_cortexa9_0/lib/xdmaps.o ps7_cortexa9_0/lib/xdmaps_g.o ps7_cortexa9_0/li
TRACE::2026-09-14.20:34:40::SCWMssOS::b/xdmaps_hw.o ps7_cortexa9_0/lib/xdmaps_selftest.o ps7_cortexa9_0/lib/xdmaps_sinit.o ps7_cortexa9_0/lib/xemacps.o ps7_cortexa9_
TRACE::2026-09-14.20:34:40::SCWMssOS::0/lib/xemacps_bdring.o ps7_cortexa9_0/lib/xemacps_control.o ps7_cortexa9_0/lib/xemacps_g.o ps7_cortexa9_0/lib/xemacps_hw.o ps7_
TRACE::2026-09-14.20:34:40::SCWMssOS::cortexa9_0/lib/xemacps_intr.o ps7_cortexa9_0/lib/xemacps_sinit.o ps7_cortexa9_0/lib/xgpio.o ps7_cortexa9_0/lib/xgpio_extra.o ps
TRACE::2026-09-14.20:34:40::SCWMssOS::7_cortexa9_0/lib/xgpio_g.o ps7_cortexa9_0/lib/xgpio_intr.o ps7_cortexa9_0/lib/xgpio_selftest.o ps7_cortexa9_0/lib/xgpio_sinit.o
TRACE::2026-09-14.20:34:40::SCWMssOS:: ps7_cortexa9_0/lib/xgpiops.o ps7_cortexa9_0/lib/xgpiops_g.o ps7_cortexa9_0/lib/xgpiops_hw.o ps7_cortexa9_0/lib/xgpiops_intr.o 
TRACE::2026-09-14.20:34:40::SCWMssOS::ps7_cortexa9_0/lib/xgpiops_selftest.o ps7_cortexa9_0/lib/xgpiops_sinit.o ps7_cortexa9_0/lib/xil-crt0.o ps7_cortexa9_0/lib/xil_a
TRACE::2026-09-14.20:34:40::SCWMssOS::ssert.o ps7_cortexa9_0/lib/xil_cache.o ps7_cortexa9_0/lib/xil_clocking.o ps7_cortexa9_0/lib/xil_exception.o ps7_cortexa9_0/lib/
TRACE::2026-09-14.20:34:40::SCWMssOS::xil_mem.o ps7_cortexa9_0/lib/xil_misc_psreset_api.o ps7_cortexa9_0/lib/xil_mmu.o ps7_cortexa9_0/lib/xil_printf.o ps7_cortexa9_0
TRACE::2026-09-14.20:34:40::SCWMssOS::/lib/xil_sleepcommon.o ps7_cortexa9_0/lib/xil_sleeptimer.o ps7_cortexa9_0/lib/xil_spinlock.o ps7_cortexa9_0/lib/xil_testcache.o
TRACE::2026-09-14.20:34:40::SCWMssOS:: ps7_cortexa9_0/lib/xil_testio.o ps7_cortexa9_0/lib/xil_testmem.o ps7_cortexa9_0/lib/xil_util.o ps7_cortexa9_0/lib/xinterrupt_w
TRACE::2026-09-14.20:34:40::SCWMssOS::rap.o ps7_cortexa9_0/lib/xl2cc_counter.o ps7_cortexa9_0/lib/xplatform_info.o ps7_cortexa9_0/lib/xpm_counter.o ps7_cortexa9_0/li
TRACE::2026-09-14.20:34:40::SCWMssOS::b/xqspips.o ps7_cortexa9_0/lib/xqspips_g.o ps7_cortexa9_0/lib/xqspips_hw.o ps7_cortexa9_0/lib/xqspips_options.o ps7_cortexa9_0/
TRACE::2026-09-14.20:34:40::SCWMssOS::lib/xqspips_selftest.o ps7_cortexa9_0/lib/xqspips_sinit.o ps7_cortexa9_0/lib/xscugic.o ps7_cortexa9_0/lib/xscugic_g.o ps7_corte
TRACE::2026-09-14.20:34:40::SCWMssOS::xa9_0/lib/xscugic_hw.o ps7_cortexa9_0/lib/xscugic_intr.o ps7_cortexa9_0/lib/xscugic_selftest.o ps7_cortexa9_0/lib/xscugic_sinit
TRACE::2026-09-14.20:34:40::SCWMssOS::.o ps7_cortexa9_0/lib/xscutimer.o ps7_cortexa9_0/lib/xscutimer_g.o ps7_cortexa9_0/lib/xscutimer_selftest.o ps7_cortexa9_0/lib/x
TRACE::2026-09-14.20:34:40::SCWMssOS::scutimer_sinit.o ps7_cortexa9_0/lib/xscuwdt.o ps7_cortexa9_0/lib/xscuwdt_g.o ps7_cortexa9_0/lib/xscuwdt_selftest.o ps7_cortexa9
TRACE::2026-09-14.20:34:40::SCWMssOS::_0/lib/xscuwdt_sinit.o ps7_cortexa9_0/lib/xsdps.o ps7_cortexa9_0/lib/xsdps_card.o ps7_cortexa9_0/lib/xsdps_g.o ps7_cortexa9_0/l
TRACE::2026-09-14.20:34:40::SCWMssOS::ib/xsdps_host.o ps7_cortexa9_0/lib/xsdps_options.o ps7_cortexa9_0/lib/xsdps_sinit.o ps7_cortexa9_0/lib/xtime_l.o ps7_cortexa9_0
TRACE::2026-09-14.20:34:40::SCWMssOS::/lib/xuartps.o ps7_cortexa9_0/lib/xuartps_g.o ps7_cortexa9_0/lib/xuartps_hw.o ps7_cortexa9_0/lib/xuartps_intr.o ps7_cortexa9_0/
TRACE::2026-09-14.20:34:40::SCWMssOS::lib/xuartps_options.o ps7_cortexa9_0/lib/xuartps_selftest.o ps7_cortexa9_0/lib/xuartps_sinit.o ps7_cortexa9_0/lib/xusbps.o ps7_
TRACE::2026-09-14.20:34:40::SCWMssOS::cortexa9_0/lib/xusbps_endpoint.o ps7_cortexa9_0/lib/xusbps_g.o ps7_cortexa9_0/lib/xusbps_hw.o ps7_cortexa9_0/lib/xusbps_intr.o 
TRACE::2026-09-14.20:34:40::SCWMssOS::ps7_cortexa9_0/lib/xusbps_sinit.o

TRACE::2026-09-14.20:34:40::SCWMssOS::'Finished building libraries'

TRACE::2026-09-14.20:34:40::SCWMssOS::Copying to export directory.
TRACE::2026-09-14.20:34:41::SCWMssOS:: Checking if to create the Supporting Applications
TRACE::2026-09-14.20:34:41::SCWMssOS:: No Linux domain exists, trying to generate FSBL 
LOG::2026-09-14.20:34:41::SCWSystem::Completed Processing the domain standalone_domain
LOG::2026-09-14.20:34:41::SCWSystem::Completed Processing the sysconfig axi_gpio_platform_T1
LOG::2026-09-14.20:34:41::SCWPlatform::Completed generating the artifacts for system configuration axi_gpio_platform_T1
TRACE::2026-09-14.20:34:41::SCWPlatform::Started preparing the platform 
TRACE::2026-09-14.20:34:41::SCWSystem::Writing the bif file for system config axi_gpio_platform_T1
TRACE::2026-09-14.20:34:41::SCWSystem::dir created 
TRACE::2026-09-14.20:34:41::SCWSystem::Writing the bif 
TRACE::2026-09-14.20:34:41::SCWPlatform::Started writing the spfm file 
TRACE::2026-09-14.20:34:41::SCWPlatform::Started writing the xpfm file 
TRACE::2026-09-14.20:34:41::SCWPlatform::Completed generating the platform
TRACE::2026-09-14.20:34:41::SCWMssOS::Saving the mss changes C:/ECE520/Vivado/Lab2/axi_gpio_ab/axi_gpio_vitis_T1/axi_gpio_platform_T1/zynq_fsbl/zynq_fsbl_bsp/system.mss
TRACE::2026-09-14.20:34:41::SCWMssOS::Found a swdesign opened with the mssfile.
TRACE::2026-09-14.20:34:41::SCWMssOS::Completed writemss as part of save.
TRACE::2026-09-14.20:34:41::SCWMssOS::Commit changes completed.
TRACE::2026-09-14.20:34:41::SCWMssOS::Saving the mss changes C:/ECE520/Vivado/Lab2/axi_gpio_ab/axi_gpio_vitis_T1/axi_gpio_platform_T1/ps7_cortexa9_0/standalone_domain/bsp/system.mss
TRACE::2026-09-14.20:34:41::SCWMssOS::Found a swdesign opened with the mssfile.
TRACE::2026-09-14.20:34:41::SCWMssOS::Completed writemss as part of save.
TRACE::2026-09-14.20:34:41::SCWMssOS::Commit changes completed.
TRACE::2026-09-14.20:34:41::SCWPlatform::Trying to open the hw design at C:/ECE520/Vivado/Lab2/axi_gpio_ab/axi_gpio_vitis_T1/axi_gpio_platform_T1/hw/axi_gpio_ab_wrapper_T1.xsa
TRACE::2026-09-14.20:34:41::SCWPlatform::DSA given C:/ECE520/Vivado/Lab2/axi_gpio_ab/axi_gpio_vitis_T1/axi_gpio_platform_T1/hw/axi_gpio_ab_wrapper_T1.xsa
TRACE::2026-09-14.20:34:41::SCWPlatform::DSA absoulate path C:/ECE520/Vivado/Lab2/axi_gpio_ab/axi_gpio_vitis_T1/axi_gpio_platform_T1/hw/axi_gpio_ab_wrapper_T1.xsa
TRACE::2026-09-14.20:34:41::SCWPlatform::DSA directory C:/ECE520/Vivado/Lab2/axi_gpio_ab/axi_gpio_vitis_T1/axi_gpio_platform_T1/hw
TRACE::2026-09-14.20:34:41::SCWPlatform:: Platform Path C:/ECE520/Vivado/Lab2/axi_gpio_ab/axi_gpio_vitis_T1/axi_gpio_platform_T1/hw/axi_gpio_ab_wrapper_T1.xsa
TRACE::2026-09-14.20:34:41::SCWPlatform:: Unique name xilinx:zybo-z7-10::0.0
TRACE::2026-09-14.20:34:41::SCWPlatform::Trying to set the existing hwdb with name axi_gpio_ab_wrapper_1
TRACE::2026-09-14.20:34:41::SCWPlatform::Opened existing hwdb axi_gpio_ab_wrapper_1
TRACE::2026-09-14.20:34:41::SCWPlatform::Found the Hw Db part of the input DSA
TRACE::2026-09-14.20:34:41::SCWMssOS::Checking the sw design at  C:/ECE520/Vivado/Lab2/axi_gpio_ab/axi_gpio_vitis_T1/axi_gpio_platform_T1/zynq_fsbl/zynq_fsbl_bsp/system.mss
TRACE::2026-09-14.20:34:41::SCWMssOS::DEBUG:  swdes dump  C:/ECE520/Vivado/Lab2/axi_gpio_ab/axi_gpio_vitis_T1/axi_gpio_platform_T1/ps7_cortexa9_0/standalone_domain/bsp/system.mss|system_0||
C:/ECE520/Vivado/Lab2/axi_gpio_ab/axi_gpio_vitis_T1/axi_gpio_platform_T1/zynq_fsbl/zynq_fsbl_bsp/system.mss|system||

TRACE::2026-09-14.20:34:41::SCWMssOS::Sw design exists and opened at  C:/ECE520/Vivado/Lab2/axi_gpio_ab/axi_gpio_vitis_T1/axi_gpio_platform_T1/zynq_fsbl/zynq_fsbl_bsp/system.mss
TRACE::2026-09-14.20:34:41::SCWPlatform::Trying to open the hw design at C:/ECE520/Vivado/Lab2/axi_gpio_ab/axi_gpio_vitis_T1/axi_gpio_platform_T1/hw/axi_gpio_ab_wrapper_T1.xsa
TRACE::2026-09-14.20:34:41::SCWPlatform::DSA given C:/ECE520/Vivado/Lab2/axi_gpio_ab/axi_gpio_vitis_T1/axi_gpio_platform_T1/hw/axi_gpio_ab_wrapper_T1.xsa
TRACE::2026-09-14.20:34:41::SCWPlatform::DSA absoulate path C:/ECE520/Vivado/Lab2/axi_gpio_ab/axi_gpio_vitis_T1/axi_gpio_platform_T1/hw/axi_gpio_ab_wrapper_T1.xsa
TRACE::2026-09-14.20:34:41::SCWPlatform::DSA directory C:/ECE520/Vivado/Lab2/axi_gpio_ab/axi_gpio_vitis_T1/axi_gpio_platform_T1/hw
TRACE::2026-09-14.20:34:41::SCWPlatform:: Platform Path C:/ECE520/Vivado/Lab2/axi_gpio_ab/axi_gpio_vitis_T1/axi_gpio_platform_T1/hw/axi_gpio_ab_wrapper_T1.xsa
TRACE::2026-09-14.20:34:41::SCWPlatform:: Unique name xilinx:zybo-z7-10::0.0
TRACE::2026-09-14.20:34:41::SCWPlatform::Trying to set the existing hwdb with name axi_gpio_ab_wrapper_1
TRACE::2026-09-14.20:34:41::SCWPlatform::Opened existing hwdb axi_gpio_ab_wrapper_1
TRACE::2026-09-14.20:34:41::SCWPlatform::Found the Hw Db part of the input DSA
TRACE::2026-09-14.20:34:41::SCWMssOS::Checking the sw design at  C:/ECE520/Vivado/Lab2/axi_gpio_ab/axi_gpio_vitis_T1/axi_gpio_platform_T1/ps7_cortexa9_0/standalone_domain/bsp/system.mss
TRACE::2026-09-14.20:34:41::SCWMssOS::DEBUG:  swdes dump  C:/ECE520/Vivado/Lab2/axi_gpio_ab/axi_gpio_vitis_T1/axi_gpio_platform_T1/ps7_cortexa9_0/standalone_domain/bsp/system.mss|system_0||
C:/ECE520/Vivado/Lab2/axi_gpio_ab/axi_gpio_vitis_T1/axi_gpio_platform_T1/zynq_fsbl/zynq_fsbl_bsp/system.mss|system||

TRACE::2026-09-14.20:34:41::SCWMssOS::Sw design exists and opened at  C:/ECE520/Vivado/Lab2/axi_gpio_ab/axi_gpio_vitis_T1/axi_gpio_platform_T1/ps7_cortexa9_0/standalone_domain/bsp/system.mss
TRACE::2026-09-14.20:34:41::SCWWriter::formatted JSON is {
	"platformName":	"axi_gpio_platform_T1",
	"sprVersion":	"2.0",
	"mode":	"gui",
	"dsaType":	"Fixed",
	"platformDesc":	"axi_gpio_platform_T1",
	"platHandOff":	"C:/ECE520/Vivado/Lab2/axi_gpio_ab/axi_gpio_ab_wrapper_T1.xsa",
	"platIntHandOff":	"<platformDir>/hw/axi_gpio_ab_wrapper_T1.xsa",
	"deviceType":	"zynq",
	"platIsPrebuiltAutogen":	"false",
	"platIsNoBootBsp":	"false",
	"hasFsblMakeHasChanges":	"false",
	"hasPmufwMakeHasChanges":	"false",
	"fsblExtraCompilerFlags":	"-MMD -MP       -mcpu=cortex-a9 -mfpu=vfpv3 -mfloat-abi=hard ",
	"platPreBuiltFlag":	false,
	"platformSamplesDir":	"",
	"platActiveSys":	"axi_gpio_platform_T1",
	"systems":	[{
			"systemName":	"axi_gpio_platform_T1",
			"systemDesc":	"axi_gpio_platform_T1",
			"sysIsBootAutoGen":	"true",
			"systemDispName":	"axi_gpio_platform_T1",
			"sysActiveDom":	"standalone_domain",
			"sysDefaultDom":	"standalone_domain",
			"domains":	[{
					"domainName":	"zynq_fsbl",
					"domainDispName":	"zynq_fsbl",
					"domainDesc":	"FSBL Application BSP - Auto Generated.",
					"processors":	"ps7_cortexa9_0",
					"os":	"standalone",
					"sdxOs":	"standalone",
					"debugEnable":	"",
					"domRuntimes":	["cpp"],
					"swRepo":	"",
					"mssOsVer":	"8.1",
					"mssFile":	"",
					"md5Digest":	"65693ccea2e90031f2dc4733d5bd991b",
					"compatibleApp":	"zynq_fsbl",
					"domType":	"bootDomain",
					"arch":	"32-bit",
					"appSettings":	{
						"appCompilerFlags":	"",
						"appLinkerFlags":	""
					},
					"addedLibs":	["xilffs:5.0", "xilrsa:1.6"],
					"libOptions":	{
						"libsContainingOptions":	[]
					},
					"prebuiltLibs":	{
						"prebuiltIncPath":	[],
						"prebuiltLibPath":	[]
					},
					"isolation":	{
					}
				}, {
					"domainName":	"standalone_domain",
					"domainDispName":	"standalone on ps7_cortexa9_0",
					"domainDesc":	"standalone_domain",
					"processors":	"ps7_cortexa9_0",
					"os":	"standalone",
					"sdxOs":	"standalone",
					"qemuArgs":	"<platformDir>/resources/axi_gpio_platform_T1/standalone_domain/qemu_args.txt",
					"qemuData":	"<platformDir>/resources/axi_gpio_platform_T1/standalone_domain/qemu",
					"debugEnable":	"False",
					"domRuntimes":	["cpp"],
					"swRepo":	"",
					"mssOsVer":	"8.1",
					"mssFile":	"",
					"md5Digest":	"a82e1019665bce3dce07707172bb4370",
					"compatibleApp":	"",
					"domType":	"mssDomain",
					"appSettings":	{
						"appCompilerFlags":	"",
						"appLinkerFlags":	""
					},
					"addedLibs":	[],
					"libOptions":	{
						"libsContainingOptions":	[]
					},
					"prebuiltLibs":	{
						"prebuiltIncPath":	[],
						"prebuiltLibPath":	[]
					},
					"isolation":	{
					}
				}]
		}]
}
KEYINFO::2026-09-14.20:34:41::SCWPlatform::updated the xpfm file.
TRACE::2026-09-14.20:34:41::SCWPlatform::Trying to open the hw design at C:/ECE520/Vivado/Lab2/axi_gpio_ab/axi_gpio_vitis_T1/axi_gpio_platform_T1/hw/axi_gpio_ab_wrapper_T1.xsa
TRACE::2026-09-14.20:34:41::SCWPlatform::DSA given C:/ECE520/Vivado/Lab2/axi_gpio_ab/axi_gpio_vitis_T1/axi_gpio_platform_T1/hw/axi_gpio_ab_wrapper_T1.xsa
TRACE::2026-09-14.20:34:41::SCWPlatform::DSA absoulate path C:/ECE520/Vivado/Lab2/axi_gpio_ab/axi_gpio_vitis_T1/axi_gpio_platform_T1/hw/axi_gpio_ab_wrapper_T1.xsa
TRACE::2026-09-14.20:34:41::SCWPlatform::DSA directory C:/ECE520/Vivado/Lab2/axi_gpio_ab/axi_gpio_vitis_T1/axi_gpio_platform_T1/hw
TRACE::2026-09-14.20:34:41::SCWPlatform:: Platform Path C:/ECE520/Vivado/Lab2/axi_gpio_ab/axi_gpio_vitis_T1/axi_gpio_platform_T1/hw/axi_gpio_ab_wrapper_T1.xsa
TRACE::2026-09-14.20:34:41::SCWPlatform:: Unique name xilinx:zybo-z7-10::0.0
TRACE::2026-09-14.20:34:41::SCWPlatform::Trying to set the existing hwdb with name axi_gpio_ab_wrapper_1
TRACE::2026-09-14.20:34:41::SCWPlatform::Opened existing hwdb axi_gpio_ab_wrapper_1
TRACE::2026-09-14.20:34:41::SCWPlatform::Found the Hw Db part of the input DSA
TRACE::2026-09-14.20:34:41::SCWMssOS::Checking the sw design at  C:/ECE520/Vivado/Lab2/axi_gpio_ab/axi_gpio_vitis_T1/axi_gpio_platform_T1/ps7_cortexa9_0/standalone_domain/bsp/system.mss
TRACE::2026-09-14.20:34:41::SCWMssOS::DEBUG:  swdes dump  C:/ECE520/Vivado/Lab2/axi_gpio_ab/axi_gpio_vitis_T1/axi_gpio_platform_T1/ps7_cortexa9_0/standalone_domain/bsp/system.mss|system_0||
C:/ECE520/Vivado/Lab2/axi_gpio_ab/axi_gpio_vitis_T1/axi_gpio_platform_T1/zynq_fsbl/zynq_fsbl_bsp/system.mss|system||

TRACE::2026-09-14.20:34:41::SCWMssOS::Sw design exists and opened at  C:/ECE520/Vivado/Lab2/axi_gpio_ab/axi_gpio_vitis_T1/axi_gpio_platform_T1/ps7_cortexa9_0/standalone_domain/bsp/system.mss
TRACE::2026-09-14.21:56:50::SCWPlatform::Trying to open the hw design at C:/ECE520/Vivado/Lab2/axi_gpio_ab/axi_gpio_vitis_T1/axi_gpio_platform_T1/hw/axi_gpio_ab_wrapper_T1.xsa
TRACE::2026-09-14.21:56:50::SCWPlatform::DSA given C:/ECE520/Vivado/Lab2/axi_gpio_ab/axi_gpio_vitis_T1/axi_gpio_platform_T1/hw/axi_gpio_ab_wrapper_T1.xsa
TRACE::2026-09-14.21:56:50::SCWPlatform::DSA absoulate path C:/ECE520/Vivado/Lab2/axi_gpio_ab/axi_gpio_vitis_T1/axi_gpio_platform_T1/hw/axi_gpio_ab_wrapper_T1.xsa
TRACE::2026-09-14.21:56:50::SCWPlatform::DSA directory C:/ECE520/Vivado/Lab2/axi_gpio_ab/axi_gpio_vitis_T1/axi_gpio_platform_T1/hw
TRACE::2026-09-14.21:56:50::SCWPlatform:: Platform Path C:/ECE520/Vivado/Lab2/axi_gpio_ab/axi_gpio_vitis_T1/axi_gpio_platform_T1/hw/axi_gpio_ab_wrapper_T1.xsa
TRACE::2026-09-14.21:56:50::SCWPlatform:: Unique name xilinx:zybo-z7-10::0.0
TRACE::2026-09-14.21:56:50::SCWPlatform::Do not have an existing db opened. 
TRACE::2026-09-14.21:56:52::SCWPlatform::Opened new HwDB with name axi_gpio_ab_wrapper
TRACE::2026-09-14.21:56:52::SCWReader::Active system found as  axi_gpio_platform_T1
TRACE::2026-09-14.21:56:52::SCWReader::Handling sysconfig axi_gpio_platform_T1
TRACE::2026-09-14.21:56:52::SCWDomain::checking for install qemu data   : 
TRACE::2026-09-14.21:56:52::SCWDomain:: Using the QEMU Data from install at  : C:/Xilinx/Vitis/2023.1/data/emulation/platforms/zynq/sw/a9_standalone/qemu/
TRACE::2026-09-14.21:56:52::SCWDomain:: Using the QEMU args  from install at  : C:/Xilinx/Vitis/2023.1/data/emulation/platforms/zynq/sw/a9_standalone/qemu/qemu_args.txt
TRACE::2026-09-14.21:56:52::SCWPlatform::Trying to open the hw design at C:/ECE520/Vivado/Lab2/axi_gpio_ab/axi_gpio_vitis_T1/axi_gpio_platform_T1/hw/axi_gpio_ab_wrapper_T1.xsa
TRACE::2026-09-14.21:56:52::SCWPlatform::DSA given C:/ECE520/Vivado/Lab2/axi_gpio_ab/axi_gpio_vitis_T1/axi_gpio_platform_T1/hw/axi_gpio_ab_wrapper_T1.xsa
TRACE::2026-09-14.21:56:52::SCWPlatform::DSA absoulate path C:/ECE520/Vivado/Lab2/axi_gpio_ab/axi_gpio_vitis_T1/axi_gpio_platform_T1/hw/axi_gpio_ab_wrapper_T1.xsa
TRACE::2026-09-14.21:56:52::SCWPlatform::DSA directory C:/ECE520/Vivado/Lab2/axi_gpio_ab/axi_gpio_vitis_T1/axi_gpio_platform_T1/hw
TRACE::2026-09-14.21:56:52::SCWPlatform:: Platform Path C:/ECE520/Vivado/Lab2/axi_gpio_ab/axi_gpio_vitis_T1/axi_gpio_platform_T1/hw/axi_gpio_ab_wrapper_T1.xsa
TRACE::2026-09-14.21:56:52::SCWPlatform:: Unique name xilinx:zybo-z7-10::0.0
TRACE::2026-09-14.21:56:52::SCWPlatform::Trying to set the existing hwdb with name axi_gpio_ab_wrapper
TRACE::2026-09-14.21:56:52::SCWPlatform::Opened existing hwdb axi_gpio_ab_wrapper
TRACE::2026-09-14.21:56:52::SCWPlatform::Found the Hw Db part of the input DSA
TRACE::2026-09-14.21:56:52::SCWPlatform::Trying to open the hw design at C:/ECE520/Vivado/Lab2/axi_gpio_ab/axi_gpio_vitis_T1/axi_gpio_platform_T1/hw/axi_gpio_ab_wrapper_T1.xsa
TRACE::2026-09-14.21:56:52::SCWPlatform::DSA given C:/ECE520/Vivado/Lab2/axi_gpio_ab/axi_gpio_vitis_T1/axi_gpio_platform_T1/hw/axi_gpio_ab_wrapper_T1.xsa
TRACE::2026-09-14.21:56:52::SCWPlatform::DSA absoulate path C:/ECE520/Vivado/Lab2/axi_gpio_ab/axi_gpio_vitis_T1/axi_gpio_platform_T1/hw/axi_gpio_ab_wrapper_T1.xsa
TRACE::2026-09-14.21:56:52::SCWPlatform::DSA directory C:/ECE520/Vivado/Lab2/axi_gpio_ab/axi_gpio_vitis_T1/axi_gpio_platform_T1/hw
TRACE::2026-09-14.21:56:52::SCWPlatform:: Platform Path C:/ECE520/Vivado/Lab2/axi_gpio_ab/axi_gpio_vitis_T1/axi_gpio_platform_T1/hw/axi_gpio_ab_wrapper_T1.xsa
TRACE::2026-09-14.21:56:52::SCWPlatform:: Unique name xilinx:zybo-z7-10::0.0
TRACE::2026-09-14.21:56:52::SCWPlatform::Trying to set the existing hwdb with name axi_gpio_ab_wrapper
TRACE::2026-09-14.21:56:52::SCWPlatform::Opened existing hwdb axi_gpio_ab_wrapper
TRACE::2026-09-14.21:56:52::SCWPlatform::Found the Hw Db part of the input DSA
TRACE::2026-09-14.21:56:52::SCWPlatform::Trying to open the hw design at C:/ECE520/Vivado/Lab2/axi_gpio_ab/axi_gpio_vitis_T1/axi_gpio_platform_T1/hw/axi_gpio_ab_wrapper_T1.xsa
TRACE::2026-09-14.21:56:52::SCWPlatform::DSA given C:/ECE520/Vivado/Lab2/axi_gpio_ab/axi_gpio_vitis_T1/axi_gpio_platform_T1/hw/axi_gpio_ab_wrapper_T1.xsa
TRACE::2026-09-14.21:56:52::SCWPlatform::DSA absoulate path C:/ECE520/Vivado/Lab2/axi_gpio_ab/axi_gpio_vitis_T1/axi_gpio_platform_T1/hw/axi_gpio_ab_wrapper_T1.xsa
TRACE::2026-09-14.21:56:52::SCWPlatform::DSA directory C:/ECE520/Vivado/Lab2/axi_gpio_ab/axi_gpio_vitis_T1/axi_gpio_platform_T1/hw
TRACE::2026-09-14.21:56:52::SCWPlatform:: Platform Path C:/ECE520/Vivado/Lab2/axi_gpio_ab/axi_gpio_vitis_T1/axi_gpio_platform_T1/hw/axi_gpio_ab_wrapper_T1.xsa
TRACE::2026-09-14.21:56:52::SCWPlatform:: Unique name xilinx:zybo-z7-10::0.0
TRACE::2026-09-14.21:56:52::SCWPlatform::Trying to set the existing hwdb with name axi_gpio_ab_wrapper
TRACE::2026-09-14.21:56:52::SCWPlatform::Opened existing hwdb axi_gpio_ab_wrapper
TRACE::2026-09-14.21:56:52::SCWPlatform::Found the Hw Db part of the input DSA
TRACE::2026-09-14.21:56:52::SCWReader::Boot application domain added for zynq_fsbl
TRACE::2026-09-14.21:56:52::SCWPlatform::Trying to open the hw design at C:/ECE520/Vivado/Lab2/axi_gpio_ab/axi_gpio_vitis_T1/axi_gpio_platform_T1/hw/axi_gpio_ab_wrapper_T1.xsa
TRACE::2026-09-14.21:56:52::SCWPlatform::DSA given C:/ECE520/Vivado/Lab2/axi_gpio_ab/axi_gpio_vitis_T1/axi_gpio_platform_T1/hw/axi_gpio_ab_wrapper_T1.xsa
TRACE::2026-09-14.21:56:52::SCWPlatform::DSA absoulate path C:/ECE520/Vivado/Lab2/axi_gpio_ab/axi_gpio_vitis_T1/axi_gpio_platform_T1/hw/axi_gpio_ab_wrapper_T1.xsa
TRACE::2026-09-14.21:56:52::SCWPlatform::DSA directory C:/ECE520/Vivado/Lab2/axi_gpio_ab/axi_gpio_vitis_T1/axi_gpio_platform_T1/hw
TRACE::2026-09-14.21:56:52::SCWPlatform:: Platform Path C:/ECE520/Vivado/Lab2/axi_gpio_ab/axi_gpio_vitis_T1/axi_gpio_platform_T1/hw/axi_gpio_ab_wrapper_T1.xsa
TRACE::2026-09-14.21:56:52::SCWPlatform:: Unique name xilinx:zybo-z7-10::0.0
TRACE::2026-09-14.21:56:52::SCWPlatform::Trying to set the existing hwdb with name axi_gpio_ab_wrapper
TRACE::2026-09-14.21:56:52::SCWPlatform::Opened existing hwdb axi_gpio_ab_wrapper
TRACE::2026-09-14.21:56:52::SCWPlatform::Found the Hw Db part of the input DSA
TRACE::2026-09-14.21:56:52::SCWMssOS::Checking the sw design at  C:/ECE520/Vivado/Lab2/axi_gpio_ab/axi_gpio_vitis_T1/axi_gpio_platform_T1/zynq_fsbl/zynq_fsbl_bsp/system.mss
TRACE::2026-09-14.21:56:52::SCWMssOS::DEBUG:  swdes dump  
TRACE::2026-09-14.21:56:52::SCWMssOS::No sw design opened at  C:/ECE520/Vivado/Lab2/axi_gpio_ab/axi_gpio_vitis_T1/axi_gpio_platform_T1/zynq_fsbl/zynq_fsbl_bsp/system.mss
TRACE::2026-09-14.21:56:52::SCWMssOS::mss exists loading the mss file  C:/ECE520/Vivado/Lab2/axi_gpio_ab/axi_gpio_vitis_T1/axi_gpio_platform_T1/zynq_fsbl/zynq_fsbl_bsp/system.mss
TRACE::2026-09-14.21:56:52::SCWMssOS::Opened the sw design from mss  C:/ECE520/Vivado/Lab2/axi_gpio_ab/axi_gpio_vitis_T1/axi_gpio_platform_T1/zynq_fsbl/zynq_fsbl_bsp/system.mss
TRACE::2026-09-14.21:56:52::SCWMssOS::Adding the swdes entry C:/ECE520/Vivado/Lab2/axi_gpio_ab/axi_gpio_vitis_T1/axi_gpio_platform_T1/zynq_fsbl/zynq_fsbl_bsp/system.mss with des name system
TRACE::2026-09-14.21:56:52::SCWMssOS::updating the scw layer about changes
TRACE::2026-09-14.21:56:52::SCWMssOS::Opened the sw design.  C:/ECE520/Vivado/Lab2/axi_gpio_ab/axi_gpio_vitis_T1/axi_gpio_platform_T1/zynq_fsbl/zynq_fsbl_bsp/system.mss
TRACE::2026-09-14.21:56:52::SCWPlatform::Trying to open the hw design at C:/ECE520/Vivado/Lab2/axi_gpio_ab/axi_gpio_vitis_T1/axi_gpio_platform_T1/hw/axi_gpio_ab_wrapper_T1.xsa
TRACE::2026-09-14.21:56:52::SCWPlatform::DSA given C:/ECE520/Vivado/Lab2/axi_gpio_ab/axi_gpio_vitis_T1/axi_gpio_platform_T1/hw/axi_gpio_ab_wrapper_T1.xsa
TRACE::2026-09-14.21:56:52::SCWPlatform::DSA absoulate path C:/ECE520/Vivado/Lab2/axi_gpio_ab/axi_gpio_vitis_T1/axi_gpio_platform_T1/hw/axi_gpio_ab_wrapper_T1.xsa
TRACE::2026-09-14.21:56:52::SCWPlatform::DSA directory C:/ECE520/Vivado/Lab2/axi_gpio_ab/axi_gpio_vitis_T1/axi_gpio_platform_T1/hw
TRACE::2026-09-14.21:56:52::SCWPlatform:: Platform Path C:/ECE520/Vivado/Lab2/axi_gpio_ab/axi_gpio_vitis_T1/axi_gpio_platform_T1/hw/axi_gpio_ab_wrapper_T1.xsa
TRACE::2026-09-14.21:56:52::SCWPlatform:: Unique name xilinx:zybo-z7-10::0.0
TRACE::2026-09-14.21:56:52::SCWPlatform::Trying to set the existing hwdb with name axi_gpio_ab_wrapper
TRACE::2026-09-14.21:56:52::SCWPlatform::Opened existing hwdb axi_gpio_ab_wrapper
TRACE::2026-09-14.21:56:52::SCWPlatform::Found the Hw Db part of the input DSA
TRACE::2026-09-14.21:56:52::SCWMssOS::Checking the sw design at  C:/ECE520/Vivado/Lab2/axi_gpio_ab/axi_gpio_vitis_T1/axi_gpio_platform_T1/zynq_fsbl/zynq_fsbl_bsp/system.mss
TRACE::2026-09-14.21:56:52::SCWMssOS::DEBUG:  swdes dump  C:/ECE520/Vivado/Lab2/axi_gpio_ab/axi_gpio_vitis_T1/axi_gpio_platform_T1/zynq_fsbl/zynq_fsbl_bsp/system.mss|system||

TRACE::2026-09-14.21:56:52::SCWMssOS::Sw design exists and opened at  C:/ECE520/Vivado/Lab2/axi_gpio_ab/axi_gpio_vitis_T1/axi_gpio_platform_T1/zynq_fsbl/zynq_fsbl_bsp/system.mss
TRACE::2026-09-14.21:56:52::SCWMssOS:: library already available in sw design:  xilffs:5.0
TRACE::2026-09-14.21:56:52::SCWPlatform::Trying to open the hw design at C:/ECE520/Vivado/Lab2/axi_gpio_ab/axi_gpio_vitis_T1/axi_gpio_platform_T1/hw/axi_gpio_ab_wrapper_T1.xsa
TRACE::2026-09-14.21:56:52::SCWPlatform::DSA given C:/ECE520/Vivado/Lab2/axi_gpio_ab/axi_gpio_vitis_T1/axi_gpio_platform_T1/hw/axi_gpio_ab_wrapper_T1.xsa
TRACE::2026-09-14.21:56:52::SCWPlatform::DSA absoulate path C:/ECE520/Vivado/Lab2/axi_gpio_ab/axi_gpio_vitis_T1/axi_gpio_platform_T1/hw/axi_gpio_ab_wrapper_T1.xsa
TRACE::2026-09-14.21:56:52::SCWPlatform::DSA directory C:/ECE520/Vivado/Lab2/axi_gpio_ab/axi_gpio_vitis_T1/axi_gpio_platform_T1/hw
TRACE::2026-09-14.21:56:52::SCWPlatform:: Platform Path C:/ECE520/Vivado/Lab2/axi_gpio_ab/axi_gpio_vitis_T1/axi_gpio_platform_T1/hw/axi_gpio_ab_wrapper_T1.xsa
TRACE::2026-09-14.21:56:52::SCWPlatform:: Unique name xilinx:zybo-z7-10::0.0
TRACE::2026-09-14.21:56:52::SCWPlatform::Trying to set the existing hwdb with name axi_gpio_ab_wrapper
TRACE::2026-09-14.21:56:52::SCWPlatform::Opened existing hwdb axi_gpio_ab_wrapper
TRACE::2026-09-14.21:56:52::SCWPlatform::Found the Hw Db part of the input DSA
TRACE::2026-09-14.21:56:52::SCWMssOS::Checking the sw design at  C:/ECE520/Vivado/Lab2/axi_gpio_ab/axi_gpio_vitis_T1/axi_gpio_platform_T1/zynq_fsbl/zynq_fsbl_bsp/system.mss
TRACE::2026-09-14.21:56:52::SCWMssOS::DEBUG:  swdes dump  C:/ECE520/Vivado/Lab2/axi_gpio_ab/axi_gpio_vitis_T1/axi_gpio_platform_T1/zynq_fsbl/zynq_fsbl_bsp/system.mss|system||

TRACE::2026-09-14.21:56:52::SCWMssOS::Sw design exists and opened at  C:/ECE520/Vivado/Lab2/axi_gpio_ab/axi_gpio_vitis_T1/axi_gpio_platform_T1/zynq_fsbl/zynq_fsbl_bsp/system.mss
TRACE::2026-09-14.21:56:52::SCWMssOS:: library already available in sw design:  xilrsa:1.6
TRACE::2026-09-14.21:56:52::SCWMssOS::Saving the mss changes C:/ECE520/Vivado/Lab2/axi_gpio_ab/axi_gpio_vitis_T1/axi_gpio_platform_T1/zynq_fsbl/zynq_fsbl_bsp/system.mss
TRACE::2026-09-14.21:56:52::SCWMssOS::Found a swdesign opened with the mssfile.
TRACE::2026-09-14.21:56:52::SCWMssOS::Completed writemss as part of save.
TRACE::2026-09-14.21:56:52::SCWMssOS::Commit changes completed.
TRACE::2026-09-14.21:56:52::SCWReader::Adding prebuilt librarypaths as   
TRACE::2026-09-14.21:56:52::SCWReader::Adding prebuilt incpaths  as   
TRACE::2026-09-14.21:56:52::SCWPlatform::Trying to open the hw design at C:/ECE520/Vivado/Lab2/axi_gpio_ab/axi_gpio_vitis_T1/axi_gpio_platform_T1/hw/axi_gpio_ab_wrapper_T1.xsa
TRACE::2026-09-14.21:56:52::SCWPlatform::DSA given C:/ECE520/Vivado/Lab2/axi_gpio_ab/axi_gpio_vitis_T1/axi_gpio_platform_T1/hw/axi_gpio_ab_wrapper_T1.xsa
TRACE::2026-09-14.21:56:52::SCWPlatform::DSA absoulate path C:/ECE520/Vivado/Lab2/axi_gpio_ab/axi_gpio_vitis_T1/axi_gpio_platform_T1/hw/axi_gpio_ab_wrapper_T1.xsa
TRACE::2026-09-14.21:56:52::SCWPlatform::DSA directory C:/ECE520/Vivado/Lab2/axi_gpio_ab/axi_gpio_vitis_T1/axi_gpio_platform_T1/hw
TRACE::2026-09-14.21:56:52::SCWPlatform:: Platform Path C:/ECE520/Vivado/Lab2/axi_gpio_ab/axi_gpio_vitis_T1/axi_gpio_platform_T1/hw/axi_gpio_ab_wrapper_T1.xsa
TRACE::2026-09-14.21:56:52::SCWPlatform:: Unique name xilinx:zybo-z7-10::0.0
TRACE::2026-09-14.21:56:52::SCWPlatform::Trying to set the existing hwdb with name axi_gpio_ab_wrapper
TRACE::2026-09-14.21:56:52::SCWPlatform::Opened existing hwdb axi_gpio_ab_wrapper
TRACE::2026-09-14.21:56:52::SCWPlatform::Found the Hw Db part of the input DSA
TRACE::2026-09-14.21:56:52::SCWMssOS::Checking the sw design at  C:/ECE520/Vivado/Lab2/axi_gpio_ab/axi_gpio_vitis_T1/axi_gpio_platform_T1/zynq_fsbl/zynq_fsbl_bsp/system.mss
TRACE::2026-09-14.21:56:52::SCWMssOS::DEBUG:  swdes dump  C:/ECE520/Vivado/Lab2/axi_gpio_ab/axi_gpio_vitis_T1/axi_gpio_platform_T1/zynq_fsbl/zynq_fsbl_bsp/system.mss|system||

TRACE::2026-09-14.21:56:52::SCWMssOS::Sw design exists and opened at  C:/ECE520/Vivado/Lab2/axi_gpio_ab/axi_gpio_vitis_T1/axi_gpio_platform_T1/zynq_fsbl/zynq_fsbl_bsp/system.mss
TRACE::2026-09-14.21:56:52::SCWReader::No isolation master present  
TRACE::2026-09-14.21:56:52::SCWDomain::checking for install qemu data   : 
TRACE::2026-09-14.21:56:52::SCWDomain:: Using the QEMU Data from install at  : C:/Xilinx/Vitis/2023.1/data/emulation/platforms/zynq/sw/a9_standalone/qemu/
TRACE::2026-09-14.21:56:52::SCWDomain:: Using the QEMU args  from install at  : C:/Xilinx/Vitis/2023.1/data/emulation/platforms/zynq/sw/a9_standalone/qemu/qemu_args.txt
TRACE::2026-09-14.21:56:52::SCWPlatform::Trying to open the hw design at C:/ECE520/Vivado/Lab2/axi_gpio_ab/axi_gpio_vitis_T1/axi_gpio_platform_T1/hw/axi_gpio_ab_wrapper_T1.xsa
TRACE::2026-09-14.21:56:52::SCWPlatform::DSA given C:/ECE520/Vivado/Lab2/axi_gpio_ab/axi_gpio_vitis_T1/axi_gpio_platform_T1/hw/axi_gpio_ab_wrapper_T1.xsa
TRACE::2026-09-14.21:56:52::SCWPlatform::DSA absoulate path C:/ECE520/Vivado/Lab2/axi_gpio_ab/axi_gpio_vitis_T1/axi_gpio_platform_T1/hw/axi_gpio_ab_wrapper_T1.xsa
TRACE::2026-09-14.21:56:52::SCWPlatform::DSA directory C:/ECE520/Vivado/Lab2/axi_gpio_ab/axi_gpio_vitis_T1/axi_gpio_platform_T1/hw
TRACE::2026-09-14.21:56:52::SCWPlatform:: Platform Path C:/ECE520/Vivado/Lab2/axi_gpio_ab/axi_gpio_vitis_T1/axi_gpio_platform_T1/hw/axi_gpio_ab_wrapper_T1.xsa
TRACE::2026-09-14.21:56:52::SCWPlatform:: Unique name xilinx:zybo-z7-10::0.0
TRACE::2026-09-14.21:56:52::SCWPlatform::Trying to set the existing hwdb with name axi_gpio_ab_wrapper
TRACE::2026-09-14.21:56:52::SCWPlatform::Opened existing hwdb axi_gpio_ab_wrapper
TRACE::2026-09-14.21:56:52::SCWPlatform::Found the Hw Db part of the input DSA
TRACE::2026-09-14.21:56:52::SCWPlatform::Trying to open the hw design at C:/ECE520/Vivado/Lab2/axi_gpio_ab/axi_gpio_vitis_T1/axi_gpio_platform_T1/hw/axi_gpio_ab_wrapper_T1.xsa
TRACE::2026-09-14.21:56:52::SCWPlatform::DSA given C:/ECE520/Vivado/Lab2/axi_gpio_ab/axi_gpio_vitis_T1/axi_gpio_platform_T1/hw/axi_gpio_ab_wrapper_T1.xsa
TRACE::2026-09-14.21:56:52::SCWPlatform::DSA absoulate path C:/ECE520/Vivado/Lab2/axi_gpio_ab/axi_gpio_vitis_T1/axi_gpio_platform_T1/hw/axi_gpio_ab_wrapper_T1.xsa
TRACE::2026-09-14.21:56:52::SCWPlatform::DSA directory C:/ECE520/Vivado/Lab2/axi_gpio_ab/axi_gpio_vitis_T1/axi_gpio_platform_T1/hw
TRACE::2026-09-14.21:56:52::SCWPlatform:: Platform Path C:/ECE520/Vivado/Lab2/axi_gpio_ab/axi_gpio_vitis_T1/axi_gpio_platform_T1/hw/axi_gpio_ab_wrapper_T1.xsa
TRACE::2026-09-14.21:56:52::SCWPlatform:: Unique name xilinx:zybo-z7-10::0.0
TRACE::2026-09-14.21:56:52::SCWPlatform::Trying to set the existing hwdb with name axi_gpio_ab_wrapper
TRACE::2026-09-14.21:56:52::SCWPlatform::Opened existing hwdb axi_gpio_ab_wrapper
TRACE::2026-09-14.21:56:52::SCWPlatform::Found the Hw Db part of the input DSA
TRACE::2026-09-14.21:56:52::SCWPlatform::Trying to open the hw design at C:/ECE520/Vivado/Lab2/axi_gpio_ab/axi_gpio_vitis_T1/axi_gpio_platform_T1/hw/axi_gpio_ab_wrapper_T1.xsa
TRACE::2026-09-14.21:56:52::SCWPlatform::DSA given C:/ECE520/Vivado/Lab2/axi_gpio_ab/axi_gpio_vitis_T1/axi_gpio_platform_T1/hw/axi_gpio_ab_wrapper_T1.xsa
TRACE::2026-09-14.21:56:52::SCWPlatform::DSA absoulate path C:/ECE520/Vivado/Lab2/axi_gpio_ab/axi_gpio_vitis_T1/axi_gpio_platform_T1/hw/axi_gpio_ab_wrapper_T1.xsa
TRACE::2026-09-14.21:56:52::SCWPlatform::DSA directory C:/ECE520/Vivado/Lab2/axi_gpio_ab/axi_gpio_vitis_T1/axi_gpio_platform_T1/hw
TRACE::2026-09-14.21:56:52::SCWPlatform:: Platform Path C:/ECE520/Vivado/Lab2/axi_gpio_ab/axi_gpio_vitis_T1/axi_gpio_platform_T1/hw/axi_gpio_ab_wrapper_T1.xsa
TRACE::2026-09-14.21:56:52::SCWPlatform:: Unique name xilinx:zybo-z7-10::0.0
TRACE::2026-09-14.21:56:52::SCWPlatform::Trying to set the existing hwdb with name axi_gpio_ab_wrapper
TRACE::2026-09-14.21:56:52::SCWPlatform::Opened existing hwdb axi_gpio_ab_wrapper
TRACE::2026-09-14.21:56:52::SCWPlatform::Found the Hw Db part of the input DSA
TRACE::2026-09-14.21:56:52::SCWMssOS::Checking the sw design at  C:/ECE520/Vivado/Lab2/axi_gpio_ab/axi_gpio_vitis_T1/axi_gpio_platform_T1/ps7_cortexa9_0/standalone_domain/bsp/system.mss
TRACE::2026-09-14.21:56:52::SCWMssOS::DEBUG:  swdes dump  C:/ECE520/Vivado/Lab2/axi_gpio_ab/axi_gpio_vitis_T1/axi_gpio_platform_T1/zynq_fsbl/zynq_fsbl_bsp/system.mss|system||

TRACE::2026-09-14.21:56:52::SCWMssOS::No sw design opened at  C:/ECE520/Vivado/Lab2/axi_gpio_ab/axi_gpio_vitis_T1/axi_gpio_platform_T1/ps7_cortexa9_0/standalone_domain/bsp/system.mss
TRACE::2026-09-14.21:56:52::SCWMssOS::mss exists loading the mss file  C:/ECE520/Vivado/Lab2/axi_gpio_ab/axi_gpio_vitis_T1/axi_gpio_platform_T1/ps7_cortexa9_0/standalone_domain/bsp/system.mss
TRACE::2026-09-14.21:56:52::SCWMssOS::Opened the sw design from mss  C:/ECE520/Vivado/Lab2/axi_gpio_ab/axi_gpio_vitis_T1/axi_gpio_platform_T1/ps7_cortexa9_0/standalone_domain/bsp/system.mss
TRACE::2026-09-14.21:56:52::SCWMssOS::Adding the swdes entry C:/ECE520/Vivado/Lab2/axi_gpio_ab/axi_gpio_vitis_T1/axi_gpio_platform_T1/ps7_cortexa9_0/standalone_domain/bsp/system.mss with des name system_0
TRACE::2026-09-14.21:56:52::SCWMssOS::updating the scw layer about changes
TRACE::2026-09-14.21:56:52::SCWMssOS::Opened the sw design.  C:/ECE520/Vivado/Lab2/axi_gpio_ab/axi_gpio_vitis_T1/axi_gpio_platform_T1/ps7_cortexa9_0/standalone_domain/bsp/system.mss
TRACE::2026-09-14.21:56:52::SCWMssOS::Saving the mss changes C:/ECE520/Vivado/Lab2/axi_gpio_ab/axi_gpio_vitis_T1/axi_gpio_platform_T1/ps7_cortexa9_0/standalone_domain/bsp/system.mss
TRACE::2026-09-14.21:56:52::SCWMssOS::Found a swdesign opened with the mssfile.
TRACE::2026-09-14.21:56:52::SCWMssOS::Completed writemss as part of save.
TRACE::2026-09-14.21:56:52::SCWMssOS::Commit changes completed.
TRACE::2026-09-14.21:56:52::SCWReader::Adding prebuilt librarypaths as   
TRACE::2026-09-14.21:56:52::SCWReader::Adding prebuilt incpaths  as   
TRACE::2026-09-14.21:56:52::SCWPlatform::Trying to open the hw design at C:/ECE520/Vivado/Lab2/axi_gpio_ab/axi_gpio_vitis_T1/axi_gpio_platform_T1/hw/axi_gpio_ab_wrapper_T1.xsa
TRACE::2026-09-14.21:56:52::SCWPlatform::DSA given C:/ECE520/Vivado/Lab2/axi_gpio_ab/axi_gpio_vitis_T1/axi_gpio_platform_T1/hw/axi_gpio_ab_wrapper_T1.xsa
TRACE::2026-09-14.21:56:52::SCWPlatform::DSA absoulate path C:/ECE520/Vivado/Lab2/axi_gpio_ab/axi_gpio_vitis_T1/axi_gpio_platform_T1/hw/axi_gpio_ab_wrapper_T1.xsa
TRACE::2026-09-14.21:56:52::SCWPlatform::DSA directory C:/ECE520/Vivado/Lab2/axi_gpio_ab/axi_gpio_vitis_T1/axi_gpio_platform_T1/hw
TRACE::2026-09-14.21:56:52::SCWPlatform:: Platform Path C:/ECE520/Vivado/Lab2/axi_gpio_ab/axi_gpio_vitis_T1/axi_gpio_platform_T1/hw/axi_gpio_ab_wrapper_T1.xsa
TRACE::2026-09-14.21:56:52::SCWPlatform:: Unique name xilinx:zybo-z7-10::0.0
TRACE::2026-09-14.21:56:52::SCWPlatform::Trying to set the existing hwdb with name axi_gpio_ab_wrapper
TRACE::2026-09-14.21:56:52::SCWPlatform::Opened existing hwdb axi_gpio_ab_wrapper
TRACE::2026-09-14.21:56:52::SCWPlatform::Found the Hw Db part of the input DSA
TRACE::2026-09-14.21:56:52::SCWMssOS::Checking the sw design at  C:/ECE520/Vivado/Lab2/axi_gpio_ab/axi_gpio_vitis_T1/axi_gpio_platform_T1/ps7_cortexa9_0/standalone_domain/bsp/system.mss
TRACE::2026-09-14.21:56:52::SCWMssOS::DEBUG:  swdes dump  C:/ECE520/Vivado/Lab2/axi_gpio_ab/axi_gpio_vitis_T1/axi_gpio_platform_T1/ps7_cortexa9_0/standalone_domain/bsp/system.mss|system_0||
C:/ECE520/Vivado/Lab2/axi_gpio_ab/axi_gpio_vitis_T1/axi_gpio_platform_T1/zynq_fsbl/zynq_fsbl_bsp/system.mss|system||

TRACE::2026-09-14.21:56:52::SCWMssOS::Sw design exists and opened at  C:/ECE520/Vivado/Lab2/axi_gpio_ab/axi_gpio_vitis_T1/axi_gpio_platform_T1/ps7_cortexa9_0/standalone_domain/bsp/system.mss
TRACE::2026-09-14.21:56:52::SCWReader::No isolation master present  
LOG::2026-09-14.21:56:52::SCWPlatform::Started generating the artifacts platform axi_gpio_platform_T1
TRACE::2026-09-14.21:56:52::SCWPlatform::Sanity checking of platform is completed
LOG::2026-09-14.21:56:52::SCWPlatform::Started generating the artifacts for system configuration axi_gpio_platform_T1
LOG::2026-09-14.21:56:52::SCWSystem::Checking the domain zynq_fsbl
LOG::2026-09-14.21:56:52::SCWSystem::Doing application build for :  zynq_fsbl
TRACE::2026-09-14.21:56:52::SCWBDomain::Not a forced makefile updation, No changes are present. 
TRACE::2026-09-14.21:56:52::SCWDomain::Building the domain as part of full build :  zynq_fsbl
TRACE::2026-09-14.21:56:52::SCWPlatform::Trying to open the hw design at C:/ECE520/Vivado/Lab2/axi_gpio_ab/axi_gpio_vitis_T1/axi_gpio_platform_T1/hw/axi_gpio_ab_wrapper_T1.xsa
TRACE::2026-09-14.21:56:52::SCWPlatform::DSA given C:/ECE520/Vivado/Lab2/axi_gpio_ab/axi_gpio_vitis_T1/axi_gpio_platform_T1/hw/axi_gpio_ab_wrapper_T1.xsa
TRACE::2026-09-14.21:56:52::SCWPlatform::DSA absoulate path C:/ECE520/Vivado/Lab2/axi_gpio_ab/axi_gpio_vitis_T1/axi_gpio_platform_T1/hw/axi_gpio_ab_wrapper_T1.xsa
TRACE::2026-09-14.21:56:52::SCWPlatform::DSA directory C:/ECE520/Vivado/Lab2/axi_gpio_ab/axi_gpio_vitis_T1/axi_gpio_platform_T1/hw
TRACE::2026-09-14.21:56:52::SCWPlatform:: Platform Path C:/ECE520/Vivado/Lab2/axi_gpio_ab/axi_gpio_vitis_T1/axi_gpio_platform_T1/hw/axi_gpio_ab_wrapper_T1.xsa
TRACE::2026-09-14.21:56:52::SCWPlatform:: Unique name xilinx:zybo-z7-10::0.0
TRACE::2026-09-14.21:56:52::SCWPlatform::Trying to set the existing hwdb with name axi_gpio_ab_wrapper
TRACE::2026-09-14.21:56:52::SCWPlatform::Opened existing hwdb axi_gpio_ab_wrapper
TRACE::2026-09-14.21:56:52::SCWPlatform::Found the Hw Db part of the input DSA
TRACE::2026-09-14.21:56:52::SCWMssOS::Checking the sw design at  C:/ECE520/Vivado/Lab2/axi_gpio_ab/axi_gpio_vitis_T1/axi_gpio_platform_T1/zynq_fsbl/zynq_fsbl_bsp/system.mss
TRACE::2026-09-14.21:56:52::SCWMssOS::DEBUG:  swdes dump  C:/ECE520/Vivado/Lab2/axi_gpio_ab/axi_gpio_vitis_T1/axi_gpio_platform_T1/ps7_cortexa9_0/standalone_domain/bsp/system.mss|system_0||
C:/ECE520/Vivado/Lab2/axi_gpio_ab/axi_gpio_vitis_T1/axi_gpio_platform_T1/zynq_fsbl/zynq_fsbl_bsp/system.mss|system||

TRACE::2026-09-14.21:56:52::SCWMssOS::Sw design exists and opened at  C:/ECE520/Vivado/Lab2/axi_gpio_ab/axi_gpio_vitis_T1/axi_gpio_platform_T1/zynq_fsbl/zynq_fsbl_bsp/system.mss
TRACE::2026-09-14.21:56:52::SCWBDomain::Completed writing the mss file at C:/ECE520/Vivado/Lab2/axi_gpio_ab/axi_gpio_vitis_T1/axi_gpio_platform_T1/zynq_fsbl/zynq_fsbl_bsp
TRACE::2026-09-14.21:56:52::SCWBDomain::bsp generated is upto date with the mss file. Skipping bsp generation.
TRACE::2026-09-14.21:56:52::SCWBDomain::Not a forced makefile updation, No changes are present. 
TRACE::2026-09-14.21:56:52::SCWBDomain::System Command Ran  C:&  cd  C:/ECE520/Vivado/Lab2/axi_gpio_ab/axi_gpio_vitis_T1/axi_gpio_platform_T1/zynq_fsbl& make -C  zynq_fsbl_bsp & make 
TRACE::2026-09-14.21:56:52::SCWBDomain::make: Entering directory 'C:/ECE520/Vivado/Lab2/axi_gpio_ab/axi_gpio_vitis_T1/axi_gpio_platform_T1/zynq_fsbl/zynq_fsbl_bsp'

TRACE::2026-09-14.21:56:52::SCWBDomain::make --no-print-directory seq_libs

TRACE::2026-09-14.21:56:52::SCWBDomain::"Running Make include in ps7_cortexa9_0/libsrc/coresightps_dcc_v1_8/src"

TRACE::2026-09-14.21:56:52::SCWBDomain::make -C ps7_cortexa9_0/libsrc/coresightps_dcc_v1_8/src -s include  "SHELL=CMD" "COMPILER=arm-none-eabi-gcc" "ASSEMBLER=arm-none
TRACE::2026-09-14.21:56:52::SCWBDomain::-eabi-as" "ARCHIVER=arm-none-eabi-ar" "COMPILER_FLAGS=  -O2 -c" "EXTRA_COMPILER_FLAGS=-mcpu=cortex-a9 -mfpu=vfpv3 -mfloat-abi=h
TRACE::2026-09-14.21:56:52::SCWBDomain::ard -nostartfiles -g -Wall -Wextra -fno-tree-loop-distribute-patterns"

TRACE::2026-09-14.21:56:52::SCWBDomain::"Running Make include in ps7_cortexa9_0/libsrc/cpu_cortexa9_v2_11/src"

TRACE::2026-09-14.21:56:52::SCWBDomain::make -C ps7_cortexa9_0/libsrc/cpu_cortexa9_v2_11/src -s include  "SHELL=CMD" "COMPILER=arm-none-eabi-gcc" "ASSEMBLER=arm-none-e
TRACE::2026-09-14.21:56:52::SCWBDomain::abi-as" "ARCHIVER=arm-none-eabi-ar" "COMPILER_FLAGS=  -O2 -c" "EXTRA_COMPILER_FLAGS=-mcpu=cortex-a9 -mfpu=vfpv3 -mfloat-abi=har
TRACE::2026-09-14.21:56:52::SCWBDomain::d -nostartfiles -g -Wall -Wextra -fno-tree-loop-distribute-patterns"

TRACE::2026-09-14.21:56:52::SCWBDomain::"Running Make include in ps7_cortexa9_0/libsrc/ddrps_v1_2/src"

TRACE::2026-09-14.21:56:52::SCWBDomain::make -C ps7_cortexa9_0/libsrc/ddrps_v1_2/src -s include  "SHELL=CMD" "COMPILER=arm-none-eabi-gcc" "ASSEMBLER=arm-none-eabi-as" 
TRACE::2026-09-14.21:56:52::SCWBDomain::"ARCHIVER=arm-none-eabi-ar" "COMPILER_FLAGS=  -O2 -c" "EXTRA_COMPILER_FLAGS=-mcpu=cortex-a9 -mfpu=vfpv3 -mfloat-abi=hard -nosta
TRACE::2026-09-14.21:56:52::SCWBDomain::rtfiles -g -Wall -Wextra -fno-tree-loop-distribute-patterns"

TRACE::2026-09-14.21:56:52::SCWBDomain::"Running Make include in ps7_cortexa9_0/libsrc/devcfg_v3_7/src"

TRACE::2026-09-14.21:56:52::SCWBDomain::make -C ps7_cortexa9_0/libsrc/devcfg_v3_7/src -s include  "SHELL=CMD" "COMPILER=arm-none-eabi-gcc" "ASSEMBLER=arm-none-eabi-as"
TRACE::2026-09-14.21:56:52::SCWBDomain:: "ARCHIVER=arm-none-eabi-ar" "COMPILER_FLAGS=  -O2 -c" "EXTRA_COMPILER_FLAGS=-mcpu=cortex-a9 -mfpu=vfpv3 -mfloat-abi=hard -nost
TRACE::2026-09-14.21:56:52::SCWBDomain::artfiles -g -Wall -Wextra -fno-tree-loop-distribute-patterns"

TRACE::2026-09-14.21:56:52::SCWBDomain::"Running Make include in ps7_cortexa9_0/libsrc/dmaps_v2_8/src"

TRACE::2026-09-14.21:56:52::SCWBDomain::make -C ps7_cortexa9_0/libsrc/dmaps_v2_8/src -s include  "SHELL=CMD" "COMPILER=arm-none-eabi-gcc" "ASSEMBLER=arm-none-eabi-as" 
TRACE::2026-09-14.21:56:52::SCWBDomain::"ARCHIVER=arm-none-eabi-ar" "COMPILER_FLAGS=  -O2 -c" "EXTRA_COMPILER_FLAGS=-mcpu=cortex-a9 -mfpu=vfpv3 -mfloat-abi=hard -nosta
TRACE::2026-09-14.21:56:52::SCWBDomain::rtfiles -g -Wall -Wextra -fno-tree-loop-distribute-patterns"

TRACE::2026-09-14.21:56:53::SCWBDomain::"Running Make include in ps7_cortexa9_0/libsrc/emacps_v3_18/src"

TRACE::2026-09-14.21:56:53::SCWBDomain::make -C ps7_cortexa9_0/libsrc/emacps_v3_18/src -s include  "SHELL=CMD" "COMPILER=arm-none-eabi-gcc" "ASSEMBLER=arm-none-eabi-as
TRACE::2026-09-14.21:56:53::SCWBDomain::" "ARCHIVER=arm-none-eabi-ar" "COMPILER_FLAGS=  -O2 -c" "EXTRA_COMPILER_FLAGS=-mcpu=cortex-a9 -mfpu=vfpv3 -mfloat-abi=hard -nos
TRACE::2026-09-14.21:56:53::SCWBDomain::tartfiles -g -Wall -Wextra -fno-tree-loop-distribute-patterns"

TRACE::2026-09-14.21:56:53::SCWBDomain::"Running Make include in ps7_cortexa9_0/libsrc/gpiops_v3_11/src"

TRACE::2026-09-14.21:56:53::SCWBDomain::make -C ps7_cortexa9_0/libsrc/gpiops_v3_11/src -s include  "SHELL=CMD" "COMPILER=arm-none-eabi-gcc" "ASSEMBLER=arm-none-eabi-as
TRACE::2026-09-14.21:56:53::SCWBDomain::" "ARCHIVER=arm-none-eabi-ar" "COMPILER_FLAGS=  -O2 -c" "EXTRA_COMPILER_FLAGS=-mcpu=cortex-a9 -mfpu=vfpv3 -mfloat-abi=hard -nos
TRACE::2026-09-14.21:56:53::SCWBDomain::tartfiles -g -Wall -Wextra -fno-tree-loop-distribute-patterns"

TRACE::2026-09-14.21:56:53::SCWBDomain::"Running Make include in ps7_cortexa9_0/libsrc/gpio_v4_9/src"

TRACE::2026-09-14.21:56:53::SCWBDomain::make -C ps7_cortexa9_0/libsrc/gpio_v4_9/src -s include  "SHELL=CMD" "COMPILER=arm-none-eabi-gcc" "ASSEMBLER=arm-none-eabi-as" "
TRACE::2026-09-14.21:56:53::SCWBDomain::ARCHIVER=arm-none-eabi-ar" "COMPILER_FLAGS=  -O2 -c" "EXTRA_COMPILER_FLAGS=-mcpu=cortex-a9 -mfpu=vfpv3 -mfloat-abi=hard -nostar
TRACE::2026-09-14.21:56:53::SCWBDomain::tfiles -g -Wall -Wextra -fno-tree-loop-distribute-patterns"

TRACE::2026-09-14.21:56:53::SCWBDomain::"Running Make include in ps7_cortexa9_0/libsrc/qspips_v3_10/src"

TRACE::2026-09-14.21:56:53::SCWBDomain::make -C ps7_cortexa9_0/libsrc/qspips_v3_10/src -s include  "SHELL=CMD" "COMPILER=arm-none-eabi-gcc" "ASSEMBLER=arm-none-eabi-as
TRACE::2026-09-14.21:56:53::SCWBDomain::" "ARCHIVER=arm-none-eabi-ar" "COMPILER_FLAGS=  -O2 -c" "EXTRA_COMPILER_FLAGS=-mcpu=cortex-a9 -mfpu=vfpv3 -mfloat-abi=hard -nos
TRACE::2026-09-14.21:56:53::SCWBDomain::tartfiles -g -Wall -Wextra -fno-tree-loop-distribute-patterns"

TRACE::2026-09-14.21:56:53::SCWBDomain::"Running Make include in ps7_cortexa9_0/libsrc/scugic_v5_1/src"

TRACE::2026-09-14.21:56:53::SCWBDomain::make -C ps7_cortexa9_0/libsrc/scugic_v5_1/src -s include  "SHELL=CMD" "COMPILER=arm-none-eabi-gcc" "ASSEMBLER=arm-none-eabi-as"
TRACE::2026-09-14.21:56:53::SCWBDomain:: "ARCHIVER=arm-none-eabi-ar" "COMPILER_FLAGS=  -O2 -c" "EXTRA_COMPILER_FLAGS=-mcpu=cortex-a9 -mfpu=vfpv3 -mfloat-abi=hard -nost
TRACE::2026-09-14.21:56:53::SCWBDomain::artfiles -g -Wall -Wextra -fno-tree-loop-distribute-patterns"

TRACE::2026-09-14.21:56:53::SCWBDomain::"Running Make include in ps7_cortexa9_0/libsrc/scutimer_v2_4/src"

TRACE::2026-09-14.21:56:53::SCWBDomain::make -C ps7_cortexa9_0/libsrc/scutimer_v2_4/src -s include  "SHELL=CMD" "COMPILER=arm-none-eabi-gcc" "ASSEMBLER=arm-none-eabi-a
TRACE::2026-09-14.21:56:53::SCWBDomain::s" "ARCHIVER=arm-none-eabi-ar" "COMPILER_FLAGS=  -O2 -c" "EXTRA_COMPILER_FLAGS=-mcpu=cortex-a9 -mfpu=vfpv3 -mfloat-abi=hard -no
TRACE::2026-09-14.21:56:53::SCWBDomain::startfiles -g -Wall -Wextra -fno-tree-loop-distribute-patterns"

TRACE::2026-09-14.21:56:53::SCWBDomain::"Running Make include in ps7_cortexa9_0/libsrc/scuwdt_v2_4/src"

TRACE::2026-09-14.21:56:54::SCWBDomain::make -C ps7_cortexa9_0/libsrc/scuwdt_v2_4/src -s include  "SHELL=CMD" "COMPILER=arm-none-eabi-gcc" "ASSEMBLER=arm-none-eabi-as"
TRACE::2026-09-14.21:56:54::SCWBDomain:: "ARCHIVER=arm-none-eabi-ar" "COMPILER_FLAGS=  -O2 -c" "EXTRA_COMPILER_FLAGS=-mcpu=cortex-a9 -mfpu=vfpv3 -mfloat-abi=hard -nost
TRACE::2026-09-14.21:56:54::SCWBDomain::artfiles -g -Wall -Wextra -fno-tree-loop-distribute-patterns"

TRACE::2026-09-14.21:56:54::SCWBDomain::"Running Make include in ps7_cortexa9_0/libsrc/sdps_v4_1/src"

TRACE::2026-09-14.21:56:54::SCWBDomain::make -C ps7_cortexa9_0/libsrc/sdps_v4_1/src -s include  "SHELL=CMD" "COMPILER=arm-none-eabi-gcc" "ASSEMBLER=arm-none-eabi-as" "
TRACE::2026-09-14.21:56:54::SCWBDomain::ARCHIVER=arm-none-eabi-ar" "COMPILER_FLAGS=  -O2 -c" "EXTRA_COMPILER_FLAGS=-mcpu=cortex-a9 -mfpu=vfpv3 -mfloat-abi=hard -nostar
TRACE::2026-09-14.21:56:54::SCWBDomain::tfiles -g -Wall -Wextra -fno-tree-loop-distribute-patterns"

TRACE::2026-09-14.21:56:54::SCWBDomain::"Running Make include in ps7_cortexa9_0/libsrc/standalone_v8_1/src"

TRACE::2026-09-14.21:56:54::SCWBDomain::make -C ps7_cortexa9_0/libsrc/standalone_v8_1/src -s include  "SHELL=CMD" "COMPILER=arm-none-eabi-gcc" "ASSEMBLER=arm-none-eabi
TRACE::2026-09-14.21:56:54::SCWBDomain::-as" "ARCHIVER=arm-none-eabi-ar" "COMPILER_FLAGS=  -O2 -c" "EXTRA_COMPILER_FLAGS=-mcpu=cortex-a9 -mfpu=vfpv3 -mfloat-abi=hard -
TRACE::2026-09-14.21:56:54::SCWBDomain::nostartfiles -g -Wall -Wextra -fno-tree-loop-distribute-patterns"

TRACE::2026-09-14.21:56:55::SCWBDomain::"Running Make include in ps7_cortexa9_0/libsrc/uartps_v3_12/src"

TRACE::2026-09-14.21:56:55::SCWBDomain::make -C ps7_cortexa9_0/libsrc/uartps_v3_12/src -s include  "SHELL=CMD" "COMPILER=arm-none-eabi-gcc" "ASSEMBLER=arm-none-eabi-as
TRACE::2026-09-14.21:56:55::SCWBDomain::" "ARCHIVER=arm-none-eabi-ar" "COMPILER_FLAGS=  -O2 -c" "EXTRA_COMPILER_FLAGS=-mcpu=cortex-a9 -mfpu=vfpv3 -mfloat-abi=hard -nos
TRACE::2026-09-14.21:56:55::SCWBDomain::tartfiles -g -Wall -Wextra -fno-tree-loop-distribute-patterns"

TRACE::2026-09-14.21:56:55::SCWBDomain::"Running Make include in ps7_cortexa9_0/libsrc/usbps_v2_7/src"

TRACE::2026-09-14.21:56:55::SCWBDomain::make -C ps7_cortexa9_0/libsrc/usbps_v2_7/src -s include  "SHELL=CMD" "COMPILER=arm-none-eabi-gcc" "ASSEMBLER=arm-none-eabi-as" 
TRACE::2026-09-14.21:56:55::SCWBDomain::"ARCHIVER=arm-none-eabi-ar" "COMPILER_FLAGS=  -O2 -c" "EXTRA_COMPILER_FLAGS=-mcpu=cortex-a9 -mfpu=vfpv3 -mfloat-abi=hard -nosta
TRACE::2026-09-14.21:56:55::SCWBDomain::rtfiles -g -Wall -Wextra -fno-tree-loop-distribute-patterns"

TRACE::2026-09-14.21:56:55::SCWBDomain::"Running Make include in ps7_cortexa9_0/libsrc/xadcps_v2_6/src"

TRACE::2026-09-14.21:56:55::SCWBDomain::make -C ps7_cortexa9_0/libsrc/xadcps_v2_6/src -s include  "SHELL=CMD" "COMPILER=arm-none-eabi-gcc" "ASSEMBLER=arm-none-eabi-as"
TRACE::2026-09-14.21:56:55::SCWBDomain:: "ARCHIVER=arm-none-eabi-ar" "COMPILER_FLAGS=  -O2 -c" "EXTRA_COMPILER_FLAGS=-mcpu=cortex-a9 -mfpu=vfpv3 -mfloat-abi=hard -nost
TRACE::2026-09-14.21:56:55::SCWBDomain::artfiles -g -Wall -Wextra -fno-tree-loop-distribute-patterns"

TRACE::2026-09-14.21:56:55::SCWBDomain::"Running Make include in ps7_cortexa9_0/libsrc/xilffs_v5_0/src"

TRACE::2026-09-14.21:56:55::SCWBDomain::make -C ps7_cortexa9_0/libsrc/xilffs_v5_0/src -s include  "SHELL=CMD" "COMPILER=arm-none-eabi-gcc" "ASSEMBLER=arm-none-eabi-as"
TRACE::2026-09-14.21:56:55::SCWBDomain:: "ARCHIVER=arm-none-eabi-ar" "COMPILER_FLAGS=  -O2 -c" "EXTRA_COMPILER_FLAGS=-mcpu=cortex-a9 -mfpu=vfpv3 -mfloat-abi=hard -nost
TRACE::2026-09-14.21:56:55::SCWBDomain::artfiles -g -Wall -Wextra -fno-tree-loop-distribute-patterns"

TRACE::2026-09-14.21:56:55::SCWBDomain::"Running Make include in ps7_cortexa9_0/libsrc/xilrsa_v1_6/src"

TRACE::2026-09-14.21:56:55::SCWBDomain::make -C ps7_cortexa9_0/libsrc/xilrsa_v1_6/src -s include  "SHELL=CMD" "COMPILER=arm-none-eabi-gcc" "ASSEMBLER=arm-none-eabi-as"
TRACE::2026-09-14.21:56:55::SCWBDomain:: "ARCHIVER=arm-none-eabi-ar" "COMPILER_FLAGS=  -O2 -c" "EXTRA_COMPILER_FLAGS=-mcpu=cortex-a9 -mfpu=vfpv3 -mfloat-abi=hard -nost
TRACE::2026-09-14.21:56:55::SCWBDomain::artfiles -g -Wall -Wextra -fno-tree-loop-distribute-patterns"

TRACE::2026-09-14.21:56:55::SCWBDomain::"Running Make libs in ps7_cortexa9_0/libsrc/xilrsa_v1_6/src"

TRACE::2026-09-14.21:56:55::SCWBDomain::make -C ps7_cortexa9_0/libsrc/xilrsa_v1_6/src -s libs  "SHELL=CMD" "COMPILER=arm-none-eabi-gcc" "ASSEMBLER=arm-none-eabi-as" "A
TRACE::2026-09-14.21:56:55::SCWBDomain::RCHIVER=arm-none-eabi-ar" "COMPILER_FLAGS=  -O2 -c" "EXTRA_COMPILER_FLAGS=-mcpu=cortex-a9 -mfpu=vfpv3 -mfloat-abi=hard -nostart
TRACE::2026-09-14.21:56:55::SCWBDomain::files -g -Wall -Wextra -fno-tree-loop-distribute-patterns"

TRACE::2026-09-14.21:56:55::SCWBDomain::'Finished building libraries sequentially.'

TRACE::2026-09-14.21:56:55::SCWBDomain::make -j 14 --no-print-directory par_libs

TRACE::2026-09-14.21:56:55::SCWBDomain::"Running Make include in ps7_cortexa9_0/libsrc/coresightps_dcc_v1_8/src"

TRACE::2026-09-14.21:56:55::SCWBDomain::make -C ps7_cortexa9_0/libsrc/coresightps_dcc_v1_8/src -s include  "SHELL=CMD" "COMPILER=arm-none-eabi-gcc" "ASSEMBLER=arm-none
TRACE::2026-09-14.21:56:55::SCWBDomain::-eabi-as" "ARCHIVER=arm-none-eabi-ar" "COMPILER_FLAGS=  -O2 -c" "EXTRA_COMPILER_FLAGS=-mcpu=cortex-a9 -mfpu=vfpv3 -mfloat-abi=h
TRACE::2026-09-14.21:56:55::SCWBDomain::ard -nostartfiles -g -Wall -Wextra -fno-tree-loop-distribute-patterns"

TRACE::2026-09-14.21:56:55::SCWBDomain::"Running Make include in ps7_cortexa9_0/libsrc/cpu_cortexa9_v2_11/src"

TRACE::2026-09-14.21:56:55::SCWBDomain::make -C ps7_cortexa9_0/libsrc/cpu_cortexa9_v2_11/src -s include  "SHELL=CMD" "COMPILER=arm-none-eabi-gcc" "ASSEMBLER=arm-none-e
TRACE::2026-09-14.21:56:55::SCWBDomain::abi-as" "ARCHIVER=arm-none-eabi-ar" "COMPILER_FLAGS=  -O2 -c" "EXTRA_COMPILER_FLAGS=-mcpu=cortex-a9 -mfpu=vfpv3 -mfloat-abi=har
TRACE::2026-09-14.21:56:55::SCWBDomain::d -nostartfiles -g -Wall -Wextra -fno-tree-loop-distribute-patterns"

TRACE::2026-09-14.21:56:55::SCWBDomain::"Running Make include in ps7_cortexa9_0/libsrc/ddrps_v1_2/src"

TRACE::2026-09-14.21:56:55::SCWBDomain::make -C ps7_cortexa9_0/libsrc/ddrps_v1_2/src -s include  "SHELL=CMD" "COMPILER=arm-none-eabi-gcc" "ASSEMBLER=arm-none-eabi-as" 
TRACE::2026-09-14.21:56:55::SCWBDomain::"ARCHIVER=arm-none-eabi-ar" "COMPILER_FLAGS=  -O2 -c" "EXTRA_COMPILER_FLAGS=-mcpu=cortex-a9 -mfpu=vfpv3 -mfloat-abi=hard -nosta
TRACE::2026-09-14.21:56:55::SCWBDomain::rtfiles -g -Wall -Wextra -fno-tree-loop-distribute-patterns"

TRACE::2026-09-14.21:56:55::SCWBDomain::"Running Make include in ps7_cortexa9_0/libsrc/devcfg_v3_7/src"

TRACE::2026-09-14.21:56:56::SCWBDomain::make -C ps7_cortexa9_0/libsrc/devcfg_v3_7/src -s include  "SHELL=CMD" "COMPILER=arm-none-eabi-gcc" "ASSEMBLER=arm-none-eabi-as"
TRACE::2026-09-14.21:56:56::SCWBDomain:: "ARCHIVER=arm-none-eabi-ar" "COMPILER_FLAGS=  -O2 -c" "EXTRA_COMPILER_FLAGS=-mcpu=cortex-a9 -mfpu=vfpv3 -mfloat-abi=hard -nost
TRACE::2026-09-14.21:56:56::SCWBDomain::artfiles -g -Wall -Wextra -fno-tree-loop-distribute-patterns"

TRACE::2026-09-14.21:56:56::SCWBDomain::"Running Make include in ps7_cortexa9_0/libsrc/dmaps_v2_8/src"

TRACE::2026-09-14.21:56:56::SCWBDomain::make -C ps7_cortexa9_0/libsrc/dmaps_v2_8/src -s include  "SHELL=CMD" "COMPILER=arm-none-eabi-gcc" "ASSEMBLER=arm-none-eabi-as" 
TRACE::2026-09-14.21:56:56::SCWBDomain::"ARCHIVER=arm-none-eabi-ar" "COMPILER_FLAGS=  -O2 -c" "EXTRA_COMPILER_FLAGS=-mcpu=cortex-a9 -mfpu=vfpv3 -mfloat-abi=hard -nosta
TRACE::2026-09-14.21:56:56::SCWBDomain::rtfiles -g -Wall -Wextra -fno-tree-loop-distribute-patterns"

TRACE::2026-09-14.21:56:56::SCWBDomain::"Running Make include in ps7_cortexa9_0/libsrc/emacps_v3_18/src"

TRACE::2026-09-14.21:56:56::SCWBDomain::make -C ps7_cortexa9_0/libsrc/emacps_v3_18/src -s include  "SHELL=CMD" "COMPILER=arm-none-eabi-gcc" "ASSEMBLER=arm-none-eabi-as
TRACE::2026-09-14.21:56:56::SCWBDomain::" "ARCHIVER=arm-none-eabi-ar" "COMPILER_FLAGS=  -O2 -c" "EXTRA_COMPILER_FLAGS=-mcpu=cortex-a9 -mfpu=vfpv3 -mfloat-abi=hard -nos
TRACE::2026-09-14.21:56:56::SCWBDomain::tartfiles -g -Wall -Wextra -fno-tree-loop-distribute-patterns"

TRACE::2026-09-14.21:56:56::SCWBDomain::"Running Make include in ps7_cortexa9_0/libsrc/gpiops_v3_11/src"

TRACE::2026-09-14.21:56:56::SCWBDomain::make -C ps7_cortexa9_0/libsrc/gpiops_v3_11/src -s include  "SHELL=CMD" "COMPILER=arm-none-eabi-gcc" "ASSEMBLER=arm-none-eabi-as
TRACE::2026-09-14.21:56:56::SCWBDomain::" "ARCHIVER=arm-none-eabi-ar" "COMPILER_FLAGS=  -O2 -c" "EXTRA_COMPILER_FLAGS=-mcpu=cortex-a9 -mfpu=vfpv3 -mfloat-abi=hard -nos
TRACE::2026-09-14.21:56:56::SCWBDomain::tartfiles -g -Wall -Wextra -fno-tree-loop-distribute-patterns"

TRACE::2026-09-14.21:56:56::SCWBDomain::"Running Make include in ps7_cortexa9_0/libsrc/gpio_v4_9/src"

TRACE::2026-09-14.21:56:56::SCWBDomain::make -C ps7_cortexa9_0/libsrc/gpio_v4_9/src -s include  "SHELL=CMD" "COMPILER=arm-none-eabi-gcc" "ASSEMBLER=arm-none-eabi-as" "
TRACE::2026-09-14.21:56:56::SCWBDomain::ARCHIVER=arm-none-eabi-ar" "COMPILER_FLAGS=  -O2 -c" "EXTRA_COMPILER_FLAGS=-mcpu=cortex-a9 -mfpu=vfpv3 -mfloat-abi=hard -nostar
TRACE::2026-09-14.21:56:56::SCWBDomain::tfiles -g -Wall -Wextra -fno-tree-loop-distribute-patterns"

TRACE::2026-09-14.21:56:56::SCWBDomain::"Running Make include in ps7_cortexa9_0/libsrc/qspips_v3_10/src"

TRACE::2026-09-14.21:56:56::SCWBDomain::make -C ps7_cortexa9_0/libsrc/qspips_v3_10/src -s include  "SHELL=CMD" "COMPILER=arm-none-eabi-gcc" "ASSEMBLER=arm-none-eabi-as
TRACE::2026-09-14.21:56:56::SCWBDomain::" "ARCHIVER=arm-none-eabi-ar" "COMPILER_FLAGS=  -O2 -c" "EXTRA_COMPILER_FLAGS=-mcpu=cortex-a9 -mfpu=vfpv3 -mfloat-abi=hard -nos
TRACE::2026-09-14.21:56:56::SCWBDomain::tartfiles -g -Wall -Wextra -fno-tree-loop-distribute-patterns"

TRACE::2026-09-14.21:56:56::SCWBDomain::"Running Make include in ps7_cortexa9_0/libsrc/scugic_v5_1/src"

TRACE::2026-09-14.21:56:56::SCWBDomain::make -C ps7_cortexa9_0/libsrc/scugic_v5_1/src -s include  "SHELL=CMD" "COMPILER=arm-none-eabi-gcc" "ASSEMBLER=arm-none-eabi-as"
TRACE::2026-09-14.21:56:56::SCWBDomain:: "ARCHIVER=arm-none-eabi-ar" "COMPILER_FLAGS=  -O2 -c" "EXTRA_COMPILER_FLAGS=-mcpu=cortex-a9 -mfpu=vfpv3 -mfloat-abi=hard -nost
TRACE::2026-09-14.21:56:56::SCWBDomain::artfiles -g -Wall -Wextra -fno-tree-loop-distribute-patterns"

TRACE::2026-09-14.21:56:56::SCWBDomain::"Running Make include in ps7_cortexa9_0/libsrc/scutimer_v2_4/src"

TRACE::2026-09-14.21:56:56::SCWBDomain::make -C ps7_cortexa9_0/libsrc/scutimer_v2_4/src -s include  "SHELL=CMD" "COMPILER=arm-none-eabi-gcc" "ASSEMBLER=arm-none-eabi-a
TRACE::2026-09-14.21:56:56::SCWBDomain::s" "ARCHIVER=arm-none-eabi-ar" "COMPILER_FLAGS=  -O2 -c" "EXTRA_COMPILER_FLAGS=-mcpu=cortex-a9 -mfpu=vfpv3 -mfloat-abi=hard -no
TRACE::2026-09-14.21:56:56::SCWBDomain::startfiles -g -Wall -Wextra -fno-tree-loop-distribute-patterns"

TRACE::2026-09-14.21:56:56::SCWBDomain::"Running Make include in ps7_cortexa9_0/libsrc/scuwdt_v2_4/src"

TRACE::2026-09-14.21:56:56::SCWBDomain::make -C ps7_cortexa9_0/libsrc/scuwdt_v2_4/src -s include  "SHELL=CMD" "COMPILER=arm-none-eabi-gcc" "ASSEMBLER=arm-none-eabi-as"
TRACE::2026-09-14.21:56:56::SCWBDomain:: "ARCHIVER=arm-none-eabi-ar" "COMPILER_FLAGS=  -O2 -c" "EXTRA_COMPILER_FLAGS=-mcpu=cortex-a9 -mfpu=vfpv3 -mfloat-abi=hard -nost
TRACE::2026-09-14.21:56:56::SCWBDomain::artfiles -g -Wall -Wextra -fno-tree-loop-distribute-patterns"

TRACE::2026-09-14.21:56:56::SCWBDomain::"Running Make include in ps7_cortexa9_0/libsrc/sdps_v4_1/src"

TRACE::2026-09-14.21:56:56::SCWBDomain::"Running Make include in ps7_cortexa9_0/libsrc/standalone_v8_1/src"

TRACE::2026-09-14.21:56:56::SCWBDomain::make -C ps7_cortexa9_0/libsrc/sdps_v4_1/src -s include  "SHELL=CMD" "COMPILER=arm-none-eabi-gcc" "ASSEMBLER=arm-none-eabi-as" "
TRACE::2026-09-14.21:56:56::SCWBDomain::ARCHIVER=arm-none-eabi-ar" "COMPILER_FLAGS=  -O2 -c" "EXTRA_COMPILER_FLAGS=-mcpu=cortex-a9 -mfpu=vfpv3 -mfloat-abi=hard -nostar
TRACE::2026-09-14.21:56:56::SCWBDomain::tfiles -g -Wall -Wextra -fno-tree-loop-distribute-patterns"

TRACE::2026-09-14.21:56:56::SCWBDomain::make -C ps7_cortexa9_0/libsrc/standalone_v8_1/src -s include  "SHELL=CMD" "COMPILER=arm-none-eabi-gcc" "ASSEMBLER=arm-none-eabi
TRACE::2026-09-14.21:56:56::SCWBDomain::-as" "ARCHIVER=arm-none-eabi-ar" "COMPILER_FLAGS=  -O2 -c" "EXTRA_COMPILER_FLAGS=-mcpu=cortex-a9 -mfpu=vfpv3 -mfloat-abi=hard -
TRACE::2026-09-14.21:56:56::SCWBDomain::nostartfiles -g -Wall -Wextra -fno-tree-loop-distribute-patterns"

TRACE::2026-09-14.21:56:56::SCWBDomain::"Running Make include in ps7_cortexa9_0/libsrc/uartps_v3_12/src"

TRACE::2026-09-14.21:56:56::SCWBDomain::make -C ps7_cortexa9_0/libsrc/uartps_v3_12/src -s include  "SHELL=CMD" "COMPILER=arm-none-eabi-gcc" "ASSEMBLER=arm-none-eabi-as
TRACE::2026-09-14.21:56:56::SCWBDomain::" "ARCHIVER=arm-none-eabi-ar" "COMPILER_FLAGS=  -O2 -c" "EXTRA_COMPILER_FLAGS=-mcpu=cortex-a9 -mfpu=vfpv3 -mfloat-abi=hard -nos
TRACE::2026-09-14.21:56:56::SCWBDomain::tartfiles -g -Wall -Wextra -fno-tree-loop-distribute-patterns"

TRACE::2026-09-14.21:56:56::SCWBDomain::"Running Make include in ps7_cortexa9_0/libsrc/usbps_v2_7/src"

TRACE::2026-09-14.21:56:56::SCWBDomain::make -C ps7_cortexa9_0/libsrc/usbps_v2_7/src -s include  "SHELL=CMD" "COMPILER=arm-none-eabi-gcc" "ASSEMBLER=arm-none-eabi-as" 
TRACE::2026-09-14.21:56:56::SCWBDomain::"ARCHIVER=arm-none-eabi-ar" "COMPILER_FLAGS=  -O2 -c" "EXTRA_COMPILER_FLAGS=-mcpu=cortex-a9 -mfpu=vfpv3 -mfloat-abi=hard -nosta
TRACE::2026-09-14.21:56:56::SCWBDomain::rtfiles -g -Wall -Wextra -fno-tree-loop-distribute-patterns"

TRACE::2026-09-14.21:56:56::SCWBDomain::"Running Make include in ps7_cortexa9_0/libsrc/xadcps_v2_6/src"

TRACE::2026-09-14.21:56:56::SCWBDomain::make -C ps7_cortexa9_0/libsrc/xadcps_v2_6/src -s include  "SHELL=CMD" "COMPILER=arm-none-eabi-gcc" "ASSEMBLER=arm-none-eabi-as"
TRACE::2026-09-14.21:56:56::SCWBDomain:: "ARCHIVER=arm-none-eabi-ar" "COMPILER_FLAGS=  -O2 -c" "EXTRA_COMPILER_FLAGS=-mcpu=cortex-a9 -mfpu=vfpv3 -mfloat-abi=hard -nost
TRACE::2026-09-14.21:56:56::SCWBDomain::artfiles -g -Wall -Wextra -fno-tree-loop-distribute-patterns"

TRACE::2026-09-14.21:56:56::SCWBDomain::"Running Make include in ps7_cortexa9_0/libsrc/xilffs_v5_0/src"

TRACE::2026-09-14.21:56:56::SCWBDomain::make -C ps7_cortexa9_0/libsrc/xilffs_v5_0/src -s include  "SHELL=CMD" "COMPILER=arm-none-eabi-gcc" "ASSEMBLER=arm-none-eabi-as"
TRACE::2026-09-14.21:56:56::SCWBDomain:: "ARCHIVER=arm-none-eabi-ar" "COMPILER_FLAGS=  -O2 -c" "EXTRA_COMPILER_FLAGS=-mcpu=cortex-a9 -mfpu=vfpv3 -mfloat-abi=hard -nost
TRACE::2026-09-14.21:56:56::SCWBDomain::artfiles -g -Wall -Wextra -fno-tree-loop-distribute-patterns"

TRACE::2026-09-14.21:56:56::SCWBDomain::"Running Make include in ps7_cortexa9_0/libsrc/xilrsa_v1_6/src"

TRACE::2026-09-14.21:56:56::SCWBDomain::make -C ps7_cortexa9_0/libsrc/xilrsa_v1_6/src -s include  "SHELL=CMD" "COMPILER=arm-none-eabi-gcc" "ASSEMBLER=arm-none-eabi-as"
TRACE::2026-09-14.21:56:56::SCWBDomain:: "ARCHIVER=arm-none-eabi-ar" "COMPILER_FLAGS=  -O2 -c" "EXTRA_COMPILER_FLAGS=-mcpu=cortex-a9 -mfpu=vfpv3 -mfloat-abi=hard -nost
TRACE::2026-09-14.21:56:56::SCWBDomain::artfiles -g -Wall -Wextra -fno-tree-loop-distribute-patterns"

TRACE::2026-09-14.21:56:56::SCWBDomain::"Running Make libs in ps7_cortexa9_0/libsrc/coresightps_dcc_v1_8/src"

TRACE::2026-09-14.21:56:56::SCWBDomain::make -C ps7_cortexa9_0/libsrc/coresightps_dcc_v1_8/src -s libs  "SHELL=CMD" "COMPILER=arm-none-eabi-gcc" "ASSEMBLER=arm-none-ea
TRACE::2026-09-14.21:56:56::SCWBDomain::bi-as" "ARCHIVER=arm-none-eabi-ar" "COMPILER_FLAGS=  -O2 -c" "EXTRA_COMPILER_FLAGS=-mcpu=cortex-a9 -mfpu=vfpv3 -mfloat-abi=hard
TRACE::2026-09-14.21:56:56::SCWBDomain:: -nostartfiles -g -Wall -Wextra -fno-tree-loop-distribute-patterns"

TRACE::2026-09-14.21:56:56::SCWBDomain::"Running Make libs in ps7_cortexa9_0/libsrc/cpu_cortexa9_v2_11/src"

TRACE::2026-09-14.21:56:56::SCWBDomain::make -C ps7_cortexa9_0/libsrc/cpu_cortexa9_v2_11/src -s libs  "SHELL=CMD" "COMPILER=arm-none-eabi-gcc" "ASSEMBLER=arm-none-eabi
TRACE::2026-09-14.21:56:56::SCWBDomain::-as" "ARCHIVER=arm-none-eabi-ar" "COMPILER_FLAGS=  -O2 -c" "EXTRA_COMPILER_FLAGS=-mcpu=cortex-a9 -mfpu=vfpv3 -mfloat-abi=hard -
TRACE::2026-09-14.21:56:56::SCWBDomain::nostartfiles -g -Wall -Wextra -fno-tree-loop-distribute-patterns"

TRACE::2026-09-14.21:56:56::SCWBDomain::"Running Make libs in ps7_cortexa9_0/libsrc/ddrps_v1_2/src"

TRACE::2026-09-14.21:56:56::SCWBDomain::make -C ps7_cortexa9_0/libsrc/ddrps_v1_2/src -s libs  "SHELL=CMD" "COMPILER=arm-none-eabi-gcc" "ASSEMBLER=arm-none-eabi-as" "AR
TRACE::2026-09-14.21:56:56::SCWBDomain::CHIVER=arm-none-eabi-ar" "COMPILER_FLAGS=  -O2 -c" "EXTRA_COMPILER_FLAGS=-mcpu=cortex-a9 -mfpu=vfpv3 -mfloat-abi=hard -nostartf
TRACE::2026-09-14.21:56:56::SCWBDomain::iles -g -Wall -Wextra -fno-tree-loop-distribute-patterns"

TRACE::2026-09-14.21:56:56::SCWBDomain::"Running Make libs in ps7_cortexa9_0/libsrc/devcfg_v3_7/src"

TRACE::2026-09-14.21:56:57::SCWBDomain::make -C ps7_cortexa9_0/libsrc/devcfg_v3_7/src -s libs  "SHELL=CMD" "COMPILER=arm-none-eabi-gcc" "ASSEMBLER=arm-none-eabi-as" "A
TRACE::2026-09-14.21:56:57::SCWBDomain::RCHIVER=arm-none-eabi-ar" "COMPILER_FLAGS=  -O2 -c" "EXTRA_COMPILER_FLAGS=-mcpu=cortex-a9 -mfpu=vfpv3 -mfloat-abi=hard -nostart
TRACE::2026-09-14.21:56:57::SCWBDomain::files -g -Wall -Wextra -fno-tree-loop-distribute-patterns"

TRACE::2026-09-14.21:56:57::SCWBDomain::"Running Make libs in ps7_cortexa9_0/libsrc/dmaps_v2_8/src"

TRACE::2026-09-14.21:56:57::SCWBDomain::make -C ps7_cortexa9_0/libsrc/dmaps_v2_8/src -s libs  "SHELL=CMD" "COMPILER=arm-none-eabi-gcc" "ASSEMBLER=arm-none-eabi-as" "AR
TRACE::2026-09-14.21:56:57::SCWBDomain::CHIVER=arm-none-eabi-ar" "COMPILER_FLAGS=  -O2 -c" "EXTRA_COMPILER_FLAGS=-mcpu=cortex-a9 -mfpu=vfpv3 -mfloat-abi=hard -nostartf
TRACE::2026-09-14.21:56:57::SCWBDomain::iles -g -Wall -Wextra -fno-tree-loop-distribute-patterns"

TRACE::2026-09-14.21:56:57::SCWBDomain::"Running Make libs in ps7_cortexa9_0/libsrc/emacps_v3_18/src"

TRACE::2026-09-14.21:56:57::SCWBDomain::make -C ps7_cortexa9_0/libsrc/emacps_v3_18/src -s libs  "SHELL=CMD" "COMPILER=arm-none-eabi-gcc" "ASSEMBLER=arm-none-eabi-as" "
TRACE::2026-09-14.21:56:57::SCWBDomain::ARCHIVER=arm-none-eabi-ar" "COMPILER_FLAGS=  -O2 -c" "EXTRA_COMPILER_FLAGS=-mcpu=cortex-a9 -mfpu=vfpv3 -mfloat-abi=hard -nostar
TRACE::2026-09-14.21:56:57::SCWBDomain::tfiles -g -Wall -Wextra -fno-tree-loop-distribute-patterns"

TRACE::2026-09-14.21:56:57::SCWBDomain::"Running Make libs in ps7_cortexa9_0/libsrc/gpiops_v3_11/src"

TRACE::2026-09-14.21:56:57::SCWBDomain::make -C ps7_cortexa9_0/libsrc/gpiops_v3_11/src -s libs  "SHELL=CMD" "COMPILER=arm-none-eabi-gcc" "ASSEMBLER=arm-none-eabi-as" "
TRACE::2026-09-14.21:56:57::SCWBDomain::ARCHIVER=arm-none-eabi-ar" "COMPILER_FLAGS=  -O2 -c" "EXTRA_COMPILER_FLAGS=-mcpu=cortex-a9 -mfpu=vfpv3 -mfloat-abi=hard -nostar
TRACE::2026-09-14.21:56:57::SCWBDomain::tfiles -g -Wall -Wextra -fno-tree-loop-distribute-patterns"

TRACE::2026-09-14.21:56:57::SCWBDomain::"Running Make libs in ps7_cortexa9_0/libsrc/gpio_v4_9/src"

TRACE::2026-09-14.21:56:57::SCWBDomain::make -C ps7_cortexa9_0/libsrc/gpio_v4_9/src -s libs  "SHELL=CMD" "COMPILER=arm-none-eabi-gcc" "ASSEMBLER=arm-none-eabi-as" "ARC
TRACE::2026-09-14.21:56:57::SCWBDomain::HIVER=arm-none-eabi-ar" "COMPILER_FLAGS=  -O2 -c" "EXTRA_COMPILER_FLAGS=-mcpu=cortex-a9 -mfpu=vfpv3 -mfloat-abi=hard -nostartfi
TRACE::2026-09-14.21:56:57::SCWBDomain::les -g -Wall -Wextra -fno-tree-loop-distribute-patterns"

TRACE::2026-09-14.21:56:57::SCWBDomain::"Running Make libs in ps7_cortexa9_0/libsrc/qspips_v3_10/src"

TRACE::2026-09-14.21:56:57::SCWBDomain::make -C ps7_cortexa9_0/libsrc/qspips_v3_10/src -s libs  "SHELL=CMD" "COMPILER=arm-none-eabi-gcc" "ASSEMBLER=arm-none-eabi-as" "
TRACE::2026-09-14.21:56:57::SCWBDomain::ARCHIVER=arm-none-eabi-ar" "COMPILER_FLAGS=  -O2 -c" "EXTRA_COMPILER_FLAGS=-mcpu=cortex-a9 -mfpu=vfpv3 -mfloat-abi=hard -nostar
TRACE::2026-09-14.21:56:57::SCWBDomain::tfiles -g -Wall -Wextra -fno-tree-loop-distribute-patterns"

TRACE::2026-09-14.21:56:57::SCWBDomain::"Running Make libs in ps7_cortexa9_0/libsrc/scugic_v5_1/src"

TRACE::2026-09-14.21:56:57::SCWBDomain::make -C ps7_cortexa9_0/libsrc/scugic_v5_1/src -s libs  "SHELL=CMD" "COMPILER=arm-none-eabi-gcc" "ASSEMBLER=arm-none-eabi-as" "A
TRACE::2026-09-14.21:56:57::SCWBDomain::RCHIVER=arm-none-eabi-ar" "COMPILER_FLAGS=  -O2 -c" "EXTRA_COMPILER_FLAGS=-mcpu=cortex-a9 -mfpu=vfpv3 -mfloat-abi=hard -nostart
TRACE::2026-09-14.21:56:57::SCWBDomain::files -g -Wall -Wextra -fno-tree-loop-distribute-patterns"

TRACE::2026-09-14.21:56:57::SCWBDomain::"Running Make libs in ps7_cortexa9_0/libsrc/scutimer_v2_4/src"

TRACE::2026-09-14.21:56:57::SCWBDomain::make -C ps7_cortexa9_0/libsrc/scutimer_v2_4/src -s libs  "SHELL=CMD" "COMPILER=arm-none-eabi-gcc" "ASSEMBLER=arm-none-eabi-as" 
TRACE::2026-09-14.21:56:57::SCWBDomain::"ARCHIVER=arm-none-eabi-ar" "COMPILER_FLAGS=  -O2 -c" "EXTRA_COMPILER_FLAGS=-mcpu=cortex-a9 -mfpu=vfpv3 -mfloat-abi=hard -nosta
TRACE::2026-09-14.21:56:57::SCWBDomain::rtfiles -g -Wall -Wextra -fno-tree-loop-distribute-patterns"

TRACE::2026-09-14.21:56:57::SCWBDomain::"Running Make libs in ps7_cortexa9_0/libsrc/scuwdt_v2_4/src"

TRACE::2026-09-14.21:56:57::SCWBDomain::make -C ps7_cortexa9_0/libsrc/scuwdt_v2_4/src -s libs  "SHELL=CMD" "COMPILER=arm-none-eabi-gcc" "ASSEMBLER=arm-none-eabi-as" "A
TRACE::2026-09-14.21:56:57::SCWBDomain::RCHIVER=arm-none-eabi-ar" "COMPILER_FLAGS=  -O2 -c" "EXTRA_COMPILER_FLAGS=-mcpu=cortex-a9 -mfpu=vfpv3 -mfloat-abi=hard -nostart
TRACE::2026-09-14.21:56:57::SCWBDomain::files -g -Wall -Wextra -fno-tree-loop-distribute-patterns"

TRACE::2026-09-14.21:56:57::SCWBDomain::"Running Make libs in ps7_cortexa9_0/libsrc/sdps_v4_1/src"

TRACE::2026-09-14.21:56:57::SCWBDomain::make -C ps7_cortexa9_0/libsrc/sdps_v4_1/src -s libs  "SHELL=CMD" "COMPILER=arm-none-eabi-gcc" "ASSEMBLER=arm-none-eabi-as" "ARC
TRACE::2026-09-14.21:56:57::SCWBDomain::HIVER=arm-none-eabi-ar" "COMPILER_FLAGS=  -O2 -c" "EXTRA_COMPILER_FLAGS=-mcpu=cortex-a9 -mfpu=vfpv3 -mfloat-abi=hard -nostartfi
TRACE::2026-09-14.21:56:57::SCWBDomain::les -g -Wall -Wextra -fno-tree-loop-distribute-patterns"

TRACE::2026-09-14.21:56:57::SCWBDomain::"Running Make libs in ps7_cortexa9_0/libsrc/standalone_v8_1/src"

TRACE::2026-09-14.21:56:57::SCWBDomain::make -C ps7_cortexa9_0/libsrc/standalone_v8_1/src -s libs  "SHELL=CMD" "COMPILER=arm-none-eabi-gcc" "ASSEMBLER=arm-none-eabi-as
TRACE::2026-09-14.21:56:57::SCWBDomain::" "ARCHIVER=arm-none-eabi-ar" "COMPILER_FLAGS=  -O2 -c" "EXTRA_COMPILER_FLAGS=-mcpu=cortex-a9 -mfpu=vfpv3 -mfloat-abi=hard -nos
TRACE::2026-09-14.21:56:57::SCWBDomain::tartfiles -g -Wall -Wextra -fno-tree-loop-distribute-patterns"

TRACE::2026-09-14.21:56:57::SCWBDomain::"Running Make libs in ps7_cortexa9_0/libsrc/uartps_v3_12/src"

TRACE::2026-09-14.21:56:57::SCWBDomain::make -C ps7_cortexa9_0/libsrc/uartps_v3_12/src -s libs  "SHELL=CMD" "COMPILER=arm-none-eabi-gcc" "ASSEMBLER=arm-none-eabi-as" "
TRACE::2026-09-14.21:56:57::SCWBDomain::ARCHIVER=arm-none-eabi-ar" "COMPILER_FLAGS=  -O2 -c" "EXTRA_COMPILER_FLAGS=-mcpu=cortex-a9 -mfpu=vfpv3 -mfloat-abi=hard -nostar
TRACE::2026-09-14.21:56:57::SCWBDomain::tfiles -g -Wall -Wextra -fno-tree-loop-distribute-patterns"

TRACE::2026-09-14.21:56:57::SCWBDomain::"Running Make libs in ps7_cortexa9_0/libsrc/usbps_v2_7/src"

TRACE::2026-09-14.21:56:57::SCWBDomain::make -C ps7_cortexa9_0/libsrc/usbps_v2_7/src -s libs  "SHELL=CMD" "COMPILER=arm-none-eabi-gcc" "ASSEMBLER=arm-none-eabi-as" "AR
TRACE::2026-09-14.21:56:57::SCWBDomain::CHIVER=arm-none-eabi-ar" "COMPILER_FLAGS=  -O2 -c" "EXTRA_COMPILER_FLAGS=-mcpu=cortex-a9 -mfpu=vfpv3 -mfloat-abi=hard -nostartf
TRACE::2026-09-14.21:56:57::SCWBDomain::iles -g -Wall -Wextra -fno-tree-loop-distribute-patterns"

TRACE::2026-09-14.21:56:57::SCWBDomain::"Running Make libs in ps7_cortexa9_0/libsrc/xadcps_v2_6/src"

TRACE::2026-09-14.21:56:57::SCWBDomain::make -C ps7_cortexa9_0/libsrc/xadcps_v2_6/src -s libs  "SHELL=CMD" "COMPILER=arm-none-eabi-gcc" "ASSEMBLER=arm-none-eabi-as" "A
TRACE::2026-09-14.21:56:57::SCWBDomain::RCHIVER=arm-none-eabi-ar" "COMPILER_FLAGS=  -O2 -c" "EXTRA_COMPILER_FLAGS=-mcpu=cortex-a9 -mfpu=vfpv3 -mfloat-abi=hard -nostart
TRACE::2026-09-14.21:56:57::SCWBDomain::files -g -Wall -Wextra -fno-tree-loop-distribute-patterns"

TRACE::2026-09-14.21:56:57::SCWBDomain::"Running Make libs in ps7_cortexa9_0/libsrc/xilffs_v5_0/src"

TRACE::2026-09-14.21:56:57::SCWBDomain::make -C ps7_cortexa9_0/libsrc/xilffs_v5_0/src -s libs  "SHELL=CMD" "COMPILER=arm-none-eabi-gcc" "ASSEMBLER=arm-none-eabi-as" "A
TRACE::2026-09-14.21:56:57::SCWBDomain::RCHIVER=arm-none-eabi-ar" "COMPILER_FLAGS=  -O2 -c" "EXTRA_COMPILER_FLAGS=-mcpu=cortex-a9 -mfpu=vfpv3 -mfloat-abi=hard -nostart
TRACE::2026-09-14.21:56:57::SCWBDomain::files -g -Wall -Wextra -fno-tree-loop-distribute-patterns"

TRACE::2026-09-14.21:56:57::SCWBDomain::'Finished building libraries parallelly.'

TRACE::2026-09-14.21:56:57::SCWBDomain::make --no-print-directory archive

TRACE::2026-09-14.21:56:57::SCWBDomain::arm-none-eabi-ar -r  ps7_cortexa9_0/lib/libxil.a ps7_cortexa9_0/lib/_exit.o ps7_cortexa9_0/lib/_open.o ps7_cortexa9_0/lib/_sbrk
TRACE::2026-09-14.21:56:57::SCWBDomain::.o ps7_cortexa9_0/lib/abort.o ps7_cortexa9_0/lib/asm_vectors.o ps7_cortexa9_0/lib/boot.o ps7_cortexa9_0/lib/close.o ps7_cortexa
TRACE::2026-09-14.21:56:57::SCWBDomain::9_0/lib/cpputest_time.o ps7_cortexa9_0/lib/cpu_init.o ps7_cortexa9_0/lib/errno.o ps7_cortexa9_0/lib/fcntl.o ps7_cortexa9_0/lib/
TRACE::2026-09-14.21:56:57::SCWBDomain::fstat.o ps7_cortexa9_0/lib/getentropy.o ps7_cortexa9_0/lib/getpid.o ps7_cortexa9_0/lib/inbyte.o ps7_cortexa9_0/lib/isatty.o ps7
TRACE::2026-09-14.21:56:57::SCWBDomain::_cortexa9_0/lib/kill.o ps7_cortexa9_0/lib/lseek.o ps7_cortexa9_0/lib/open.o ps7_cortexa9_0/lib/outbyte.o ps7_cortexa9_0/lib/pri
TRACE::2026-09-14.21:56:57::SCWBDomain::nt.o ps7_cortexa9_0/lib/putnum.o ps7_cortexa9_0/lib/read.o ps7_cortexa9_0/lib/sbrk.o ps7_cortexa9_0/lib/sleep.o ps7_cortexa9_0/
TRACE::2026-09-14.21:56:57::SCWBDomain::lib/time.o ps7_cortexa9_0/lib/translation_table.o ps7_cortexa9_0/lib/unlink.o ps7_cortexa9_0/lib/usleep.o ps7_cortexa9_0/lib/ve
TRACE::2026-09-14.21:56:57::SCWBDomain::ctors.o ps7_cortexa9_0/lib/write.o ps7_cortexa9_0/lib/xadcps.o ps7_cortexa9_0/lib/xadcps_g.o ps7_cortexa9_0/lib/xadcps_intr.o p
TRACE::2026-09-14.21:56:57::SCWBDomain::s7_cortexa9_0/lib/xadcps_selftest.o ps7_cortexa9_0/lib/xadcps_sinit.o ps7_cortexa9_0/lib/xcoresightpsdcc.o ps7_cortexa9_0/lib/x
TRACE::2026-09-14.21:56:57::SCWBDomain::devcfg.o ps7_cortexa9_0/lib/xdevcfg_g.o ps7_cortexa9_0/lib/xdevcfg_hw.o ps7_cortexa9_0/lib/xdevcfg_intr.o ps7_cortexa9_0/lib/xd
TRACE::2026-09-14.21:56:57::SCWBDomain::evcfg_selftest.o ps7_cortexa9_0/lib/xdevcfg_sinit.o ps7_cortexa9_0/lib/xdmaps.o ps7_cortexa9_0/lib/xdmaps_g.o ps7_cortexa9_0/li
TRACE::2026-09-14.21:56:57::SCWBDomain::b/xdmaps_hw.o ps7_cortexa9_0/lib/xdmaps_selftest.o ps7_cortexa9_0/lib/xdmaps_sinit.o ps7_cortexa9_0/lib/xemacps.o ps7_cortexa9_
TRACE::2026-09-14.21:56:57::SCWBDomain::0/lib/xemacps_bdring.o ps7_cortexa9_0/lib/xemacps_control.o ps7_cortexa9_0/lib/xemacps_g.o ps7_cortexa9_0/lib/xemacps_hw.o ps7_
TRACE::2026-09-14.21:56:57::SCWBDomain::cortexa9_0/lib/xemacps_intr.o ps7_cortexa9_0/lib/xemacps_sinit.o ps7_cortexa9_0/lib/xgpio.o ps7_cortexa9_0/lib/xgpio_extra.o ps
TRACE::2026-09-14.21:56:57::SCWBDomain::7_cortexa9_0/lib/xgpio_g.o ps7_cortexa9_0/lib/xgpio_intr.o ps7_cortexa9_0/lib/xgpio_selftest.o ps7_cortexa9_0/lib/xgpio_sinit.o
TRACE::2026-09-14.21:56:57::SCWBDomain:: ps7_cortexa9_0/lib/xgpiops.o ps7_cortexa9_0/lib/xgpiops_g.o ps7_cortexa9_0/lib/xgpiops_hw.o ps7_cortexa9_0/lib/xgpiops_intr.o 
TRACE::2026-09-14.21:56:57::SCWBDomain::ps7_cortexa9_0/lib/xgpiops_selftest.o ps7_cortexa9_0/lib/xgpiops_sinit.o ps7_cortexa9_0/lib/xil-crt0.o ps7_cortexa9_0/lib/xil_a
TRACE::2026-09-14.21:56:57::SCWBDomain::ssert.o ps7_cortexa9_0/lib/xil_cache.o ps7_cortexa9_0/lib/xil_clocking.o ps7_cortexa9_0/lib/xil_exception.o ps7_cortexa9_0/lib/
TRACE::2026-09-14.21:56:57::SCWBDomain::xil_mem.o ps7_cortexa9_0/lib/xil_misc_psreset_api.o ps7_cortexa9_0/lib/xil_mmu.o ps7_cortexa9_0/lib/xil_printf.o ps7_cortexa9_0
TRACE::2026-09-14.21:56:57::SCWBDomain::/lib/xil_sleepcommon.o ps7_cortexa9_0/lib/xil_sleeptimer.o ps7_cortexa9_0/lib/xil_spinlock.o ps7_cortexa9_0/lib/xil_testcache.o
TRACE::2026-09-14.21:56:57::SCWBDomain:: ps7_cortexa9_0/lib/xil_testio.o ps7_cortexa9_0/lib/xil_testmem.o ps7_cortexa9_0/lib/xil_util.o ps7_cortexa9_0/lib/xinterrupt_w
TRACE::2026-09-14.21:56:57::SCWBDomain::rap.o ps7_cortexa9_0/lib/xl2cc_counter.o ps7_cortexa9_0/lib/xplatform_info.o ps7_cortexa9_0/lib/xpm_counter.o ps7_cortexa9_0/li
TRACE::2026-09-14.21:56:57::SCWBDomain::b/xqspips.o ps7_cortexa9_0/lib/xqspips_g.o ps7_cortexa9_0/lib/xqspips_hw.o ps7_cortexa9_0/lib/xqspips_options.o ps7_cortexa9_0/
TRACE::2026-09-14.21:56:57::SCWBDomain::lib/xqspips_selftest.o ps7_cortexa9_0/lib/xqspips_sinit.o ps7_cortexa9_0/lib/xscugic.o ps7_cortexa9_0/lib/xscugic_g.o ps7_corte
TRACE::2026-09-14.21:56:57::SCWBDomain::xa9_0/lib/xscugic_hw.o ps7_cortexa9_0/lib/xscugic_intr.o ps7_cortexa9_0/lib/xscugic_selftest.o ps7_cortexa9_0/lib/xscugic_sinit
TRACE::2026-09-14.21:56:57::SCWBDomain::.o ps7_cortexa9_0/lib/xscutimer.o ps7_cortexa9_0/lib/xscutimer_g.o ps7_cortexa9_0/lib/xscutimer_selftest.o ps7_cortexa9_0/lib/x
TRACE::2026-09-14.21:56:57::SCWBDomain::scutimer_sinit.o ps7_cortexa9_0/lib/xscuwdt.o ps7_cortexa9_0/lib/xscuwdt_g.o ps7_cortexa9_0/lib/xscuwdt_selftest.o ps7_cortexa9
TRACE::2026-09-14.21:56:57::SCWBDomain::_0/lib/xscuwdt_sinit.o ps7_cortexa9_0/lib/xsdps.o ps7_cortexa9_0/lib/xsdps_card.o ps7_cortexa9_0/lib/xsdps_g.o ps7_cortexa9_0/l
TRACE::2026-09-14.21:56:57::SCWBDomain::ib/xsdps_host.o ps7_cortexa9_0/lib/xsdps_options.o ps7_cortexa9_0/lib/xsdps_sinit.o ps7_cortexa9_0/lib/xtime_l.o ps7_cortexa9_0
TRACE::2026-09-14.21:56:57::SCWBDomain::/lib/xuartps.o ps7_cortexa9_0/lib/xuartps_g.o ps7_cortexa9_0/lib/xuartps_hw.o ps7_cortexa9_0/lib/xuartps_intr.o ps7_cortexa9_0/
TRACE::2026-09-14.21:56:57::SCWBDomain::lib/xuartps_options.o ps7_cortexa9_0/lib/xuartps_selftest.o ps7_cortexa9_0/lib/xuartps_sinit.o ps7_cortexa9_0/lib/xusbps.o ps7_
TRACE::2026-09-14.21:56:57::SCWBDomain::cortexa9_0/lib/xusbps_endpoint.o ps7_cortexa9_0/lib/xusbps_g.o ps7_cortexa9_0/lib/xusbps_hw.o ps7_cortexa9_0/lib/xusbps_intr.o 
TRACE::2026-09-14.21:56:57::SCWBDomain::ps7_cortexa9_0/lib/xusbps_sinit.o

TRACE::2026-09-14.21:56:59::SCWBDomain::'Finished building libraries'

TRACE::2026-09-14.21:56:59::SCWBDomain::make: Leaving directory 'C:/ECE520/Vivado/Lab2/axi_gpio_ab/axi_gpio_vitis_T1/axi_gpio_platform_T1/zynq_fsbl/zynq_fsbl_bsp'

TRACE::2026-09-14.21:56:59::SCWBDomain::arm-none-eabi-gcc -o fsbl.elf fsbl_handoff.o fsbl_hooks.o image_mover.o main.o md5.o nand.o nor.o pcap.o ps7_init.o qspi.o rsa.
TRACE::2026-09-14.21:56:59::SCWBDomain::o sd.o -MMD -MP       -mcpu=cortex-a9 -mfpu=vfpv3 -mfloat-abi=hard   -mcpu=cortex-a9 -mfpu=vfpv3 -mfloat-abi=hard -Wl,-build-id
TRACE::2026-09-14.21:56:59::SCWBDomain::=none -specs=Xilinx.spec  -lrsa -Wl,--start-group,-lxil,-lgcc,-lc,--end-group -Wl,--start-group,-lxilffs,-lxil,-lgcc,-lc,--end-
TRACE::2026-09-14.21:56:59::SCWBDomain::group -Wl,--start-group,-lrsa,-lxil,-lgcc,-lc,--end-group                                      -Wl,--gc-sections -Lzynq_fsbl_bs
TRACE::2026-09-14.21:56:59::SCWBDomain::p/ps7_cortexa9_0/lib -L./ -Tlscript.ld

LOG::2026-09-14.21:57:00::SCWSystem::Checking the domain standalone_domain
LOG::2026-09-14.21:57:00::SCWSystem::Not a boot domain 
LOG::2026-09-14.21:57:00::SCWSystem::Started Processing the domain standalone_domain
TRACE::2026-09-14.21:57:00::SCWDomain::Generating domain artifcats
TRACE::2026-09-14.21:57:00::SCWMssOS::Generating standalone artifcats
TRACE::2026-09-14.21:57:00::SCWMssOS::Copying the qemu file from  C:/ECE520/Vivado/Lab2/axi_gpio_ab/axi_gpio_vitis_T1/axi_gpio_platform_T1/resources/axi_gpio_platform_T1/standalone_domain/qemu_args.txt To C:/ECE520/Vivado/Lab2/axi_gpio_ab/axi_gpio_vitis_T1/axi_gpio_platform_T1/export/axi_gpio_platform_T1/sw/axi_gpio_platform_T1/qemu/
TRACE::2026-09-14.21:57:00::SCWMssOS::Copying the qemu file from  C:/ECE520/Vivado/Lab2/axi_gpio_ab/axi_gpio_vitis_T1/axi_gpio_platform_T1/resources/axi_gpio_platform_T1/standalone_domain/qemu_args.txt To C:/ECE520/Vivado/Lab2/axi_gpio_ab/axi_gpio_vitis_T1/axi_gpio_platform_T1/export/axi_gpio_platform_T1/sw/axi_gpio_platform_T1/standalone_domain/qemu/
TRACE::2026-09-14.21:57:00::SCWMssOS:: Copying the user libraries. 
TRACE::2026-09-14.21:57:00::SCWPlatform::Trying to open the hw design at C:/ECE520/Vivado/Lab2/axi_gpio_ab/axi_gpio_vitis_T1/axi_gpio_platform_T1/hw/axi_gpio_ab_wrapper_T1.xsa
TRACE::2026-09-14.21:57:00::SCWPlatform::DSA given C:/ECE520/Vivado/Lab2/axi_gpio_ab/axi_gpio_vitis_T1/axi_gpio_platform_T1/hw/axi_gpio_ab_wrapper_T1.xsa
TRACE::2026-09-14.21:57:00::SCWPlatform::DSA absoulate path C:/ECE520/Vivado/Lab2/axi_gpio_ab/axi_gpio_vitis_T1/axi_gpio_platform_T1/hw/axi_gpio_ab_wrapper_T1.xsa
TRACE::2026-09-14.21:57:00::SCWPlatform::DSA directory C:/ECE520/Vivado/Lab2/axi_gpio_ab/axi_gpio_vitis_T1/axi_gpio_platform_T1/hw
TRACE::2026-09-14.21:57:00::SCWPlatform:: Platform Path C:/ECE520/Vivado/Lab2/axi_gpio_ab/axi_gpio_vitis_T1/axi_gpio_platform_T1/hw/axi_gpio_ab_wrapper_T1.xsa
TRACE::2026-09-14.21:57:00::SCWPlatform:: Unique name xilinx:zybo-z7-10::0.0
TRACE::2026-09-14.21:57:00::SCWPlatform::Trying to set the existing hwdb with name axi_gpio_ab_wrapper
TRACE::2026-09-14.21:57:00::SCWPlatform::Opened existing hwdb axi_gpio_ab_wrapper
TRACE::2026-09-14.21:57:00::SCWPlatform::Found the Hw Db part of the input DSA
TRACE::2026-09-14.21:57:00::SCWMssOS::Checking the sw design at  C:/ECE520/Vivado/Lab2/axi_gpio_ab/axi_gpio_vitis_T1/axi_gpio_platform_T1/ps7_cortexa9_0/standalone_domain/bsp/system.mss
TRACE::2026-09-14.21:57:00::SCWMssOS::DEBUG:  swdes dump  C:/ECE520/Vivado/Lab2/axi_gpio_ab/axi_gpio_vitis_T1/axi_gpio_platform_T1/ps7_cortexa9_0/standalone_domain/bsp/system.mss|system_0||
C:/ECE520/Vivado/Lab2/axi_gpio_ab/axi_gpio_vitis_T1/axi_gpio_platform_T1/zynq_fsbl/zynq_fsbl_bsp/system.mss|system||

TRACE::2026-09-14.21:57:00::SCWMssOS::Sw design exists and opened at  C:/ECE520/Vivado/Lab2/axi_gpio_ab/axi_gpio_vitis_T1/axi_gpio_platform_T1/ps7_cortexa9_0/standalone_domain/bsp/system.mss
TRACE::2026-09-14.21:57:00::SCWMssOS::Completed writing the mss file at C:/ECE520/Vivado/Lab2/axi_gpio_ab/axi_gpio_vitis_T1/axi_gpio_platform_T1/ps7_cortexa9_0/standalone_domain/bsp
TRACE::2026-09-14.21:57:00::SCWMssOS::Mss edits present, copying mssfile into export location C:/ECE520/Vivado/Lab2/axi_gpio_ab/axi_gpio_vitis_T1/axi_gpio_platform_T1/ps7_cortexa9_0/standalone_domain/bsp/system.mss
TRACE::2026-09-14.21:57:00::SCWMssOS::bsp generated is upto date with the mss file. Skipping bsp generation.
TRACE::2026-09-14.21:57:00::SCWMssOS::BSP is already built. skipping the bsp build ... 
TRACE::2026-09-14.21:57:00::SCWDomain::Building the domain as part of full build :  standalone_domain
TRACE::2026-09-14.21:57:00::SCWMssOS::doing bsp build ... 
TRACE::2026-09-14.21:57:00::SCWMssOS::System Command Ran  C: & cd  C:/ECE520/Vivado/Lab2/axi_gpio_ab/axi_gpio_vitis_T1/axi_gpio_platform_T1/ps7_cortexa9_0/standalone_domain/bsp & make 
TRACE::2026-09-14.21:57:00::SCWMssOS::make --no-print-directory seq_libs

TRACE::2026-09-14.21:57:00::SCWMssOS::'Finished building libraries sequentially.'

TRACE::2026-09-14.21:57:00::SCWMssOS::make -j 14 --no-print-directory par_libs

TRACE::2026-09-14.21:57:00::SCWMssOS::"Running Make include in ps7_cortexa9_0/libsrc/coresightps_dcc_v1_8/src"

TRACE::2026-09-14.21:57:00::SCWMssOS::make -C ps7_cortexa9_0/libsrc/coresightps_dcc_v1_8/src -s include  "SHELL=CMD" "COMPILER=arm-none-eabi-gcc" "ASSEMBLER=arm-none
TRACE::2026-09-14.21:57:00::SCWMssOS::-eabi-as" "ARCHIVER=arm-none-eabi-ar" "COMPILER_FLAGS=  -O2 -c" "EXTRA_COMPILER_FLAGS=-mcpu=cortex-a9 -mfpu=vfpv3 -mfloat-abi=h
TRACE::2026-09-14.21:57:00::SCWMssOS::ard -nostartfiles -g -Wall -Wextra -fno-tree-loop-distribute-patterns"

TRACE::2026-09-14.21:57:00::SCWMssOS::"Running Make include in ps7_cortexa9_0/libsrc/cpu_cortexa9_v2_11/src"

TRACE::2026-09-14.21:57:00::SCWMssOS::make -C ps7_cortexa9_0/libsrc/cpu_cortexa9_v2_11/src -s include  "SHELL=CMD" "COMPILER=arm-none-eabi-gcc" "ASSEMBLER=arm-none-e
TRACE::2026-09-14.21:57:00::SCWMssOS::abi-as" "ARCHIVER=arm-none-eabi-ar" "COMPILER_FLAGS=  -O2 -c" "EXTRA_COMPILER_FLAGS=-mcpu=cortex-a9 -mfpu=vfpv3 -mfloat-abi=har
TRACE::2026-09-14.21:57:00::SCWMssOS::d -nostartfiles -g -Wall -Wextra -fno-tree-loop-distribute-patterns"

TRACE::2026-09-14.21:57:00::SCWMssOS::"Running Make include in ps7_cortexa9_0/libsrc/ddrps_v1_2/src"

TRACE::2026-09-14.21:57:00::SCWMssOS::make -C ps7_cortexa9_0/libsrc/ddrps_v1_2/src -s include  "SHELL=CMD" "COMPILER=arm-none-eabi-gcc" "ASSEMBLER=arm-none-eabi-as" 
TRACE::2026-09-14.21:57:00::SCWMssOS::"ARCHIVER=arm-none-eabi-ar" "COMPILER_FLAGS=  -O2 -c" "EXTRA_COMPILER_FLAGS=-mcpu=cortex-a9 -mfpu=vfpv3 -mfloat-abi=hard -nosta
TRACE::2026-09-14.21:57:00::SCWMssOS::rtfiles -g -Wall -Wextra -fno-tree-loop-distribute-patterns"

TRACE::2026-09-14.21:57:00::SCWMssOS::"Running Make include in ps7_cortexa9_0/libsrc/devcfg_v3_7/src"

TRACE::2026-09-14.21:57:00::SCWMssOS::make -C ps7_cortexa9_0/libsrc/devcfg_v3_7/src -s include  "SHELL=CMD" "COMPILER=arm-none-eabi-gcc" "ASSEMBLER=arm-none-eabi-as"
TRACE::2026-09-14.21:57:00::SCWMssOS:: "ARCHIVER=arm-none-eabi-ar" "COMPILER_FLAGS=  -O2 -c" "EXTRA_COMPILER_FLAGS=-mcpu=cortex-a9 -mfpu=vfpv3 -mfloat-abi=hard -nost
TRACE::2026-09-14.21:57:00::SCWMssOS::artfiles -g -Wall -Wextra -fno-tree-loop-distribute-patterns"

TRACE::2026-09-14.21:57:00::SCWMssOS::"Running Make include in ps7_cortexa9_0/libsrc/dmaps_v2_8/src"

TRACE::2026-09-14.21:57:00::SCWMssOS::make -C ps7_cortexa9_0/libsrc/dmaps_v2_8/src -s include  "SHELL=CMD" "COMPILER=arm-none-eabi-gcc" "ASSEMBLER=arm-none-eabi-as" 
TRACE::2026-09-14.21:57:00::SCWMssOS::"ARCHIVER=arm-none-eabi-ar" "COMPILER_FLAGS=  -O2 -c" "EXTRA_COMPILER_FLAGS=-mcpu=cortex-a9 -mfpu=vfpv3 -mfloat-abi=hard -nosta
TRACE::2026-09-14.21:57:00::SCWMssOS::rtfiles -g -Wall -Wextra -fno-tree-loop-distribute-patterns"

TRACE::2026-09-14.21:57:00::SCWMssOS::"Running Make include in ps7_cortexa9_0/libsrc/emacps_v3_18/src"

TRACE::2026-09-14.21:57:00::SCWMssOS::make -C ps7_cortexa9_0/libsrc/emacps_v3_18/src -s include  "SHELL=CMD" "COMPILER=arm-none-eabi-gcc" "ASSEMBLER=arm-none-eabi-as
TRACE::2026-09-14.21:57:00::SCWMssOS::" "ARCHIVER=arm-none-eabi-ar" "COMPILER_FLAGS=  -O2 -c" "EXTRA_COMPILER_FLAGS=-mcpu=cortex-a9 -mfpu=vfpv3 -mfloat-abi=hard -nos
TRACE::2026-09-14.21:57:00::SCWMssOS::tartfiles -g -Wall -Wextra -fno-tree-loop-distribute-patterns"

TRACE::2026-09-14.21:57:00::SCWMssOS::"Running Make include in ps7_cortexa9_0/libsrc/gpiops_v3_11/src"

TRACE::2026-09-14.21:57:00::SCWMssOS::make -C ps7_cortexa9_0/libsrc/gpiops_v3_11/src -s include  "SHELL=CMD" "COMPILER=arm-none-eabi-gcc" "ASSEMBLER=arm-none-eabi-as
TRACE::2026-09-14.21:57:00::SCWMssOS::" "ARCHIVER=arm-none-eabi-ar" "COMPILER_FLAGS=  -O2 -c" "EXTRA_COMPILER_FLAGS=-mcpu=cortex-a9 -mfpu=vfpv3 -mfloat-abi=hard -nos
TRACE::2026-09-14.21:57:00::SCWMssOS::tartfiles -g -Wall -Wextra -fno-tree-loop-distribute-patterns"

TRACE::2026-09-14.21:57:00::SCWMssOS::"Running Make include in ps7_cortexa9_0/libsrc/gpio_v4_9/src"

TRACE::2026-09-14.21:57:00::SCWMssOS::make -C ps7_cortexa9_0/libsrc/gpio_v4_9/src -s include  "SHELL=CMD" "COMPILER=arm-none-eabi-gcc" "ASSEMBLER=arm-none-eabi-as" "
TRACE::2026-09-14.21:57:00::SCWMssOS::ARCHIVER=arm-none-eabi-ar" "COMPILER_FLAGS=  -O2 -c" "EXTRA_COMPILER_FLAGS=-mcpu=cortex-a9 -mfpu=vfpv3 -mfloat-abi=hard -nostar
TRACE::2026-09-14.21:57:00::SCWMssOS::tfiles -g -Wall -Wextra -fno-tree-loop-distribute-patterns"

TRACE::2026-09-14.21:57:00::SCWMssOS::"Running Make include in ps7_cortexa9_0/libsrc/qspips_v3_10/src"

TRACE::2026-09-14.21:57:00::SCWMssOS::make -C ps7_cortexa9_0/libsrc/qspips_v3_10/src -s include  "SHELL=CMD" "COMPILER=arm-none-eabi-gcc" "ASSEMBLER=arm-none-eabi-as
TRACE::2026-09-14.21:57:00::SCWMssOS::" "ARCHIVER=arm-none-eabi-ar" "COMPILER_FLAGS=  -O2 -c" "EXTRA_COMPILER_FLAGS=-mcpu=cortex-a9 -mfpu=vfpv3 -mfloat-abi=hard -nos
TRACE::2026-09-14.21:57:00::SCWMssOS::tartfiles -g -Wall -Wextra -fno-tree-loop-distribute-patterns"

TRACE::2026-09-14.21:57:00::SCWMssOS::"Running Make include in ps7_cortexa9_0/libsrc/scugic_v5_1/src"

TRACE::2026-09-14.21:57:00::SCWMssOS::make -C ps7_cortexa9_0/libsrc/scugic_v5_1/src -s include  "SHELL=CMD" "COMPILER=arm-none-eabi-gcc" "ASSEMBLER=arm-none-eabi-as"
TRACE::2026-09-14.21:57:00::SCWMssOS:: "ARCHIVER=arm-none-eabi-ar" "COMPILER_FLAGS=  -O2 -c" "EXTRA_COMPILER_FLAGS=-mcpu=cortex-a9 -mfpu=vfpv3 -mfloat-abi=hard -nost
TRACE::2026-09-14.21:57:00::SCWMssOS::artfiles -g -Wall -Wextra -fno-tree-loop-distribute-patterns"

TRACE::2026-09-14.21:57:00::SCWMssOS::"Running Make include in ps7_cortexa9_0/libsrc/scutimer_v2_4/src"

TRACE::2026-09-14.21:57:00::SCWMssOS::make -C ps7_cortexa9_0/libsrc/scutimer_v2_4/src -s include  "SHELL=CMD" "COMPILER=arm-none-eabi-gcc" "ASSEMBLER=arm-none-eabi-a
TRACE::2026-09-14.21:57:00::SCWMssOS::s" "ARCHIVER=arm-none-eabi-ar" "COMPILER_FLAGS=  -O2 -c" "EXTRA_COMPILER_FLAGS=-mcpu=cortex-a9 -mfpu=vfpv3 -mfloat-abi=hard -no
TRACE::2026-09-14.21:57:00::SCWMssOS::startfiles -g -Wall -Wextra -fno-tree-loop-distribute-patterns"

TRACE::2026-09-14.21:57:00::SCWMssOS::"Running Make include in ps7_cortexa9_0/libsrc/scuwdt_v2_4/src"

TRACE::2026-09-14.21:57:00::SCWMssOS::make -C ps7_cortexa9_0/libsrc/scuwdt_v2_4/src -s include  "SHELL=CMD" "COMPILER=arm-none-eabi-gcc" "ASSEMBLER=arm-none-eabi-as"
TRACE::2026-09-14.21:57:00::SCWMssOS:: "ARCHIVER=arm-none-eabi-ar" "COMPILER_FLAGS=  -O2 -c" "EXTRA_COMPILER_FLAGS=-mcpu=cortex-a9 -mfpu=vfpv3 -mfloat-abi=hard -nost
TRACE::2026-09-14.21:57:00::SCWMssOS::artfiles -g -Wall -Wextra -fno-tree-loop-distribute-patterns"

TRACE::2026-09-14.21:57:00::SCWMssOS::"Running Make include in ps7_cortexa9_0/libsrc/sdps_v4_1/src"

TRACE::2026-09-14.21:57:00::SCWMssOS::make -C ps7_cortexa9_0/libsrc/sdps_v4_1/src -s include  "SHELL=CMD" "COMPILER=arm-none-eabi-gcc" "ASSEMBLER=arm-none-eabi-as" "
TRACE::2026-09-14.21:57:00::SCWMssOS::ARCHIVER=arm-none-eabi-ar" "COMPILER_FLAGS=  -O2 -c" "EXTRA_COMPILER_FLAGS=-mcpu=cortex-a9 -mfpu=vfpv3 -mfloat-abi=hard -nostar
TRACE::2026-09-14.21:57:00::SCWMssOS::tfiles -g -Wall -Wextra -fno-tree-loop-distribute-patterns"

TRACE::2026-09-14.21:57:00::SCWMssOS::"Running Make include in ps7_cortexa9_0/libsrc/standalone_v8_1/src"

TRACE::2026-09-14.21:57:00::SCWMssOS::make -C ps7_cortexa9_0/libsrc/standalone_v8_1/src -s include  "SHELL=CMD" "COMPILER=arm-none-eabi-gcc" "ASSEMBLER=arm-none-eabi
TRACE::2026-09-14.21:57:00::SCWMssOS::-as" "ARCHIVER=arm-none-eabi-ar" "COMPILER_FLAGS=  -O2 -c" "EXTRA_COMPILER_FLAGS=-mcpu=cortex-a9 -mfpu=vfpv3 -mfloat-abi=hard -
TRACE::2026-09-14.21:57:00::SCWMssOS::nostartfiles -g -Wall -Wextra -fno-tree-loop-distribute-patterns"

TRACE::2026-09-14.21:57:00::SCWMssOS::"Running Make include in ps7_cortexa9_0/libsrc/uartps_v3_12/src"

TRACE::2026-09-14.21:57:00::SCWMssOS::make -C ps7_cortexa9_0/libsrc/uartps_v3_12/src -s include  "SHELL=CMD" "COMPILER=arm-none-eabi-gcc" "ASSEMBLER=arm-none-eabi-as
TRACE::2026-09-14.21:57:00::SCWMssOS::" "ARCHIVER=arm-none-eabi-ar" "COMPILER_FLAGS=  -O2 -c" "EXTRA_COMPILER_FLAGS=-mcpu=cortex-a9 -mfpu=vfpv3 -mfloat-abi=hard -nos
TRACE::2026-09-14.21:57:00::SCWMssOS::tartfiles -g -Wall -Wextra -fno-tree-loop-distribute-patterns"

TRACE::2026-09-14.21:57:00::SCWMssOS::"Running Make include in ps7_cortexa9_0/libsrc/usbps_v2_7/src"

TRACE::2026-09-14.21:57:00::SCWMssOS::make -C ps7_cortexa9_0/libsrc/usbps_v2_7/src -s include  "SHELL=CMD" "COMPILER=arm-none-eabi-gcc" "ASSEMBLER=arm-none-eabi-as" 
TRACE::2026-09-14.21:57:00::SCWMssOS::"ARCHIVER=arm-none-eabi-ar" "COMPILER_FLAGS=  -O2 -c" "EXTRA_COMPILER_FLAGS=-mcpu=cortex-a9 -mfpu=vfpv3 -mfloat-abi=hard -nosta
TRACE::2026-09-14.21:57:00::SCWMssOS::rtfiles -g -Wall -Wextra -fno-tree-loop-distribute-patterns"

TRACE::2026-09-14.21:57:01::SCWMssOS::"Running Make include in ps7_cortexa9_0/libsrc/xadcps_v2_6/src"

TRACE::2026-09-14.21:57:01::SCWMssOS::make -C ps7_cortexa9_0/libsrc/xadcps_v2_6/src -s include  "SHELL=CMD" "COMPILER=arm-none-eabi-gcc" "ASSEMBLER=arm-none-eabi-as"
TRACE::2026-09-14.21:57:01::SCWMssOS:: "ARCHIVER=arm-none-eabi-ar" "COMPILER_FLAGS=  -O2 -c" "EXTRA_COMPILER_FLAGS=-mcpu=cortex-a9 -mfpu=vfpv3 -mfloat-abi=hard -nost
TRACE::2026-09-14.21:57:01::SCWMssOS::artfiles -g -Wall -Wextra -fno-tree-loop-distribute-patterns"

TRACE::2026-09-14.21:57:01::SCWMssOS::"Running Make libs in ps7_cortexa9_0/libsrc/coresightps_dcc_v1_8/src"

TRACE::2026-09-14.21:57:01::SCWMssOS::make -C ps7_cortexa9_0/libsrc/coresightps_dcc_v1_8/src -s libs  "SHELL=CMD" "COMPILER=arm-none-eabi-gcc" "ASSEMBLER=arm-none-ea
TRACE::2026-09-14.21:57:01::SCWMssOS::bi-as" "ARCHIVER=arm-none-eabi-ar" "COMPILER_FLAGS=  -O2 -c" "EXTRA_COMPILER_FLAGS=-mcpu=cortex-a9 -mfpu=vfpv3 -mfloat-abi=hard
TRACE::2026-09-14.21:57:01::SCWMssOS:: -nostartfiles -g -Wall -Wextra -fno-tree-loop-distribute-patterns"

TRACE::2026-09-14.21:57:01::SCWMssOS::"Running Make libs in ps7_cortexa9_0/libsrc/cpu_cortexa9_v2_11/src"

TRACE::2026-09-14.21:57:01::SCWMssOS::make -C ps7_cortexa9_0/libsrc/cpu_cortexa9_v2_11/src -s libs  "SHELL=CMD" "COMPILER=arm-none-eabi-gcc" "ASSEMBLER=arm-none-eabi
TRACE::2026-09-14.21:57:01::SCWMssOS::-as" "ARCHIVER=arm-none-eabi-ar" "COMPILER_FLAGS=  -O2 -c" "EXTRA_COMPILER_FLAGS=-mcpu=cortex-a9 -mfpu=vfpv3 -mfloat-abi=hard -
TRACE::2026-09-14.21:57:01::SCWMssOS::nostartfiles -g -Wall -Wextra -fno-tree-loop-distribute-patterns"

TRACE::2026-09-14.21:57:01::SCWMssOS::"Running Make libs in ps7_cortexa9_0/libsrc/ddrps_v1_2/src"

TRACE::2026-09-14.21:57:01::SCWMssOS::make -C ps7_cortexa9_0/libsrc/ddrps_v1_2/src -s libs  "SHELL=CMD" "COMPILER=arm-none-eabi-gcc" "ASSEMBLER=arm-none-eabi-as" "AR
TRACE::2026-09-14.21:57:01::SCWMssOS::CHIVER=arm-none-eabi-ar" "COMPILER_FLAGS=  -O2 -c" "EXTRA_COMPILER_FLAGS=-mcpu=cortex-a9 -mfpu=vfpv3 -mfloat-abi=hard -nostartf
TRACE::2026-09-14.21:57:01::SCWMssOS::iles -g -Wall -Wextra -fno-tree-loop-distribute-patterns"

TRACE::2026-09-14.21:57:01::SCWMssOS::"Running Make libs in ps7_cortexa9_0/libsrc/devcfg_v3_7/src"

TRACE::2026-09-14.21:57:01::SCWMssOS::make -C ps7_cortexa9_0/libsrc/devcfg_v3_7/src -s libs  "SHELL=CMD" "COMPILER=arm-none-eabi-gcc" "ASSEMBLER=arm-none-eabi-as" "A
TRACE::2026-09-14.21:57:01::SCWMssOS::RCHIVER=arm-none-eabi-ar" "COMPILER_FLAGS=  -O2 -c" "EXTRA_COMPILER_FLAGS=-mcpu=cortex-a9 -mfpu=vfpv3 -mfloat-abi=hard -nostart
TRACE::2026-09-14.21:57:01::SCWMssOS::files -g -Wall -Wextra -fno-tree-loop-distribute-patterns"

TRACE::2026-09-14.21:57:01::SCWMssOS::"Running Make libs in ps7_cortexa9_0/libsrc/dmaps_v2_8/src"

TRACE::2026-09-14.21:57:01::SCWMssOS::make -C ps7_cortexa9_0/libsrc/dmaps_v2_8/src -s libs  "SHELL=CMD" "COMPILER=arm-none-eabi-gcc" "ASSEMBLER=arm-none-eabi-as" "AR
TRACE::2026-09-14.21:57:01::SCWMssOS::CHIVER=arm-none-eabi-ar" "COMPILER_FLAGS=  -O2 -c" "EXTRA_COMPILER_FLAGS=-mcpu=cortex-a9 -mfpu=vfpv3 -mfloat-abi=hard -nostartf
TRACE::2026-09-14.21:57:01::SCWMssOS::iles -g -Wall -Wextra -fno-tree-loop-distribute-patterns"

TRACE::2026-09-14.21:57:01::SCWMssOS::"Running Make libs in ps7_cortexa9_0/libsrc/emacps_v3_18/src"

TRACE::2026-09-14.21:57:01::SCWMssOS::make -C ps7_cortexa9_0/libsrc/emacps_v3_18/src -s libs  "SHELL=CMD" "COMPILER=arm-none-eabi-gcc" "ASSEMBLER=arm-none-eabi-as" "
TRACE::2026-09-14.21:57:01::SCWMssOS::ARCHIVER=arm-none-eabi-ar" "COMPILER_FLAGS=  -O2 -c" "EXTRA_COMPILER_FLAGS=-mcpu=cortex-a9 -mfpu=vfpv3 -mfloat-abi=hard -nostar
TRACE::2026-09-14.21:57:01::SCWMssOS::tfiles -g -Wall -Wextra -fno-tree-loop-distribute-patterns"

TRACE::2026-09-14.21:57:01::SCWMssOS::"Running Make libs in ps7_cortexa9_0/libsrc/gpiops_v3_11/src"

TRACE::2026-09-14.21:57:01::SCWMssOS::make -C ps7_cortexa9_0/libsrc/gpiops_v3_11/src -s libs  "SHELL=CMD" "COMPILER=arm-none-eabi-gcc" "ASSEMBLER=arm-none-eabi-as" "
TRACE::2026-09-14.21:57:01::SCWMssOS::ARCHIVER=arm-none-eabi-ar" "COMPILER_FLAGS=  -O2 -c" "EXTRA_COMPILER_FLAGS=-mcpu=cortex-a9 -mfpu=vfpv3 -mfloat-abi=hard -nostar
TRACE::2026-09-14.21:57:01::SCWMssOS::tfiles -g -Wall -Wextra -fno-tree-loop-distribute-patterns"

TRACE::2026-09-14.21:57:01::SCWMssOS::"Running Make libs in ps7_cortexa9_0/libsrc/gpio_v4_9/src"

TRACE::2026-09-14.21:57:01::SCWMssOS::make -C ps7_cortexa9_0/libsrc/gpio_v4_9/src -s libs  "SHELL=CMD" "COMPILER=arm-none-eabi-gcc" "ASSEMBLER=arm-none-eabi-as" "ARC
TRACE::2026-09-14.21:57:01::SCWMssOS::HIVER=arm-none-eabi-ar" "COMPILER_FLAGS=  -O2 -c" "EXTRA_COMPILER_FLAGS=-mcpu=cortex-a9 -mfpu=vfpv3 -mfloat-abi=hard -nostartfi
TRACE::2026-09-14.21:57:01::SCWMssOS::les -g -Wall -Wextra -fno-tree-loop-distribute-patterns"

TRACE::2026-09-14.21:57:01::SCWMssOS::"Running Make libs in ps7_cortexa9_0/libsrc/qspips_v3_10/src"

TRACE::2026-09-14.21:57:01::SCWMssOS::make -C ps7_cortexa9_0/libsrc/qspips_v3_10/src -s libs  "SHELL=CMD" "COMPILER=arm-none-eabi-gcc" "ASSEMBLER=arm-none-eabi-as" "
TRACE::2026-09-14.21:57:01::SCWMssOS::ARCHIVER=arm-none-eabi-ar" "COMPILER_FLAGS=  -O2 -c" "EXTRA_COMPILER_FLAGS=-mcpu=cortex-a9 -mfpu=vfpv3 -mfloat-abi=hard -nostar
TRACE::2026-09-14.21:57:01::SCWMssOS::tfiles -g -Wall -Wextra -fno-tree-loop-distribute-patterns"

TRACE::2026-09-14.21:57:01::SCWMssOS::"Running Make libs in ps7_cortexa9_0/libsrc/scugic_v5_1/src"

TRACE::2026-09-14.21:57:01::SCWMssOS::make -C ps7_cortexa9_0/libsrc/scugic_v5_1/src -s libs  "SHELL=CMD" "COMPILER=arm-none-eabi-gcc" "ASSEMBLER=arm-none-eabi-as" "A
TRACE::2026-09-14.21:57:01::SCWMssOS::RCHIVER=arm-none-eabi-ar" "COMPILER_FLAGS=  -O2 -c" "EXTRA_COMPILER_FLAGS=-mcpu=cortex-a9 -mfpu=vfpv3 -mfloat-abi=hard -nostart
TRACE::2026-09-14.21:57:01::SCWMssOS::files -g -Wall -Wextra -fno-tree-loop-distribute-patterns"

TRACE::2026-09-14.21:57:01::SCWMssOS::"Running Make libs in ps7_cortexa9_0/libsrc/scutimer_v2_4/src"

TRACE::2026-09-14.21:57:01::SCWMssOS::make -C ps7_cortexa9_0/libsrc/scutimer_v2_4/src -s libs  "SHELL=CMD" "COMPILER=arm-none-eabi-gcc" "ASSEMBLER=arm-none-eabi-as" 
TRACE::2026-09-14.21:57:01::SCWMssOS::"ARCHIVER=arm-none-eabi-ar" "COMPILER_FLAGS=  -O2 -c" "EXTRA_COMPILER_FLAGS=-mcpu=cortex-a9 -mfpu=vfpv3 -mfloat-abi=hard -nosta
TRACE::2026-09-14.21:57:01::SCWMssOS::rtfiles -g -Wall -Wextra -fno-tree-loop-distribute-patterns"

TRACE::2026-09-14.21:57:01::SCWMssOS::"Running Make libs in ps7_cortexa9_0/libsrc/scuwdt_v2_4/src"

TRACE::2026-09-14.21:57:01::SCWMssOS::make -C ps7_cortexa9_0/libsrc/scuwdt_v2_4/src -s libs  "SHELL=CMD" "COMPILER=arm-none-eabi-gcc" "ASSEMBLER=arm-none-eabi-as" "A
TRACE::2026-09-14.21:57:01::SCWMssOS::RCHIVER=arm-none-eabi-ar" "COMPILER_FLAGS=  -O2 -c" "EXTRA_COMPILER_FLAGS=-mcpu=cortex-a9 -mfpu=vfpv3 -mfloat-abi=hard -nostart
TRACE::2026-09-14.21:57:01::SCWMssOS::files -g -Wall -Wextra -fno-tree-loop-distribute-patterns"

TRACE::2026-09-14.21:57:01::SCWMssOS::"Running Make libs in ps7_cortexa9_0/libsrc/sdps_v4_1/src"

TRACE::2026-09-14.21:57:01::SCWMssOS::make -C ps7_cortexa9_0/libsrc/sdps_v4_1/src -s libs  "SHELL=CMD" "COMPILER=arm-none-eabi-gcc" "ASSEMBLER=arm-none-eabi-as" "ARC
TRACE::2026-09-14.21:57:01::SCWMssOS::HIVER=arm-none-eabi-ar" "COMPILER_FLAGS=  -O2 -c" "EXTRA_COMPILER_FLAGS=-mcpu=cortex-a9 -mfpu=vfpv3 -mfloat-abi=hard -nostartfi
TRACE::2026-09-14.21:57:01::SCWMssOS::les -g -Wall -Wextra -fno-tree-loop-distribute-patterns"

TRACE::2026-09-14.21:57:01::SCWMssOS::"Running Make libs in ps7_cortexa9_0/libsrc/standalone_v8_1/src"

TRACE::2026-09-14.21:57:01::SCWMssOS::make -C ps7_cortexa9_0/libsrc/standalone_v8_1/src -s libs  "SHELL=CMD" "COMPILER=arm-none-eabi-gcc" "ASSEMBLER=arm-none-eabi-as
TRACE::2026-09-14.21:57:01::SCWMssOS::" "ARCHIVER=arm-none-eabi-ar" "COMPILER_FLAGS=  -O2 -c" "EXTRA_COMPILER_FLAGS=-mcpu=cortex-a9 -mfpu=vfpv3 -mfloat-abi=hard -nos
TRACE::2026-09-14.21:57:01::SCWMssOS::tartfiles -g -Wall -Wextra -fno-tree-loop-distribute-patterns"

TRACE::2026-09-14.21:57:01::SCWMssOS::"Running Make libs in ps7_cortexa9_0/libsrc/uartps_v3_12/src"

TRACE::2026-09-14.21:57:01::SCWMssOS::make -C ps7_cortexa9_0/libsrc/uartps_v3_12/src -s libs  "SHELL=CMD" "COMPILER=arm-none-eabi-gcc" "ASSEMBLER=arm-none-eabi-as" "
TRACE::2026-09-14.21:57:01::SCWMssOS::ARCHIVER=arm-none-eabi-ar" "COMPILER_FLAGS=  -O2 -c" "EXTRA_COMPILER_FLAGS=-mcpu=cortex-a9 -mfpu=vfpv3 -mfloat-abi=hard -nostar
TRACE::2026-09-14.21:57:01::SCWMssOS::tfiles -g -Wall -Wextra -fno-tree-loop-distribute-patterns"

TRACE::2026-09-14.21:57:01::SCWMssOS::"Running Make libs in ps7_cortexa9_0/libsrc/usbps_v2_7/src"

TRACE::2026-09-14.21:57:01::SCWMssOS::make -C ps7_cortexa9_0/libsrc/usbps_v2_7/src -s libs  "SHELL=CMD" "COMPILER=arm-none-eabi-gcc" "ASSEMBLER=arm-none-eabi-as" "AR
TRACE::2026-09-14.21:57:01::SCWMssOS::CHIVER=arm-none-eabi-ar" "COMPILER_FLAGS=  -O2 -c" "EXTRA_COMPILER_FLAGS=-mcpu=cortex-a9 -mfpu=vfpv3 -mfloat-abi=hard -nostartf
TRACE::2026-09-14.21:57:01::SCWMssOS::iles -g -Wall -Wextra -fno-tree-loop-distribute-patterns"

TRACE::2026-09-14.21:57:02::SCWMssOS::"Running Make libs in ps7_cortexa9_0/libsrc/xadcps_v2_6/src"

TRACE::2026-09-14.21:57:02::SCWMssOS::make -C ps7_cortexa9_0/libsrc/xadcps_v2_6/src -s libs  "SHELL=CMD" "COMPILER=arm-none-eabi-gcc" "ASSEMBLER=arm-none-eabi-as" "A
TRACE::2026-09-14.21:57:02::SCWMssOS::RCHIVER=arm-none-eabi-ar" "COMPILER_FLAGS=  -O2 -c" "EXTRA_COMPILER_FLAGS=-mcpu=cortex-a9 -mfpu=vfpv3 -mfloat-abi=hard -nostart
TRACE::2026-09-14.21:57:02::SCWMssOS::files -g -Wall -Wextra -fno-tree-loop-distribute-patterns"

TRACE::2026-09-14.21:57:02::SCWMssOS::'Finished building libraries parallelly.'

TRACE::2026-09-14.21:57:02::SCWMssOS::make --no-print-directory archive

TRACE::2026-09-14.21:57:02::SCWMssOS::arm-none-eabi-ar -r  ps7_cortexa9_0/lib/libxil.a ps7_cortexa9_0/lib/_exit.o ps7_cortexa9_0/lib/_open.o ps7_cortexa9_0/lib/_sbrk
TRACE::2026-09-14.21:57:02::SCWMssOS::.o ps7_cortexa9_0/lib/abort.o ps7_cortexa9_0/lib/asm_vectors.o ps7_cortexa9_0/lib/boot.o ps7_cortexa9_0/lib/close.o ps7_cortexa
TRACE::2026-09-14.21:57:02::SCWMssOS::9_0/lib/cpputest_time.o ps7_cortexa9_0/lib/cpu_init.o ps7_cortexa9_0/lib/errno.o ps7_cortexa9_0/lib/fcntl.o ps7_cortexa9_0/lib/
TRACE::2026-09-14.21:57:02::SCWMssOS::fstat.o ps7_cortexa9_0/lib/getentropy.o ps7_cortexa9_0/lib/getpid.o ps7_cortexa9_0/lib/inbyte.o ps7_cortexa9_0/lib/isatty.o ps7
TRACE::2026-09-14.21:57:02::SCWMssOS::_cortexa9_0/lib/kill.o ps7_cortexa9_0/lib/lseek.o ps7_cortexa9_0/lib/open.o ps7_cortexa9_0/lib/outbyte.o ps7_cortexa9_0/lib/pri
TRACE::2026-09-14.21:57:02::SCWMssOS::nt.o ps7_cortexa9_0/lib/putnum.o ps7_cortexa9_0/lib/read.o ps7_cortexa9_0/lib/sbrk.o ps7_cortexa9_0/lib/sleep.o ps7_cortexa9_0/
TRACE::2026-09-14.21:57:02::SCWMssOS::lib/time.o ps7_cortexa9_0/lib/translation_table.o ps7_cortexa9_0/lib/unlink.o ps7_cortexa9_0/lib/usleep.o ps7_cortexa9_0/lib/ve
TRACE::2026-09-14.21:57:02::SCWMssOS::ctors.o ps7_cortexa9_0/lib/write.o ps7_cortexa9_0/lib/xadcps.o ps7_cortexa9_0/lib/xadcps_g.o ps7_cortexa9_0/lib/xadcps_intr.o p
TRACE::2026-09-14.21:57:02::SCWMssOS::s7_cortexa9_0/lib/xadcps_selftest.o ps7_cortexa9_0/lib/xadcps_sinit.o ps7_cortexa9_0/lib/xcoresightpsdcc.o ps7_cortexa9_0/lib/x
TRACE::2026-09-14.21:57:02::SCWMssOS::devcfg.o ps7_cortexa9_0/lib/xdevcfg_g.o ps7_cortexa9_0/lib/xdevcfg_hw.o ps7_cortexa9_0/lib/xdevcfg_intr.o ps7_cortexa9_0/lib/xd
TRACE::2026-09-14.21:57:02::SCWMssOS::evcfg_selftest.o ps7_cortexa9_0/lib/xdevcfg_sinit.o ps7_cortexa9_0/lib/xdmaps.o ps7_cortexa9_0/lib/xdmaps_g.o ps7_cortexa9_0/li
TRACE::2026-09-14.21:57:02::SCWMssOS::b/xdmaps_hw.o ps7_cortexa9_0/lib/xdmaps_selftest.o ps7_cortexa9_0/lib/xdmaps_sinit.o ps7_cortexa9_0/lib/xemacps.o ps7_cortexa9_
TRACE::2026-09-14.21:57:02::SCWMssOS::0/lib/xemacps_bdring.o ps7_cortexa9_0/lib/xemacps_control.o ps7_cortexa9_0/lib/xemacps_g.o ps7_cortexa9_0/lib/xemacps_hw.o ps7_
TRACE::2026-09-14.21:57:02::SCWMssOS::cortexa9_0/lib/xemacps_intr.o ps7_cortexa9_0/lib/xemacps_sinit.o ps7_cortexa9_0/lib/xgpio.o ps7_cortexa9_0/lib/xgpio_extra.o ps
TRACE::2026-09-14.21:57:02::SCWMssOS::7_cortexa9_0/lib/xgpio_g.o ps7_cortexa9_0/lib/xgpio_intr.o ps7_cortexa9_0/lib/xgpio_selftest.o ps7_cortexa9_0/lib/xgpio_sinit.o
TRACE::2026-09-14.21:57:02::SCWMssOS:: ps7_cortexa9_0/lib/xgpiops.o ps7_cortexa9_0/lib/xgpiops_g.o ps7_cortexa9_0/lib/xgpiops_hw.o ps7_cortexa9_0/lib/xgpiops_intr.o 
TRACE::2026-09-14.21:57:02::SCWMssOS::ps7_cortexa9_0/lib/xgpiops_selftest.o ps7_cortexa9_0/lib/xgpiops_sinit.o ps7_cortexa9_0/lib/xil-crt0.o ps7_cortexa9_0/lib/xil_a
TRACE::2026-09-14.21:57:02::SCWMssOS::ssert.o ps7_cortexa9_0/lib/xil_cache.o ps7_cortexa9_0/lib/xil_clocking.o ps7_cortexa9_0/lib/xil_exception.o ps7_cortexa9_0/lib/
TRACE::2026-09-14.21:57:02::SCWMssOS::xil_mem.o ps7_cortexa9_0/lib/xil_misc_psreset_api.o ps7_cortexa9_0/lib/xil_mmu.o ps7_cortexa9_0/lib/xil_printf.o ps7_cortexa9_0
TRACE::2026-09-14.21:57:02::SCWMssOS::/lib/xil_sleepcommon.o ps7_cortexa9_0/lib/xil_sleeptimer.o ps7_cortexa9_0/lib/xil_spinlock.o ps7_cortexa9_0/lib/xil_testcache.o
TRACE::2026-09-14.21:57:02::SCWMssOS:: ps7_cortexa9_0/lib/xil_testio.o ps7_cortexa9_0/lib/xil_testmem.o ps7_cortexa9_0/lib/xil_util.o ps7_cortexa9_0/lib/xinterrupt_w
TRACE::2026-09-14.21:57:02::SCWMssOS::rap.o ps7_cortexa9_0/lib/xl2cc_counter.o ps7_cortexa9_0/lib/xplatform_info.o ps7_cortexa9_0/lib/xpm_counter.o ps7_cortexa9_0/li
TRACE::2026-09-14.21:57:02::SCWMssOS::b/xqspips.o ps7_cortexa9_0/lib/xqspips_g.o ps7_cortexa9_0/lib/xqspips_hw.o ps7_cortexa9_0/lib/xqspips_options.o ps7_cortexa9_0/
TRACE::2026-09-14.21:57:02::SCWMssOS::lib/xqspips_selftest.o ps7_cortexa9_0/lib/xqspips_sinit.o ps7_cortexa9_0/lib/xscugic.o ps7_cortexa9_0/lib/xscugic_g.o ps7_corte
TRACE::2026-09-14.21:57:02::SCWMssOS::xa9_0/lib/xscugic_hw.o ps7_cortexa9_0/lib/xscugic_intr.o ps7_cortexa9_0/lib/xscugic_selftest.o ps7_cortexa9_0/lib/xscugic_sinit
TRACE::2026-09-14.21:57:02::SCWMssOS::.o ps7_cortexa9_0/lib/xscutimer.o ps7_cortexa9_0/lib/xscutimer_g.o ps7_cortexa9_0/lib/xscutimer_selftest.o ps7_cortexa9_0/lib/x
TRACE::2026-09-14.21:57:02::SCWMssOS::scutimer_sinit.o ps7_cortexa9_0/lib/xscuwdt.o ps7_cortexa9_0/lib/xscuwdt_g.o ps7_cortexa9_0/lib/xscuwdt_selftest.o ps7_cortexa9
TRACE::2026-09-14.21:57:02::SCWMssOS::_0/lib/xscuwdt_sinit.o ps7_cortexa9_0/lib/xsdps.o ps7_cortexa9_0/lib/xsdps_card.o ps7_cortexa9_0/lib/xsdps_g.o ps7_cortexa9_0/l
TRACE::2026-09-14.21:57:02::SCWMssOS::ib/xsdps_host.o ps7_cortexa9_0/lib/xsdps_options.o ps7_cortexa9_0/lib/xsdps_sinit.o ps7_cortexa9_0/lib/xtime_l.o ps7_cortexa9_0
TRACE::2026-09-14.21:57:02::SCWMssOS::/lib/xuartps.o ps7_cortexa9_0/lib/xuartps_g.o ps7_cortexa9_0/lib/xuartps_hw.o ps7_cortexa9_0/lib/xuartps_intr.o ps7_cortexa9_0/
TRACE::2026-09-14.21:57:02::SCWMssOS::lib/xuartps_options.o ps7_cortexa9_0/lib/xuartps_selftest.o ps7_cortexa9_0/lib/xuartps_sinit.o ps7_cortexa9_0/lib/xusbps.o ps7_
TRACE::2026-09-14.21:57:02::SCWMssOS::cortexa9_0/lib/xusbps_endpoint.o ps7_cortexa9_0/lib/xusbps_g.o ps7_cortexa9_0/lib/xusbps_hw.o ps7_cortexa9_0/lib/xusbps_intr.o 
TRACE::2026-09-14.21:57:02::SCWMssOS::ps7_cortexa9_0/lib/xusbps_sinit.o

TRACE::2026-09-14.21:57:03::SCWMssOS::'Finished building libraries'

TRACE::2026-09-14.21:57:03::SCWMssOS::Copying to export directory.
TRACE::2026-09-14.21:57:04::SCWMssOS:: Checking if to create the Supporting Applications
TRACE::2026-09-14.21:57:04::SCWMssOS:: No Linux domain exists, trying to generate FSBL 
LOG::2026-09-14.21:57:04::SCWSystem::Completed Processing the domain standalone_domain
LOG::2026-09-14.21:57:04::SCWSystem::Completed Processing the sysconfig axi_gpio_platform_T1
LOG::2026-09-14.21:57:04::SCWPlatform::Completed generating the artifacts for system configuration axi_gpio_platform_T1
TRACE::2026-09-14.21:57:04::SCWPlatform::Started preparing the platform 
TRACE::2026-09-14.21:57:04::SCWSystem::Writing the bif file for system config axi_gpio_platform_T1
TRACE::2026-09-14.21:57:04::SCWSystem::dir created 
TRACE::2026-09-14.21:57:04::SCWSystem::Writing the bif 
TRACE::2026-09-14.21:57:04::SCWPlatform::Started writing the spfm file 
TRACE::2026-09-14.21:57:04::SCWPlatform::Started writing the xpfm file 
TRACE::2026-09-14.21:57:04::SCWPlatform::Completed generating the platform
TRACE::2026-09-14.21:57:04::SCWMssOS::Saving the mss changes C:/ECE520/Vivado/Lab2/axi_gpio_ab/axi_gpio_vitis_T1/axi_gpio_platform_T1/zynq_fsbl/zynq_fsbl_bsp/system.mss
TRACE::2026-09-14.21:57:04::SCWMssOS::Found a swdesign opened with the mssfile.
TRACE::2026-09-14.21:57:04::SCWMssOS::Completed writemss as part of save.
TRACE::2026-09-14.21:57:04::SCWMssOS::Commit changes completed.
TRACE::2026-09-14.21:57:04::SCWMssOS::Saving the mss changes C:/ECE520/Vivado/Lab2/axi_gpio_ab/axi_gpio_vitis_T1/axi_gpio_platform_T1/ps7_cortexa9_0/standalone_domain/bsp/system.mss
TRACE::2026-09-14.21:57:04::SCWMssOS::Found a swdesign opened with the mssfile.
TRACE::2026-09-14.21:57:04::SCWMssOS::Completed writemss as part of save.
TRACE::2026-09-14.21:57:04::SCWMssOS::Commit changes completed.
TRACE::2026-09-14.21:57:04::SCWPlatform::Trying to open the hw design at C:/ECE520/Vivado/Lab2/axi_gpio_ab/axi_gpio_vitis_T1/axi_gpio_platform_T1/hw/axi_gpio_ab_wrapper_T1.xsa
TRACE::2026-09-14.21:57:04::SCWPlatform::DSA given C:/ECE520/Vivado/Lab2/axi_gpio_ab/axi_gpio_vitis_T1/axi_gpio_platform_T1/hw/axi_gpio_ab_wrapper_T1.xsa
TRACE::2026-09-14.21:57:04::SCWPlatform::DSA absoulate path C:/ECE520/Vivado/Lab2/axi_gpio_ab/axi_gpio_vitis_T1/axi_gpio_platform_T1/hw/axi_gpio_ab_wrapper_T1.xsa
TRACE::2026-09-14.21:57:04::SCWPlatform::DSA directory C:/ECE520/Vivado/Lab2/axi_gpio_ab/axi_gpio_vitis_T1/axi_gpio_platform_T1/hw
TRACE::2026-09-14.21:57:04::SCWPlatform:: Platform Path C:/ECE520/Vivado/Lab2/axi_gpio_ab/axi_gpio_vitis_T1/axi_gpio_platform_T1/hw/axi_gpio_ab_wrapper_T1.xsa
TRACE::2026-09-14.21:57:04::SCWPlatform:: Unique name xilinx:zybo-z7-10::0.0
TRACE::2026-09-14.21:57:04::SCWPlatform::Trying to set the existing hwdb with name axi_gpio_ab_wrapper
TRACE::2026-09-14.21:57:04::SCWPlatform::Opened existing hwdb axi_gpio_ab_wrapper
TRACE::2026-09-14.21:57:04::SCWPlatform::Found the Hw Db part of the input DSA
TRACE::2026-09-14.21:57:04::SCWMssOS::Checking the sw design at  C:/ECE520/Vivado/Lab2/axi_gpio_ab/axi_gpio_vitis_T1/axi_gpio_platform_T1/zynq_fsbl/zynq_fsbl_bsp/system.mss
TRACE::2026-09-14.21:57:04::SCWMssOS::DEBUG:  swdes dump  C:/ECE520/Vivado/Lab2/axi_gpio_ab/axi_gpio_vitis_T1/axi_gpio_platform_T1/ps7_cortexa9_0/standalone_domain/bsp/system.mss|system_0||
C:/ECE520/Vivado/Lab2/axi_gpio_ab/axi_gpio_vitis_T1/axi_gpio_platform_T1/zynq_fsbl/zynq_fsbl_bsp/system.mss|system||

TRACE::2026-09-14.21:57:04::SCWMssOS::Sw design exists and opened at  C:/ECE520/Vivado/Lab2/axi_gpio_ab/axi_gpio_vitis_T1/axi_gpio_platform_T1/zynq_fsbl/zynq_fsbl_bsp/system.mss
TRACE::2026-09-14.21:57:04::SCWPlatform::Trying to open the hw design at C:/ECE520/Vivado/Lab2/axi_gpio_ab/axi_gpio_vitis_T1/axi_gpio_platform_T1/hw/axi_gpio_ab_wrapper_T1.xsa
TRACE::2026-09-14.21:57:04::SCWPlatform::DSA given C:/ECE520/Vivado/Lab2/axi_gpio_ab/axi_gpio_vitis_T1/axi_gpio_platform_T1/hw/axi_gpio_ab_wrapper_T1.xsa
TRACE::2026-09-14.21:57:04::SCWPlatform::DSA absoulate path C:/ECE520/Vivado/Lab2/axi_gpio_ab/axi_gpio_vitis_T1/axi_gpio_platform_T1/hw/axi_gpio_ab_wrapper_T1.xsa
TRACE::2026-09-14.21:57:04::SCWPlatform::DSA directory C:/ECE520/Vivado/Lab2/axi_gpio_ab/axi_gpio_vitis_T1/axi_gpio_platform_T1/hw
TRACE::2026-09-14.21:57:04::SCWPlatform:: Platform Path C:/ECE520/Vivado/Lab2/axi_gpio_ab/axi_gpio_vitis_T1/axi_gpio_platform_T1/hw/axi_gpio_ab_wrapper_T1.xsa
TRACE::2026-09-14.21:57:04::SCWPlatform:: Unique name xilinx:zybo-z7-10::0.0
TRACE::2026-09-14.21:57:04::SCWPlatform::Trying to set the existing hwdb with name axi_gpio_ab_wrapper
TRACE::2026-09-14.21:57:04::SCWPlatform::Opened existing hwdb axi_gpio_ab_wrapper
TRACE::2026-09-14.21:57:04::SCWPlatform::Found the Hw Db part of the input DSA
TRACE::2026-09-14.21:57:04::SCWMssOS::Checking the sw design at  C:/ECE520/Vivado/Lab2/axi_gpio_ab/axi_gpio_vitis_T1/axi_gpio_platform_T1/ps7_cortexa9_0/standalone_domain/bsp/system.mss
TRACE::2026-09-14.21:57:04::SCWMssOS::DEBUG:  swdes dump  C:/ECE520/Vivado/Lab2/axi_gpio_ab/axi_gpio_vitis_T1/axi_gpio_platform_T1/ps7_cortexa9_0/standalone_domain/bsp/system.mss|system_0||
C:/ECE520/Vivado/Lab2/axi_gpio_ab/axi_gpio_vitis_T1/axi_gpio_platform_T1/zynq_fsbl/zynq_fsbl_bsp/system.mss|system||

TRACE::2026-09-14.21:57:04::SCWMssOS::Sw design exists and opened at  C:/ECE520/Vivado/Lab2/axi_gpio_ab/axi_gpio_vitis_T1/axi_gpio_platform_T1/ps7_cortexa9_0/standalone_domain/bsp/system.mss
TRACE::2026-09-14.21:57:04::SCWWriter::formatted JSON is {
	"platformName":	"axi_gpio_platform_T1",
	"sprVersion":	"2.0",
	"mode":	"gui",
	"dsaType":	"Fixed",
	"platformDesc":	"axi_gpio_platform_T1",
	"platHandOff":	"C:/ECE520/Vivado/Lab2/axi_gpio_ab/axi_gpio_ab_wrapper_T1.xsa",
	"platIntHandOff":	"<platformDir>/hw/axi_gpio_ab_wrapper_T1.xsa",
	"deviceType":	"zynq",
	"platIsPrebuiltAutogen":	"false",
	"platIsNoBootBsp":	"false",
	"hasFsblMakeHasChanges":	"false",
	"hasPmufwMakeHasChanges":	"false",
	"fsblExtraCompilerFlags":	"-MMD -MP       -mcpu=cortex-a9 -mfpu=vfpv3 -mfloat-abi=hard ",
	"platPreBuiltFlag":	false,
	"platformSamplesDir":	"",
	"platActiveSys":	"axi_gpio_platform_T1",
	"systems":	[{
			"systemName":	"axi_gpio_platform_T1",
			"systemDesc":	"axi_gpio_platform_T1",
			"sysIsBootAutoGen":	"true",
			"systemDispName":	"axi_gpio_platform_T1",
			"sysActiveDom":	"standalone_domain",
			"sysDefaultDom":	"standalone_domain",
			"domains":	[{
					"domainName":	"zynq_fsbl",
					"domainDispName":	"zynq_fsbl",
					"domainDesc":	"FSBL Application BSP - Auto Generated.",
					"processors":	"ps7_cortexa9_0",
					"os":	"standalone",
					"sdxOs":	"standalone",
					"debugEnable":	"",
					"domRuntimes":	["cpp"],
					"swRepo":	"",
					"mssOsVer":	"8.1",
					"mssFile":	"",
					"md5Digest":	"65693ccea2e90031f2dc4733d5bd991b",
					"compatibleApp":	"zynq_fsbl",
					"domType":	"bootDomain",
					"arch":	"32-bit",
					"appSettings":	{
						"appCompilerFlags":	"",
						"appLinkerFlags":	""
					},
					"addedLibs":	["xilffs:5.0", "xilrsa:1.6"],
					"libOptions":	{
						"libsContainingOptions":	[]
					},
					"prebuiltLibs":	{
						"prebuiltIncPath":	[],
						"prebuiltLibPath":	[]
					},
					"isolation":	{
					}
				}, {
					"domainName":	"standalone_domain",
					"domainDispName":	"standalone on ps7_cortexa9_0",
					"domainDesc":	"standalone_domain",
					"processors":	"ps7_cortexa9_0",
					"os":	"standalone",
					"sdxOs":	"standalone",
					"qemuArgs":	"<platformDir>/resources/axi_gpio_platform_T1/standalone_domain/qemu_args.txt",
					"qemuData":	"<platformDir>/resources/axi_gpio_platform_T1/standalone_domain/qemu",
					"debugEnable":	"False",
					"domRuntimes":	["cpp"],
					"swRepo":	"",
					"mssOsVer":	"8.1",
					"mssFile":	"",
					"md5Digest":	"a82e1019665bce3dce07707172bb4370",
					"compatibleApp":	"",
					"domType":	"mssDomain",
					"appSettings":	{
						"appCompilerFlags":	"",
						"appLinkerFlags":	""
					},
					"addedLibs":	[],
					"libOptions":	{
						"libsContainingOptions":	[]
					},
					"prebuiltLibs":	{
						"prebuiltIncPath":	[],
						"prebuiltLibPath":	[]
					},
					"isolation":	{
					}
				}]
		}]
}
KEYINFO::2026-09-14.21:57:04::SCWPlatform::updated the xpfm file.
TRACE::2026-09-14.21:57:04::SCWPlatform::Trying to open the hw design at C:/ECE520/Vivado/Lab2/axi_gpio_ab/axi_gpio_vitis_T1/axi_gpio_platform_T1/hw/axi_gpio_ab_wrapper_T1.xsa
TRACE::2026-09-14.21:57:04::SCWPlatform::DSA given C:/ECE520/Vivado/Lab2/axi_gpio_ab/axi_gpio_vitis_T1/axi_gpio_platform_T1/hw/axi_gpio_ab_wrapper_T1.xsa
TRACE::2026-09-14.21:57:04::SCWPlatform::DSA absoulate path C:/ECE520/Vivado/Lab2/axi_gpio_ab/axi_gpio_vitis_T1/axi_gpio_platform_T1/hw/axi_gpio_ab_wrapper_T1.xsa
TRACE::2026-09-14.21:57:04::SCWPlatform::DSA directory C:/ECE520/Vivado/Lab2/axi_gpio_ab/axi_gpio_vitis_T1/axi_gpio_platform_T1/hw
TRACE::2026-09-14.21:57:04::SCWPlatform:: Platform Path C:/ECE520/Vivado/Lab2/axi_gpio_ab/axi_gpio_vitis_T1/axi_gpio_platform_T1/hw/axi_gpio_ab_wrapper_T1.xsa
TRACE::2026-09-14.21:57:04::SCWPlatform:: Unique name xilinx:zybo-z7-10::0.0
TRACE::2026-09-14.21:57:04::SCWPlatform::Trying to set the existing hwdb with name axi_gpio_ab_wrapper
TRACE::2026-09-14.21:57:04::SCWPlatform::Opened existing hwdb axi_gpio_ab_wrapper
TRACE::2026-09-14.21:57:04::SCWPlatform::Found the Hw Db part of the input DSA
TRACE::2026-09-14.21:57:04::SCWMssOS::Checking the sw design at  C:/ECE520/Vivado/Lab2/axi_gpio_ab/axi_gpio_vitis_T1/axi_gpio_platform_T1/ps7_cortexa9_0/standalone_domain/bsp/system.mss
TRACE::2026-09-14.21:57:04::SCWMssOS::DEBUG:  swdes dump  C:/ECE520/Vivado/Lab2/axi_gpio_ab/axi_gpio_vitis_T1/axi_gpio_platform_T1/ps7_cortexa9_0/standalone_domain/bsp/system.mss|system_0||
C:/ECE520/Vivado/Lab2/axi_gpio_ab/axi_gpio_vitis_T1/axi_gpio_platform_T1/zynq_fsbl/zynq_fsbl_bsp/system.mss|system||

TRACE::2026-09-14.21:57:04::SCWMssOS::Sw design exists and opened at  C:/ECE520/Vivado/Lab2/axi_gpio_ab/axi_gpio_vitis_T1/axi_gpio_platform_T1/ps7_cortexa9_0/standalone_domain/bsp/system.mss
